model,genre,midiset,audioset,piece_id,melody_kor_corr_64,bass_kor_corr_64,ratio_kor_corr_64,melody_ioi_corr,acc_ioi_corr,cloud_diameter_corr,cloud_momentum_corr,tensile_strain_corr,dyn_corr
OaF,Blues,genre,disklavier,Blues_01,0.3212528278011631,0.1845178589934731,0.2994313209403161,0.2032153923081673,0.3032930891770963,0.6750990503494211,-0.0475885503246811,0.1663338262865084,0.2372374922183263
OaF,Blues,genre,disklavier,Blues_02,0.2273088830152678,0.2932798649934122,0.0317069644819095,0.1887283272426652,0.2930194962860861,0.8680083439520908,-0.5222329891494728,-0.1284510516841232,0.2904480633688593
OaF,Blues,genre,disklavier,Blues_03,0.1996026095411936,0.2517650372043503,0.1779667826387103,0.6008582139881592,0.5204587459580982,0.8046780713656245,0.1058137631502738,0.6316131119458943,0.2811548570957016
OaF,Blues,genre,disklavier,Blues_04,0.2948665931433352,0.2689681499299347,0.2698963952572232,0.3630306484758668,0.2528083606693601,0.7196159478312281,0.273710556113836,0.469757897600093,-0.0053180135599899
OaF,Blues,genre,disklavier,Blues_05,0.4194533778216243,0.4788219865746216,0.5256364834958553,0.5279498552024446,0.57476600566173,0.8791473247332728,0.6642259833516492,0.8626153613608166,0.5937846755172305
OaF,Blues,genre,disklavier,Blues_06,0.1914317224477315,0.2304181548006678,0.1054244671132034,0.4196936294421472,0.3044532363975236,0.6810697796983914,0.1495929936769368,0.4392225694191122,0.1760945930788731
OaF,Blues,genre,disklavier,Blues_07,0.2949620586887636,0.0899512461143336,0.016507701203892,0.128717212194956,-0.1067259613954793,0.880205279717621,0.4213379078320393,0.6404272052069393,-0.1664229131975179
OaF,Blues,genre,disklavier,Blues_08,0.6570792965658423,0.0717606579346524,0.7430538108075642,0.4999518420505323,0.6250429546543519,0.672903415267591,0.2943064480429548,0.4095407371013387,0.194182274066168
OaF,Blues,genre,disklavier,Blues_09,0.3992533019105365,0.6103870964278918,0.2765164602652503,0.4808116073666811,0.6953041574462054,0.9034684745735406,0.8911816465536689,0.9403874235889006,0.1491880163713804
OaF,Blues,genre,disklavier,Blues_10,0.1681461617764942,0.2680333408735732,0.035049001562372,0.3795763676846269,0.3301287322564741,0.6072810649627864,0.1337092775738796,0.2319896906371119,0.4182859731462526
OaF,Classical,genre,disklavier,Classical_01,0.2576716963660164,0.3545990036846885,0.3556635952650369,0.6964032963269187,0.4083930702394063,0.7314594935367049,0.0998782220362222,0.2231723063383548,0.0043303410000473
OaF,Classical,genre,disklavier,Classical_02,0.1930439154214871,0.1559616593335013,0.3123556754725011,0.4420216931693646,0.6355384129491499,0.8373418184244987,0.2297314244483572,0.6380144107879524,0.4102095363854164
OaF,Classical,genre,disklavier,Classical_03,0.6278099013396227,0.7337077037525855,0.1710932507690897,0.3728635935135582,0.5443277693601603,0.7422604782175132,0.3249402493210987,0.4385545273186043,0.1319347563751678
OaF,Classical,genre,disklavier,Classical_04,0.0015395579778304,0.1482838076234199,-0.0428426406386971,0.3370426815852831,0.332769621455743,0.9936083814130336,0.6228682121968161,0.8046184006991222,0.1114579519315743
OaF,Classical,genre,disklavier,Classical_05,0.3072442659508479,0.3940729812462071,0.1842212597917681,0.6265046675946175,0.3348072444544717,0.5340467904345166,0.3632933253936071,0.5017718369937815,0.8496179690463265
OaF,Classical,genre,disklavier,Classical_06,0.4490756238578774,0.4645193079295801,0.29395918551348,0.6141319775936505,0.6130541913977767,0.5638373279619773,0.1267260160643707,0.4946244318849163,0.2408134787685487
OaF,Classical,genre,disklavier,Classical_07,0.3434045081568967,-0.0613861855409257,0.3529449465214612,0.115996726721779,0.5023874954539971,0.8352391644029084,0.3542312594034957,0.7664587542299566,0.9721984554343912
OaF,Classical,genre,disklavier,Classical_08,0.0639721677807953,0.1192741227059515,0.1261808063141721,0.4030869226763055,0.3343182662409798,0.909569796012698,0.3408555459899811,0.8088018498989669,0.1258984511827041
OaF,Classical,genre,disklavier,Classical_09,0.0778470725566004,0.2562710485596346,0.1375072767899606,0.4372481586639007,0.0093551995534995,0.806161602475064,0.1146291357430296,0.3640114354083096,0.4076674398489519
OaF,Classical,genre,disklavier,Classical_10,0.3457334456882597,0.2788762374326187,0.5373088630090875,0.2659081362487808,-0.0536033721676042,0.8244989472175476,0.2877580692664192,0.653707819312041,0.2969900616026013
OaF,Country,genre,disklavier,Country_01,0.0121451210654847,0.0836253638210503,0.0820121379452637,0.6863152770677267,0.752448847114791,0.698243606376005,0.2734324786750113,0.5436730855008671,0.3833488479939256
OaF,Country,genre,disklavier,Country_02,0.2865231275317659,0.0617314426712743,0.2096841448613648,0.4442011839458039,0.817591763540693,0.7699819407269488,0.2140973122852785,0.2404064703903044,0.0625013524272662
OaF,Country,genre,disklavier,Country_03,0.1615987008911952,0.0679729043866149,0.2574474596967787,0.6927372934233054,0.833144821264106,0.7027275270555284,0.193770606802403,0.5670197511204133,0.4050693081660919
OaF,Country,genre,disklavier,Country_04,0.0187463661372236,0.0379064953963365,0.0583764153369319,0.2599857357389913,0.4826047191975258,0.7942643860070298,0.2118516115778595,0.3048828114608423,-0.0038082065217035
OaF,Country,genre,disklavier,Country_05,0.2514392303516678,0.3151651302589094,0.543359111457741,0.4241565057722167,0.3933979118482713,0.9072711945358916,0.2648929190840144,0.4840738107321917,0.5200199667434222
OaF,Country,genre,disklavier,Country_06,0.3678701603411833,0.7576914549624333,0.321393818144441,0.7559463315708846,0.676927416396532,0.986268362315326,0.8923346126334522,0.9760412367230814,0.6434505004494226
OaF,Country,genre,disklavier,Country_07,0.0443219402853962,0.1193747508151455,0.0789551942482735,0.3098955912975564,0.5850469613598946,0.8903944090095135,0.3292844520785178,0.4200302574440641,0.157940510971837
OaF,Country,genre,disklavier,Country_08,0.1396181995958529,0.0386400479016387,0.1227998135301658,0.3800332576391873,0.136074962570549,0.8151784727532372,0.3713730396700772,0.689098473084296,0.0127795722661447
OaF,Country,genre,disklavier,Country_09,0.3593541815966907,0.0571438192390823,0.2923564112486614,0.1417027875347633,0.4106127331957012,0.8540396112433519,-0.6357276355254928,-0.5910178055040071,-0.0553747128940583
OaF,Country,genre,disklavier,Country_10,0.276792266298058,0.5314247954199236,0.3005885970481282,0.5822034957246939,0.6208997796983371,0.7879456010505324,0.3334372784239777,0.0718705573658647,0.660956437915134
OaF,Folk,genre,disklavier,Folk_01,0.2509416413978487,0.0452296078022127,0.6564721105430726,0.4312964069554041,0.5469969045664489,0.8943035183398282,0.2636901601111087,0.4980498786572513,0.6307805770078136
OaF,Folk,genre,disklavier,Folk_02,0.2098256281543218,0.2210054014659918,0.2889636542767379,0.6634401310732173,0.6958978601324654,0.8783145821146894,0.2777504676266601,0.814173299438726,0.4731214363469305
OaF,Folk,genre,disklavier,Folk_03,0.4572557922091648,0.098753251903407,0.2382782257184957,0.5196372613588047,0.3904063921224548,0.7694373700851436,0.123188246144056,0.716793424676053,0.2180523676081433
OaF,Folk,genre,disklavier,Folk_04,0.211603981508849,-0.0194471497381312,0.1438123245737477,0.5273706086126975,0.2379033454945305,0.9470684878290012,0.6586050051559449,0.6958375443192201,0.353102441212062
OaF,Folk,genre,disklavier,Folk_05,0.0390597242133288,0.2179317546990622,0.1116761782714926,0.5720431684106733,0.6497682657031925,0.8222245014757674,0.3646836694230091,0.4572409048177241,0.4152126296797221
OaF,Folk,genre,disklavier,Folk_06,-0.02087263081574,0.2081758733187007,0.1047794738075516,0.2770428462344086,0.3128335900370508,0.8314887784724405,0.3123815541480937,0.5746631616786204,0.3039319571553744
OaF,Folk,genre,disklavier,Folk_07,0.3713855200028299,0.4153241919901247,0.4840097959767175,0.3811384483596371,0.4463696137701915,0.8060767674785952,0.291506235725537,0.4106717931836085,0.3978756769808043
OaF,Folk,genre,disklavier,Folk_08,0.2372415097819366,0.0219336863266363,0.1623151155209555,0.3173060703237286,0.4673280543182773,0.5526864784862384,0.0852556064785024,0.4570942216770776,0.0333200011415185
OaF,Folk,genre,disklavier,Folk_09,0.4141702125720871,0.0647795218294197,0.3177335174566911,0.4502306204421145,0.177053299925707,0.7905260388169923,0.1118290608899519,0.8504444229396714,0.0102637012728319
OaF,Folk,genre,disklavier,Folk_10,0.0116912766094691,0.0780091408520995,-0.0053405755398025,0.1532196668373961,0.4757102347918002,0.7325788027523342,0.2081024287833085,0.2377418520214667,0.2004973149651412
OaF,Jazz,genre,disklavier,Jazz_01,0.3590344331553137,0.201487952887691,-0.3539792366763092,0.4183316689872985,0.3569467475288034,0.7266244938119721,0.07755946679305,0.4015699531215954,0.6289085683192159
OaF,Jazz,genre,disklavier,Jazz_02,0.1057692178733391,0.023614978377156,0.1274648795425237,0.5446123622173928,0.3953292622612178,0.8372999342746181,0.733467968259012,0.7997943152512874,0.4191633725180418
OaF,Jazz,genre,disklavier,Jazz_03,0.1978069239304769,0.3018946734439544,0.008198847747206,0.5505727184671732,0.3754721412876708,0.3892149141262063,0.3589630501640519,0.3961178782129013,-0.1106524933881435
OaF,Jazz,genre,disklavier,Jazz_04,0.2236305910516335,0.2282546030950728,0.2925680753802244,0.587136503616047,0.3695938875467543,0.7622983299604639,0.1856293336004408,0.7123254652113093,0.3033860745440369
OaF,Jazz,genre,disklavier,Jazz_05,0.240717194545145,0.1475974985798582,0.0862923508013566,0.6707993183318559,0.4807089084604091,0.8287798746867029,0.0506484570959608,0.0104746056242572,0.361629034563393
OaF,Jazz,genre,disklavier,Jazz_06,0.078259828298893,0.2289353977287786,0.0683761323781027,0.3748306603533305,0.363593171101209,0.724208044565829,0.2395496116152342,0.8199140576246969,0.2314842149147425
OaF,Jazz,genre,disklavier,Jazz_07,0.1300571035257065,0.1591326544648508,0.0761173727518209,0.4053420300893625,0.4060786977378748,0.6240932061548911,0.1627996762147663,0.4071745438174172,0.1050652918750389
OaF,Jazz,genre,disklavier,Jazz_08,0.1608743165292182,0.0503029952291354,0.1952018617059195,0.4562878383638064,0.4157194718966649,0.7916150440981747,-0.1028210973551186,0.0782218340099952,0.3454558939980798
OaF,Jazz,genre,disklavier,Jazz_09,0.2787275226956055,0.4090820387679533,0.2361937954143912,0.2834888529302005,0.4728662857524454,0.704868805875025,0.2317749210195263,0.5332377269343589,0.0810457979704377
OaF,Jazz,genre,disklavier,Jazz_10,0.5131259254992723,0.1048569747673084,0.6413326812042802,0.3304499401131444,0.2776882052364242,0.8171965888302766,-0.7397451031143137,0.6000520312334797,0.5045560099796298
OaF,Latin,genre,disklavier,Latin_01,0.3712757479737828,0.3594425527249553,0.3901560510260343,0.550882636121504,0.4126098706548153,0.6065173847730342,0.1641820196194085,0.5662723923591063,0.5755876455007958
OaF,Latin,genre,disklavier,Latin_02,0.1161098740337529,0.0832722677633468,0.1210520437485657,0.4134462852501495,0.4883256611735531,0.6013600894411744,0.210950624799324,0.2916271522245212,0.4172098828811234
OaF,Latin,genre,disklavier,Latin_03,0.1462517793874448,0.5204096189587722,0.0862448325335034,0.3267939163475343,0.547574712354718,0.8969221762218595,0.8331747777570299,0.988939081235244,0.204652709810498
OaF,Latin,genre,disklavier,Latin_04,0.069981630676571,0.04783162013217,0.0175983398994481,0.4631926524161372,0.3776494474262695,0.7104101519347364,0.2948968775379892,0.6185718500051923,0.0457645581522868
OaF,Latin,genre,disklavier,Latin_05,0.148022564223805,0.0001268700862571,0.382591887280241,0.5803527484816938,0.3090554366183057,0.988103488110726,0.9086240825030494,0.5516253937175841,0.7253155277118527
OaF,Latin,genre,disklavier,Latin_06,0.4094624265237885,0.2279674496246563,0.3646367014010737,0.681326773296649,0.7599455538343771,0.6954611413194917,0.4004781823393732,0.4505147688595591,-0.1257244899678745
OaF,Latin,genre,disklavier,Latin_07,0.2367287814036572,0.1917625656253241,0.2944494561281143,0.1360571108636598,0.0007388595521478,0.6585888613268478,0.1703805811555119,0.3782148638502092,0.2821670831529025
OaF,Latin,genre,disklavier,Latin_08,0.421955784969262,0.391945538239559,0.4120149836062857,0.5569739607922958,0.6034242353286564,0.6294601847303019,0.2860875781129885,-0.0589456153383129,0.1878864986335919
OaF,Latin,genre,disklavier,Latin_09,0.1440397934819763,0.4690862617664528,0.3136373902930272,0.5505063214120667,0.3775059913701687,0.8012149707584888,0.2638893584358888,0.7414100806727625,0.7810102410918902
OaF,Latin,genre,disklavier,Latin_10,-0.2409825843298861,-0.1928136298857106,-0.0103765504087691,0.286544129058314,0.3938079021285486,0.8295149147395015,0.3834569776690462,0.6912711121077996,0.290266432833321
OaF,Pop,genre,disklavier,Pop_01,0.4145670272030066,0.5701043384095159,0.49222998878772,0.2631385620667549,0.4149271514514731,0.7135238773361494,0.905358755422584,0.9562816339625346,0.6765187388571531
OaF,Pop,genre,disklavier,Pop_02,0.2760623508839386,0.0056268498119962,0.1248726394932188,0.5157526838520667,0.5175318120858362,0.9099033704534624,0.4279960927605976,0.841543517714413,0.1180606534748203
OaF,Pop,genre,disklavier,Pop_03,0.3010600757864783,0.0245988289810852,0.2322591431612567,0.4780031188288215,0.3961558575397662,0.7621000991640415,0.1299107454548989,0.2361443836559249,0.1383798725577657
OaF,Pop,genre,disklavier,Pop_04,0.2739572970692064,0.0083002808040398,0.4186515158474491,0.343183844537862,0.1826752566665324,0.678555763176357,0.124345185963872,0.0438484257474359,0.4133075612066741
OaF,Pop,genre,disklavier,Pop_05,0.0790795564087788,0.1354074052649679,0.1124745585886586,0.6696097856359928,0.6493248080368417,0.8312887507375594,0.2909845216597203,0.4246242149042333,0.1355776885615935
OaF,Pop,genre,disklavier,Pop_06,0.2603597681885639,0.6594382191325261,0.2001431082894446,0.759952663739104,0.8346647380722504,0.8165429069790039,0.1487012014750149,0.5657547608859596,0.473192019700473
OaF,Pop,genre,disklavier,Pop_07,0.9042506623201084,0.1389243851128746,0.7658017891558149,0.847925037057526,0.73456233623341,0.6025976020478062,0.1792462378047778,0.2226449614434363,0.8839718057435734
OaF,Pop,genre,disklavier,Pop_08,0.7215753907186747,0.1693311104350602,0.6875778308509051,0.5078244059026292,0.7286490709113136,0.9395274625744952,0.9347037045310108,0.9880240676772492,0.6231457621671844
OaF,Pop,genre,disklavier,Pop_09,0.1341955388761669,0.1067732345921197,0.2281552514053861,0.6785839769373045,0.5787912525705367,0.8777572910870103,0.3407112589655081,0.7690568432927369,0.4524707335495888
OaF,Pop,genre,disklavier,Pop_10,0.59472727062572,0.1875332713358621,0.2998484480789329,0.3639598033562756,0.2647597871594237,0.3124933522041525,0.3349105467000395,-0.371755019666507,0.1649140117574251
OaF,Rock,genre,disklavier,Rock_01,0.129295480574853,0.0309103437859067,0.1240712162910066,0.4101668729014998,0.7137249316208218,0.6884702978901723,0.2530145335339812,0.7944309411595417,-0.0876788324765199
OaF,Rock,genre,disklavier,Rock_02,0.3424219600138573,0.2255931890165829,0.4142933073608136,0.2531413774508789,0.4449141743681994,0.681444553659626,0.2445365890133517,0.3410849754916342,-0.1249980923447926
OaF,Rock,genre,disklavier,Rock_03,0.8490600415017716,0.0032294843119997,0.7169997365130814,0.8905001669424525,0.8662142864541686,0.9291260596837508,0.8472379000704634,0.9331410506114418,0.2232873915789409
OaF,Rock,genre,disklavier,Rock_04,0.0762530451712757,-0.017933029685621,0.0860850178978247,0.3682162960967903,0.4203948760342307,0.8063540754014873,0.2241141639523457,0.3774082088700596,0.0490660082392894
OaF,Rock,genre,disklavier,Rock_05,0.02481011905024,0.0206611826111994,0.0251193332336785,0.106926372539763,0.4903753021057497,0.8141543029757412,0.7404860852965224,0.4721263356959791,0.0904327744274609
OaF,Rock,genre,disklavier,Rock_06,0.1443597531111519,0.748538553819354,0.0905168920832073,0.514530671257407,0.8774057499175284,0.91678974305641,0.3186385748304186,0.6499349504011454,0.0235953529025797
OaF,Rock,genre,disklavier,Rock_07,0.1750517984871487,0.1619383530616745,0.093546263619715,0.5217027110441116,0.9097235640585132,0.986170527236678,0.949895882142628,0.9929984597652568,0.4245591589127882
OaF,Rock,genre,disklavier,Rock_08,0.3005366460164502,0.0790206078914914,0.4083928138650571,0.5556527545221108,0.5452428706641149,0.5415660439757652,0.079331806937248,0.1457181501279289,0.6011681528418575
OaF,Rock,genre,disklavier,Rock_09,0.0525045702729465,0.0288534354789869,-0.0773301690452563,0.3543337515158866,0.0553837901250008,0.8484646859934123,0.3032351621123958,0.4834323418120013,0.4057954232166298
OaF,Rock,genre,disklavier,Rock_10,0.3656928382313708,0.4628270597408863,0.3634897451342393,0.5545378140519711,0.7075578145286356,0.6433091297151254,0.2999719530772666,0.2506599197266175,0.2929071005582903
OaF,Soul,genre,disklavier,Soul_01,0.0426512007090282,0.6304393495707202,0.059415737453998,0.9579394000215922,0.801776039930664,0.8949729016861667,0.2150069258693123,0.4209637904530895,0.157180037698249
OaF,Soul,genre,disklavier,Soul_02,0.2498069760582226,0.390790261583362,0.0591713092415709,0.4875273835432159,0.206949389381116,0.5290227150008957,0.1306842821631864,0.3107984191226273,0.1314124922424755
OaF,Soul,genre,disklavier,Soul_03,0.164164185698362,0.0294430389559823,0.1417402056990795,0.1894192248090869,0.3621154057796642,0.3185286015200014,0.2010128014774252,-0.4187399065075355,0.9010739740638498
OaF,Soul,genre,disklavier,Soul_04,0.1813037761788531,0.0698258606262073,0.0569525081370103,0.3342910009099289,0.4337638012658459,0.4206077009765483,0.0983946019462451,0.207815901782219,0.1620334987099269
OaF,Soul,genre,disklavier,Soul_05,0.2755035131518665,0.0726506529053715,0.3921414935278837,0.4838370356240974,0.6252609774187373,0.4220428855461293,0.2519004540690027,0.3586166158771468,0.7337586671692087
OaF,Soul,genre,disklavier,Soul_06,0.5178720873998673,0.0469028343099391,0.7390644405542481,0.4465717960977799,0.2606413134175264,0.8607695067221027,0.288317909622499,0.933031119737314,0.7036978050676016
OaF,Soul,genre,disklavier,Soul_07,0.137282321006407,0.3125606014302537,0.0794882976221423,0.3511456404087877,0.1081315884448708,0.99866552946696,0.943051665593405,0.9885885370083296,0.3584650676193154
OaF,Soul,genre,disklavier,Soul_08,0.0528638314730844,0.2457156481921551,0.3081149681659234,0.382347573611708,0.4608517717803342,0.8106977887615968,-0.288200895453418,-0.042695753114171,0.6840601727515683
OaF,Soul,genre,disklavier,Soul_09,0.2116010999961144,0.3182164108129562,0.1692402576729324,0.223972281714165,0.2741491986634027,0.8070126816533153,0.0288777918341979,0.4366248839116174,-0.1464043751002396
OaF,Soul,genre,disklavier,Soul_10,0.1323417163888033,-0.0068271362629408,0.3029717422328332,0.4852689943579588,0.5772997760828692,0.558111398672813,0.2581024832919824,0.2561897593791792,0.0974379286961975
OaF,World,genre,disklavier,World_01,0.4280312627681339,0.0207858348581086,0.155292850365611,0.6464487176950174,0.5970060324909441,0.2268030437678466,0.069843222531738,0.1787227755709509,0.1926495956203127
OaF,World,genre,disklavier,World_02,0.0885643817665014,0.1818789432233527,0.1463248290710207,0.1651461613702514,0.2516726308236128,0.6911762982417096,0.1920958645850314,0.872365078881956,0.0469951057399852
OaF,World,genre,disklavier,World_03,0.5762867632998215,0.3654772967319362,0.3880254719920511,0.6899168817963527,0.5914021996940019,0.6224238983516776,0.3455515838660953,0.5742898832769254,0.4911679437711336
OaF,World,genre,disklavier,World_04,0.1336175732900926,0.077909909854214,0.2611749636815421,0.3934395563836707,0.4131878881392844,0.5707557934982407,0.3177950928529807,0.658685633591775,0.7851463922425185
OaF,World,genre,disklavier,World_05,0.0281672724231676,0.2686407110308495,0.0697975349879154,0.0886039743460074,0.2062345850409931,0.6022142407612289,0.1093247531069134,0.3874504520283856,0.5593719446235742
OaF,World,genre,disklavier,World_06,0.678804118931782,0.8655073863138482,0.7232366098406012,0.5483671976908914,0.4398620552580272,0.8612150017610976,0.4191525703230298,0.6051299612760384,0.7681674768190193
OaF,World,genre,disklavier,World_07,0.0574659797920233,-0.0023045372993504,0.1072096290557439,0.585032362646562,0.5820910677155098,0.7477110094373947,0.4194277410831139,0.5015722295026593,0.1033773396320145
OaF,World,genre,disklavier,World_08,0.1100963023857905,-0.035068911265899,0.0811338520284694,0.3285510443359727,0.3936551674521816,0.2599954094437214,0.1796937407957858,0.4505710383253792,0.0663013186682669
OaF,World,genre,disklavier,World_09,-0.0023002665618411,0.040723768988664,0.273815436581572,0.1627548065187239,0.3860648528637533,0.8966682462623985,0.4034776843252156,0.5295143852912063,0.4457289894911145
OaF,World,genre,disklavier,World_10,0.3242015976341885,0.8665690917018026,0.4489347674822383,0.4547522369732812,0.519822093854904,0.8552354329426288,0.3875416792156863,0.4797675138045152,0.5133922112040247
Kong,Blues,genre,disklavier,Blues_01,0.4015366180391999,0.5053905202394039,0.4498639800998019,0.1506244031646383,-0.0005001099145201,0.590553341807151,0.1455357205673969,0.2142054114340235,0.2150062075452613
Kong,Blues,genre,disklavier,Blues_02,0.6041008917274868,0.3801580023602633,0.3623933701011508,0.1652377411255674,0.4311369161638255,0.8989632719112898,-0.5068104610297476,-0.1259634607947721,0.7167142897653583
Kong,Blues,genre,disklavier,Blues_03,0.3593841298354627,0.5501636148398353,0.389055630536501,0.1022692698421359,0.1963315868050796,0.5857705980706258,0.1268408603757997,0.3620827847143283,-0.0805113974024932
Kong,Blues,genre,disklavier,Blues_04,0.4333516581559638,0.3906841098128145,0.5307933496937041,0.344941493822336,0.1976036894729946,0.6842577256152639,0.2768570930897161,0.4824689253834632,0.4048536136106712
Kong,Blues,genre,disklavier,Blues_05,0.5436058293906014,0.6990897450772018,0.6015253824484044,0.2731223503568178,0.2891646880671322,0.9323353778215728,0.9176992095071412,0.9846092523733854,0.5674330812065909
Kong,Blues,genre,disklavier,Blues_06,0.5253305389114323,0.5437345903550339,0.5398229809421227,0.2842305163203444,0.2739552099284205,0.3160223859264682,0.1322543913426996,0.5190431321059683,0.3407222900933497
Kong,Blues,genre,disklavier,Blues_07,0.9146600657777813,0.5776872719074981,0.0579878103225241,0.1000005537518478,-0.1450985661409556,0.6396611022980524,0.2084154354347606,0.3846172333464515,-0.0582412432245062
Kong,Blues,genre,disklavier,Blues_08,0.4809961259421902,0.6819599060794969,0.5323896631754749,0.2600586708312021,0.3812052718852645,0.5081934079184997,0.1716172667092816,0.3659992755767604,0.4350425164997232
Kong,Blues,genre,disklavier,Blues_09,0.8573684584986347,0.8258129504341538,0.7245472737337113,0.5605407063799654,0.4067607087498517,0.6155124716803636,0.1562751834423799,0.3194397985106841,0.1119509659335908
Kong,Blues,genre,disklavier,Blues_10,0.1727128736582825,0.1443549699541524,0.1172147560635279,0.3352891774244712,0.1701159367694824,0.609614780053714,0.1457644287052058,0.2551954912873246,0.2479704443287436
Kong,Classical,genre,disklavier,Classical_01,0.4397032478498974,0.3681224564992853,0.52739229844005,0.3256882623816474,0.3125896483836888,0.7572330307145303,0.1120667538887775,0.212635828950551,0.113241184706562
Kong,Classical,genre,disklavier,Classical_02,0.1473469017429662,0.2566757476268375,0.3014870495648052,0.2295124576172517,-0.0658269476849034,0.8182278547566854,0.2591535117520896,0.6015668412373409,0.3381281193915572
Kong,Classical,genre,disklavier,Classical_03,0.8677299649149912,0.9521789541704436,0.4172730031644497,0.2540787420533638,0.175317070364651,0.7422755842683821,0.3424665617735868,0.443809594360058,0.1478404263730773
Kong,Classical,genre,disklavier,Classical_04,0.2879514375648141,0.7305649721562311,0.3045669104105131,0.2127072636010444,0.4552718916004408,0.7290151667560838,0.1378365924977385,0.3353560476660444,0.4983712965210558
Kong,Classical,genre,disklavier,Classical_05,0.4789421395656653,0.3620829673305268,0.476578381893818,0.4884068931800296,0.4263164631393549,0.5955613317288766,0.3134275023168812,0.8402285695560501,0.8565470304557629
Kong,Classical,genre,disklavier,Classical_06,0.3852713461551721,0.1362804835276449,0.1985597206030979,0.1837635669742191,0.2785308779749952,0.5472699753852854,0.1132505882873356,0.4754889939365704,0.0585703359954258
Kong,Classical,genre,disklavier,Classical_07,0.4834087314053973,0.1738334742226589,0.3712350644190116,0.0987546184847341,0.7155355341370607,0.6491315332188274,0.1596529284745211,0.464521983736607,0.9532427803365608
Kong,Classical,genre,disklavier,Classical_08,0.1400345270714049,0.282642785470885,0.1243983511150157,0.4405655061792085,-0.0915495155642027,0.9582965648804056,0.6436938282328615,0.99295225301772,0.2378490511906811
Kong,Classical,genre,disklavier,Classical_09,0.2602135865670345,0.3135682930866624,0.3238531188948205,0.3415346889381495,-0.0825467731427764,0.8156610343879618,0.1254008625117497,0.3880998523135805,0.3052184506156772
Kong,Classical,genre,disklavier,Classical_10,0.5482640633833444,0.2376075203747226,0.5892372164546006,0.3396958120531547,-0.1067677370924219,0.8350801366452215,0.3492900197692482,0.6591661477662798,0.3969356550589598
Kong,Country,genre,disklavier,Country_01,0.3193932284325113,0.3173403042566793,0.4840497146344073,0.653702519868056,0.3006512464155031,0.8559862227297133,0.3000908720192465,0.6842242162990145,0.5855706978576576
Kong,Country,genre,disklavier,Country_02,0.5608245610849603,0.3947023733021174,0.4316987101390375,0.3297715723445129,0.6901982711860262,0.7677382002978972,0.2293654646339088,0.2552064693012066,0.131387705179103
Kong,Country,genre,disklavier,Country_03,0.2664935295653827,0.2166629971510002,0.2497493083075382,0.5278363988496474,0.463871701841975,0.7367976970509581,0.2159399406996263,0.5696743992816419,0.2372341740776725
Kong,Country,genre,disklavier,Country_04,0.1529269434949977,0.2700340268259231,0.191539374382943,0.2682235837290627,0.1857485926718584,0.8030549215385511,0.2606043892348925,0.3394352994703867,0.0536506185589806
Kong,Country,genre,disklavier,Country_05,0.6414471161192167,0.1847704636462089,-0.3385973013498292,0.0915069003301041,0.1890780981921972,0.6143188691366822,0.1089045684094986,0.1822206252287427,0.0440650902723391
Kong,Country,genre,disklavier,Country_06,0.1666602913933374,0.4126483103405048,0.411303138283334,0.4713700717692936,0.5125271240863304,0.4739102597433424,0.084348147704651,0.3136626003118241,0.462363223081853
Kong,Country,genre,disklavier,Country_07,0.1193871928541272,0.1221456290358589,-0.0143321386649978,0.1892308422615429,0.5004708243968475,0.8908601364161278,0.3315535569001828,0.4054906451676747,0.333659939501525
Kong,Country,genre,disklavier,Country_08,0.2043209696936464,0.4147951300433911,0.0854072524096237,-0.0554361313794996,0.0729386585492153,0.79980054518255,0.3409895287205725,0.6633766931612374,0.7015417258610447
Kong,Country,genre,disklavier,Country_09,0.7611622392558689,0.4968243914956712,0.8008722941655971,-0.1288427436730589,0.2877263626081663,0.8389523291658645,-0.6143544389571028,-0.5772112700376686,-0.0163586262402568
Kong,Country,genre,disklavier,Country_10,0.5791642108080725,0.8663494100664159,0.6220929523282968,0.4209489536607072,0.2611297881580895,0.4719903826203562,0.1225596149556343,0.1822788110534972,0.6800621382804557
Kong,Folk,genre,disklavier,Folk_01,0.4723550372529721,0.1967341294320301,0.5798166554824535,0.3722431773537009,0.2419551630232379,0.6171773396950186,0.1171040650222433,0.1752473245139312,0.3715641212535057
Kong,Folk,genre,disklavier,Folk_02,0.5256025419147996,0.5394249933298423,0.570666790496222,0.193963165696228,0.0468906770329033,0.4983647175130778,0.2038392207626509,0.7620653344946893,0.5916122596357247
Kong,Folk,genre,disklavier,Folk_03,0.5424788208846221,0.2456783889734497,0.3937728301201874,0.4609170254759459,0.3383121943955643,0.7814578665447461,0.1521042551410039,0.7176829973502986,0.2872875001660665
Kong,Folk,genre,disklavier,Folk_04,0.0918167701781458,0.270677815205731,0.0794268823224291,-0.0743104988422662,-0.0916821918207616,0.6118361239293904,0.1534060834631008,0.2563597261966104,0.1356538266730129
Kong,Folk,genre,disklavier,Folk_05,0.6244307772505097,0.7473105287699163,0.6971083313855959,0.6268523618158175,0.4088732099673328,0.8801521523548376,0.3736080686483096,0.4680920520098341,0.5277571067729537
Kong,Folk,genre,disklavier,Folk_06,-0.0052988282184732,0.1582012218673602,0.1017902790074546,0.3105074961828053,0.3560887890269201,0.8128940802991894,0.3446568092307145,0.6028127478580099,0.3786192137680813
Kong,Folk,genre,disklavier,Folk_07,0.306056998292929,0.4773747533144369,0.4100157878542573,0.1806489465516912,0.2218880929080624,0.8060767674785952,0.2967696650703724,0.4120772690562812,0.2104706428135022
Kong,Folk,genre,disklavier,Folk_08,0.4080046706946368,0.1001620470803607,0.3096332490733944,0.205985218718707,0.1784955048988725,0.3808324257631807,0.1067660476698092,0.382828596867328,0.2460639520537716
Kong,Folk,genre,disklavier,Folk_09,0.4483437871654255,0.0592428271537725,0.0551698769584694,0.5749210796240588,0.1294590146296564,0.703673936084802,0.1940212546377605,0.4860085697678197,0.4028585429927424
Kong,Folk,genre,disklavier,Folk_10,-0.0103055036503931,0.3763109441822123,0.0754626974890562,0.0480293736230791,-0.1099691655136134,0.6342730893573919,0.1260536937737056,0.159424095524328,-0.007351063629121
Kong,Jazz,genre,disklavier,Jazz_01,0.6450481632366714,0.4193780916810828,0.8468236588884027,0.4209111868934362,0.391613203275798,0.7850565272614994,0.1887059721717192,0.4968388723066,0.7515485534981915
Kong,Jazz,genre,disklavier,Jazz_02,0.48050797883602,0.2206885379575619,0.3304882173257364,0.4409646922151257,0.443976380977253,0.6839761162834145,0.1298361227959673,0.3434733895562499,0.4014477807582091
Kong,Jazz,genre,disklavier,Jazz_03,0.3038003096883825,0.4215921668099487,0.273862177774183,0.5137133153255886,0.3300673226612761,0.3118133814683254,0.1068248436992085,0.1079720586574143,0.1259544161755064
Kong,Jazz,genre,disklavier,Jazz_04,0.3105363127736829,0.4054127986116376,0.185412820120163,0.3020262278495234,0.165742686897114,0.5545155228263414,0.1253597405319336,0.673195831381808,0.3908892165584903
Kong,Jazz,genre,disklavier,Jazz_05,0.3749830960132523,0.6398463073489469,0.1649152052308704,0.6822619379787203,0.1795178598983966,0.8538580461296919,0.0927810410706863,0.4748300304865219,0.4643995551130956
Kong,Jazz,genre,disklavier,Jazz_06,0.1719186988533122,0.3036505604876375,0.1797416197756989,0.4439876358372536,0.2709454571226918,0.728748244352598,0.2204163926410312,0.794034412192377,0.4073019982822922
Kong,Jazz,genre,disklavier,Jazz_07,0.1897641783111608,0.2613164999994755,0.1844183512475494,0.2972413457077248,0.0986397935967833,0.6316307118552962,0.1484464331706967,0.4453782441591234,0.2842372978924078
Kong,Jazz,genre,disklavier,Jazz_08,0.3513579253290712,0.0515988942055535,0.517851534068572,0.3133065726850785,0.1511967232131698,0.822026394537875,-0.0721457078913211,0.0979361372356229,0.3297703561460324
Kong,Jazz,genre,disklavier,Jazz_09,0.4620064127685525,0.5553286790030783,0.3675187161668912,0.2092621757095766,0.03770884780111,0.3754401917562617,0.1295035427361041,0.4170426794798735,0.2154103704350617
Kong,Jazz,genre,disklavier,Jazz_10,0.7964221233908676,0.3462353110826228,0.841787257662544,0.2941124928350356,0.1275951863006769,0.8275968833956306,-0.7035966730712605,0.5434330123554226,0.5738280334816883
Kong,Latin,genre,disklavier,Latin_01,0.5882057367027393,0.3344211546842998,0.5019254257760218,0.2149963260872114,0.216351304309827,0.4702611127353178,0.1774204147942991,0.5314735066590863,0.3220117798996373
Kong,Latin,genre,disklavier,Latin_02,0.4848086555901557,0.1790112250227839,0.5194915899253331,0.3584685250716055,0.2181576621447647,0.4933492327963849,0.1504261719150903,0.197994954450278,0.1084572566803907
Kong,Latin,genre,disklavier,Latin_03,0.4356156800589535,0.4134085367300233,0.2707308863177013,0.1928069827190073,0.1085130459026477,0.503036798484313,0.0773424780759673,0.5663193943378516,0.2437451052443509
Kong,Latin,genre,disklavier,Latin_04,0.0690062275347488,0.68246119273057,0.0592334686337629,0.2423241529441693,0.155621560809425,0.6966104466716415,0.3291709243303944,0.8800562204228672,-0.0086105037435096
Kong,Latin,genre,disklavier,Latin_05,0.214460185254425,0.0877228079893925,0.1259735927035553,0.3592270710025001,0.2394858321007199,0.8984283673672054,0.3824928789660571,0.5958484144866153,0.4602014017081443
Kong,Latin,genre,disklavier,Latin_06,0.6209591144191565,0.4770247362028371,0.7077962765528054,0.6586277625707887,0.7022553372824455,0.6993135497050063,0.4017200843850037,0.4470822567437261,-0.033092849168308
Kong,Latin,genre,disklavier,Latin_07,0.458122921834802,0.3893015860014621,0.326948167665325,0.1817898786676329,0.0300707886516621,0.6738554810460348,0.3111958780479187,0.3557858699867365,0.3834490199130322
Kong,Latin,genre,disklavier,Latin_08,0.5227350019353652,0.5317766992547952,0.5095260417843299,0.4799726178124152,0.2809160173489811,0.8820079141940413,0.2918792132012676,0.4355762248236232,0.1408635302593519
Kong,Latin,genre,disklavier,Latin_09,0.5234953793363663,0.6823356636960788,0.7769635146585581,0.5602398876282425,0.2173025564274744,0.7098082069996862,0.1323951143587423,0.8807106069490138,0.7241724988944876
Kong,Latin,genre,disklavier,Latin_10,-0.0390463857881019,-0.061356310410894,0.0947670588171413,0.2303518651198545,0.4479597895734653,0.8863998973728646,0.4138123417510803,0.6431671791352627,0.0931988451863494
Kong,Pop,genre,disklavier,Pop_01,0.4813927598977672,0.616381257209646,0.5686438411197221,0.1629765106504948,0.2112454000304043,0.7135238773361494,0.8932234243077936,0.9526886099558688,0.6576932397964819
Kong,Pop,genre,disklavier,Pop_02,0.3866977982515616,0.0889807893438765,0.2218557356458376,0.5451030176362875,0.2341378594720974,0.631002509924714,0.0965152751101718,0.642164712051269,0.7394972446771453
Kong,Pop,genre,disklavier,Pop_03,0.1735601159835218,0.1777803817935089,0.0926408879132845,-0.051591103346384,-0.0921251637412275,0.5606483161718716,-0.0136408372094804,0.1195685816838837,0.1077896103014932
Kong,Pop,genre,disklavier,Pop_04,0.2560613176971795,0.1622996626015721,0.2338697210224978,0.3139966550727441,-0.045536165400841,0.6710799322759581,0.1510033945144228,0.4067469915829252,0.5463721702218775
Kong,Pop,genre,disklavier,Pop_05,0.3303074227579904,0.2109407002865047,0.4395487863854727,0.3639399031472859,0.6107576287484772,0.4186024724481826,0.1211197842430237,0.283422713596815,0.1173385009436916
Kong,Pop,genre,disklavier,Pop_06,0.662302615369027,0.8056664622806611,0.5831926547101879,0.7896042383947574,0.7710607590712125,0.9987300306303664,0.9467171954051454,0.979683771383674,0.2183223721875206
Kong,Pop,genre,disklavier,Pop_07,0.3851016204702122,0.7743538155182385,0.2922446541945046,0.3020938279243901,0.5241360838642752,0.6025976020478062,0.2000398158125186,0.228975338229124,0.5485919483993671
Kong,Pop,genre,disklavier,Pop_08,0.5674587665438547,0.6562241223421903,0.5252480772332797,0.6754726937098132,0.60480637583185,0.942218936075837,0.9055881214751588,0.9864252341743012,0.6641845240168982
Kong,Pop,genre,disklavier,Pop_09,0.2804207285543004,0.3094227054217064,0.3382714462724922,0.2836460541082935,0.1423131604101146,0.7154480339054626,0.178074162206139,-0.5542772396587138,0.2156152865385553
Kong,Pop,genre,disklavier,Pop_10,0.5394732412347791,0.6296835233181809,0.2580242563697135,0.3447747618467506,0.238203466110618,0.4341738303944221,0.224011108026405,0.2074599869520759,0.5572931752760997
Kong,Rock,genre,disklavier,Rock_01,0.1445507524650296,0.4986060179245716,0.0815346553855272,0.0586193010273932,0.0717930649987654,0.6279900381237751,0.1864308303981277,0.8622245134662778,-0.0115679753667547
Kong,Rock,genre,disklavier,Rock_02,0.3988287553538434,0.2469041982913662,0.3864165314780545,0.1347615404329911,-0.0118620825486904,0.6817980237981087,0.2485484304186317,0.3318866125256427,-0.0384439580345554
Kong,Rock,genre,disklavier,Rock_03,0.0238359918778175,0.0338843621411841,-0.0026231044818023,0.8534101339179954,0.5799901672820973,0.9206304486750644,0.4020432680396055,0.7565482023225373,0.3508485957380173
Kong,Rock,genre,disklavier,Rock_04,0.3006516456027386,0.1606900696075901,0.2047240248638091,0.0664718246123431,-0.1846130123685437,0.8039445618973201,0.2802835024592581,0.4094905041627891,0.0020705310018694
Kong,Rock,genre,disklavier,Rock_05,0.5753940666350555,0.3590186702423807,0.6043145510157552,-0.0458455673029377,0.2693462443155985,0.3491698233450471,0.1256943835572603,0.3665574149849704,0.0653952208865265
Kong,Rock,genre,disklavier,Rock_06,0.1883607187885331,0.6182277037882078,0.1256441862336826,0.2490288038478233,-0.0610822798541945,0.8993553452162336,0.2926386847864257,0.5541838968320533,0.0703828415388942
Kong,Rock,genre,disklavier,Rock_07,-0.0841636275194011,0.3574986114630345,0.0270348811047016,0.1424282797878742,0.2143172425630069,0.3197336207191601,0.0867363070782996,0.5384357262772345,0.0997862494693941
Kong,Rock,genre,disklavier,Rock_08,0.4766563902640601,0.6460519104222046,0.5067557103642897,0.3106518471795827,0.3072244051413528,0.2525516516089136,0.121693328861651,0.0762836328306943,0.1645684287172417
Kong,Rock,genre,disklavier,Rock_09,0.5602856061608968,0.1772565642601158,0.3903815850330094,0.3570506916526023,0.0624695626192767,0.6727658792970358,0.1812094324818866,0.3792129160749936,0.3315399168019008
Kong,Rock,genre,disklavier,Rock_10,0.6197248457153084,0.3371344074318046,0.6307902073565467,0.6087153697305083,0.5818231483313736,0.6521076608847893,0.2971687337544786,0.249065223861687,0.2651628665278594
Kong,Soul,genre,disklavier,Soul_01,0.4649289218664402,0.4335258266523877,0.270823177351889,0.9484854487006864,0.751409857195101,0.8949729016861667,0.2485635240181782,0.4341113853424539,-0.2022441658443252
Kong,Soul,genre,disklavier,Soul_02,0.2205970704351172,0.2426097650435309,0.0204430697467475,0.4115384366258869,0.219975161180282,0.5857741341983257,0.1508636624379373,0.3069178323945475,0.158225636964548
Kong,Soul,genre,disklavier,Soul_03,0.6531636143726448,0.4816666791043376,0.5733793992651298,-0.040164781446367,-0.0644828976567084,0.1961034052786125,0.165089721335104,-0.5059297119762813,0.9155409505515626
Kong,Soul,genre,disklavier,Soul_04,0.3286421671566374,0.0869053585870584,0.0127407765167087,0.4174393830864491,0.3401506091459707,0.5210984475339804,0.0948402496618298,0.2379581422024155,0.2968753771725392
Kong,Soul,genre,disklavier,Soul_05,0.3575779625853516,0.261089438041962,0.4111901434146037,0.5508310631637175,0.1778949908429831,0.3089401870091234,0.0897409972350629,0.2058737519042156,0.5904119596101105
Kong,Soul,genre,disklavier,Soul_06,0.8074654198952487,0.3255611403522638,0.8548251303457389,-0.145279369574592,0.0701564452066241,0.8670482742355847,0.2951071641910696,0.9343609356746962,0.6860858628389735
Kong,Soul,genre,disklavier,Soul_07,0.3588767022024269,0.5184784516687266,0.2089601699634916,0.3475356037732043,0.0655604351628599,0.3176245502616363,0.2385033385417948,0.5668476813043819,0.2631320670337885
Kong,Soul,genre,disklavier,Soul_08,0.443143089026005,0.2265724478586514,0.7244546320912113,0.2053649423624592,0.3197936982653829,0.6300162940946241,0.1216477621728053,0.0865829811817167,0.546770374815198
Kong,Soul,genre,disklavier,Soul_09,0.2135080060218259,0.4439824532814078,0.149071748800093,-0.0629409792124192,0.1147927784429804,0.8070126816533153,0.0262019362597373,0.4184227766237495,-0.0085849894674336
Kong,Soul,genre,disklavier,Soul_10,0.1937600707807028,0.5332335915981723,0.2635135029341355,0.0783880393022249,-0.1806284077529161,0.3513833896478875,0.100625296758809,0.0718490625807383,0.1167784013445744
Kong,World,genre,disklavier,World_01,0.7420641391575926,-0.0162028368373086,0.5087801377961966,0.4142288436977153,0.465250572061909,0.3527241706032546,0.0714750315253061,0.192913823773047,0.095417345021112
Kong,World,genre,disklavier,World_02,0.1931721383315039,0.3217658967548973,0.3444779938168179,0.0127755423359615,0.0976096373012755,0.6810519939573099,0.1868792205147665,0.8655579361920199,0.0944791297833016
Kong,World,genre,disklavier,World_03,0.5574081207503927,0.635020124454303,0.6194124892715411,0.6252246045080555,0.453150430295994,0.7141049145397774,0.3991217506488128,0.5990078537930071,0.4759122881176608
Kong,World,genre,disklavier,World_04,0.546734569611365,0.3323791734613669,0.5350480103002194,0.2309547849610647,0.1289937595849926,0.322543567822768,0.1438662029937279,0.7413472370799056,0.4412422368944184
Kong,World,genre,disklavier,World_05,0.0894101697025466,0.17732271032495,0.1662257293199379,0.0439629028611189,0.4265233457348456,0.6022142407612289,0.1108298250564758,0.4142954486544893,0.280397917618494
Kong,World,genre,disklavier,World_06,0.596619496328006,0.8863689202855115,0.3474727630229621,0.3040256249298899,0.3899792364120077,0.7887532654520025,0.3200527884348066,0.4474096657436297,0.7247899221189319
Kong,World,genre,disklavier,World_07,0.0598434440120352,0.1976240107826829,0.212841827680291,0.217087044466226,0.3441241311445109,0.7844874890205951,0.4011449979140973,0.5026671134910999,0.2609025317920725
Kong,World,genre,disklavier,World_08,0.623843513729875,0.1129777888940082,0.5429907780318923,0.2002113086826747,-0.0531106864997711,0.267928178140405,0.185072508960751,0.4817225755558901,0.0977450072557488
Kong,World,genre,disklavier,World_09,0.2977460852353258,0.3377338164199338,0.5673462041795427,0.1688990922030907,0.2026919176898092,0.5330832444422589,0.0995835413614522,0.4836941359633497,0.4067126630363872
Kong,World,genre,disklavier,World_10,0.7615696080819787,0.7579635308332747,0.8392034707582701,0.4361029746020922,0.5890022440049597,0.8552354329426288,0.3935590231874545,0.4930287317230187,0.6776893015440802
T5,Blues,genre,disklavier,Blues_01,0.0767336940506039,0.104299461041003,0.105896917257991,0.0428437265649381,-0.1031467156140252,0.4913773548563809,-0.0225185984219427,0.0631760170844992,0.1826226067191024
T5,Blues,genre,disklavier,Blues_02,0.0116809485345396,0.3680638309418534,-0.0061167264307408,-0.0443969807766765,0.2244874378626882,0.8135195262878089,-0.5162996896336335,-0.1770973871590349,0.099906918414536
T5,Blues,genre,disklavier,Blues_03,0.0183653390504915,0.1114666496154355,0.019713258810822,-0.0675682842202487,0.1018709273064399,0.4836724843851583,0.1113374317493037,0.3024640924263155,-0.0468583672965608
T5,Blues,genre,disklavier,Blues_04,0.0863082024090081,0.1626440359317408,0.1104607717192269,0.098671101403848,-0.0722558952384354,0.591078498785926,0.0625040146089009,-0.0448230972155463,0.2102914369608669
T5,Blues,genre,disklavier,Blues_05,0.0200362753822034,0.0510301399824426,0.0819310405764521,0.0521527097783198,-0.0661146805827726,0.8385872301208142,0.3914401282295217,0.6421224321965814,0.5513512030482418
T5,Blues,genre,disklavier,Blues_06,0.1572453127181626,-0.0051261105045638,0.1622175509284634,0.1464667341915445,-0.0943249809666739,0.4297402345435199,0.0977751263230218,0.2700919566694916,0.3398370967841577
T5,Blues,genre,disklavier,Blues_07,0.137105478184273,0.0928265818711999,0.0005541640885097,0.1157494261796039,-0.0399868098665719,0.6131328300624201,0.2495829053197878,0.2651520465561641,0.117757381890134
T5,Blues,genre,disklavier,Blues_08,0.3649444384564237,0.0946073709607551,0.4239611597354284,0.0768222837863281,0.1241176844082711,0.4216631337188586,0.159815075502595,0.2205658049902924,0.5251517477405044
T5,Blues,genre,disklavier,Blues_09,0.0773118932431995,0.1946892837059883,0.1236778666505198,-0.0111414293010233,0.1245547262261318,0.6805796316255922,0.1513230168142183,0.3066903373475556,0.0652925356761945
T5,Blues,genre,disklavier,Blues_10,0.1534949839069494,-0.0057882097957929,0.0225944891406999,0.0510832764359313,0.107381713521254,0.5950616460874666,0.1391622230249215,0.098696933193355,0.3657140258522938
T5,Classical,genre,disklavier,Classical_01,0.0788823615869724,0.1421976815407377,0.0986235380737922,0.0891948885153936,0.3079740513128688,0.7501999336415146,0.097161568557379,0.1556459480882534,0.1091161400149529
T5,Classical,genre,disklavier,Classical_02,0.0846311807602936,0.0276983383116027,0.2407408604633413,-0.1275280421287183,-0.0648265910063716,0.8249160360917415,0.2172970602975608,0.5892230521378177,0.4253911124519611
T5,Classical,genre,disklavier,Classical_03,0.5452686642095165,0.724697578429216,0.1142074975838388,0.0158075081584176,0.1235773448334349,0.7144319606860474,0.2775200839606252,0.3981893284291327,0.1313917149480115
T5,Classical,genre,disklavier,Classical_04,0.0446891825736082,0.2461003078997375,0.0221653751990021,0.2672773257573411,0.2405871956415521,0.3752484012124471,0.0991019783162584,0.0608991942414521,0.3249334437854154
T5,Classical,genre,disklavier,Classical_05,0.1598623198133675,0.1660039380956099,0.1435065906412084,0.0552251681842706,0.1418239639767261,0.2719934684547114,0.1118245019030658,0.1026105369533772,0.0192710470500884
T5,Classical,genre,disklavier,Classical_06,0.1151776926539038,-0.0249552650259778,0.040575301348098,-0.0464816051798357,0.076502471255706,0.4113363633967572,0.1211542813200413,0.407204188913974,0.274042016410904
T5,Classical,genre,disklavier,Classical_07,0.3439503440583056,-0.0207147174925654,0.3257332933841554,-0.0117371731132739,0.1502206445528404,0.5506831958798779,0.1500243215286211,-0.4797820649919432,0.8486153426656614
T5,Classical,genre,disklavier,Classical_08,0.0812497563003907,0.0516918951959877,0.1310649327348814,0.1413089101945841,0.1264386762689293,0.4573191756157138,0.1394655476965356,0.6331896952642818,0.3112526779406714
T5,Classical,genre,disklavier,Classical_09,0.0756662456058701,0.020463095965963,0.0836239883483202,0.0549053138259495,-0.0078621787611399,0.7813160099543783,0.0802552219891674,0.1250300620290843,0.3320876905981373
T5,Classical,genre,disklavier,Classical_10,0.227725772614622,0.1210001663327291,0.2241142429715402,0.0345883755745463,-0.086746536667127,0.5068601277860861,0.2737564911921769,0.4977304852307082,0.3607542703066591
T5,Country,genre,disklavier,Country_01,0.0522709220880863,0.0363333673252325,0.0547196670725672,-0.0529249908062482,0.0840353285011401,0.6081126148429085,0.1057132457454579,0.3729579721130169,0.0942688454027672
T5,Country,genre,disklavier,Country_02,0.2750866961975939,0.0845282282691643,0.1765348423420815,0.1499693631284246,0.3761773757225743,0.756457800583654,0.1833568741599212,0.1704812684534642,0.136022703931106
T5,Country,genre,disklavier,Country_03,0.0421620807547432,0.2146842730722618,0.031770441495723,0.0225761042506401,0.3860019285618229,0.6561042696157309,0.0458466053630978,0.0364622193678748,0.1049361180693025
T5,Country,genre,disklavier,Country_04,0.0823658136120761,0.0224612090973857,-0.0062500483336156,0.0755178306815786,0.0912497725859815,0.6347876834333455,0.1525907704189691,0.1098604752164625,-0.0318807644735304
T5,Country,genre,disklavier,Country_05,0.3274215237327965,0.0632224680723158,-0.1644340853857732,0.1652461861860964,0.287662528467987,0.2458383318421703,0.0945242378449737,0.0854196872034319,0.1468835414314219
T5,Country,genre,disklavier,Country_06,0.1492522093111034,0.0671985941999227,0.3792094950867376,0.0716184022453819,0.3716862443224555,0.3952920492191482,0.0884247174812172,0.2496365884474555,0.5191493307005072
T5,Country,genre,disklavier,Country_07,0.2078303326044842,-0.0232027301931896,-0.0490340205855612,0.0569563347475034,0.1701648769530396,0.8730030853484968,0.2523633980998191,0.2778323867349057,0.3544901965785711
T5,Country,genre,disklavier,Country_08,0.0270116139432128,0.0291402388942126,0.0372677192051164,0.090999005505189,0.1839529453646722,0.730442077993243,0.3472605228938524,0.4383193585358853,0.5998075460632226
T5,Country,genre,disklavier,Country_09,0.1754604022397811,0.0262178796193484,0.1474130725993405,-0.0550278075863075,0.1014921092295193,0.771252514124256,-0.6439729180160032,-0.548847141848403,0.4192202974315975
T5,Country,genre,disklavier,Country_10,0.2951435955870518,0.0428936385986492,0.2889731221341334,0.1064618503022068,0.227706623330191,0.5248343732195762,0.2028677650706806,0.1911541220857972,0.146237936421243
T5,Folk,genre,disklavier,Folk_01,0.4492999309362802,0.0727147414581449,-0.5168140654008714,0.1206385764413793,0.2521119477719668,0.629406658129289,0.0860746263480529,0.1264111119903901,0.0303679659569622
T5,Folk,genre,disklavier,Folk_02,0.3433927061424282,0.096472050376277,0.2442168940750239,-0.057760833380856,0.0651082377952281,0.4037668632480015,0.1148368413091109,0.580355662523901,-0.046038461304904
T5,Folk,genre,disklavier,Folk_03,0.4312104039843895,-0.0140920687872145,0.3229473104432419,0.3083141965628352,0.338845218811393,0.6838236305399518,0.1221944859150027,0.5866118161103732,0.2777297840634245
T5,Folk,genre,disklavier,Folk_04,0.0433904635454178,-0.0031266184485772,0.0481595372388059,-0.0242657103532072,-0.1190657776620868,0.481005281757567,0.1066971319217268,0.4929996860991942,0.1421899875861866
T5,Folk,genre,disklavier,Folk_05,-0.0025587447347756,0.2479289098606074,0.0805860527301689,0.2397478677440239,0.1484484860169855,0.8578541380220568,0.2402885563940596,0.3695558632203249,0.535064977689187
T5,Folk,genre,disklavier,Folk_06,0.0175898234440806,0.0384611317509805,0.0348099218000277,0.292953042925067,0.4181172686812069,0.7316784606759927,0.223028809048285,0.4294215716351958,0.2928919771928556
T5,Folk,genre,disklavier,Folk_07,0.1642100538690547,0.0368746544086754,0.2537710810049641,0.0333400680176237,0.1702593302359183,0.7646247253867464,0.2198999715561875,0.2961608928211114,0.2864011426617169
T5,Folk,genre,disklavier,Folk_08,0.0087771289467506,-0.0940467281201189,0.0191442032130376,-0.0552790382687367,-0.0685363623028077,0.3205234028623496,0.006517213200523,0.3493602083237241,0.0889046122454357
T5,Folk,genre,disklavier,Folk_09,0.087953427760513,0.2162194027519525,0.0946042348471247,0.066775486205423,0.0443682646062241,0.6284192924553316,0.2702857220509437,0.4449706473846482,0.3505694387246114
T5,Folk,genre,disklavier,Folk_10,0.1096722755843206,0.316701794288775,0.0152904859338635,0.0498010113538845,-0.1224576032472206,0.5894942532656292,0.1273269759466307,0.1426873992226979,-0.0004873562967606
T5,Jazz,genre,disklavier,Jazz_01,0.434873772193149,0.1747206921990965,-0.3726983566441297,0.0375253711344348,0.270743295717446,0.5311362819566047,0.074579346902387,0.3149968482785411,0.4865208921235711
T5,Jazz,genre,disklavier,Jazz_02,0.1653138332896276,0.1136388933781237,0.1627458498816351,0.0857633819776899,0.1901853496002377,0.6695417295093317,0.140261895779198,0.2343530034216386,0.2543980784930695
T5,Jazz,genre,disklavier,Jazz_03,0.0171304147575651,0.159993638976121,0.0347614295812839,0.1093347918350124,0.0484703502949616,0.4254095728586104,0.1473040816135252,0.5058773053961759,0.126262873233913
T5,Jazz,genre,disklavier,Jazz_04,0.0853095041581778,0.1334651283786328,0.0505953257565874,0.0730990334889733,0.0105627618193792,0.3481723896016745,0.1015000573076996,-0.3385272051825942,0.3594243958447825
T5,Jazz,genre,disklavier,Jazz_05,0.1819460019465731,0.2109772898113401,0.0832118669371593,0.0337631830143732,0.0712302645573005,0.63341860369546,-0.1476048544157499,0.1634218902705019,0.4283271314036336
T5,Jazz,genre,disklavier,Jazz_06,0.0617489872329531,0.0305787621079969,0.0734098534113917,0.0047120437300026,0.1284249987988788,0.6926965870483889,0.1346456126937274,-0.4538829519608646,0.3566412902613437
T5,Jazz,genre,disklavier,Jazz_07,0.0537127016769598,0.0266851494219653,0.0353797218732564,0.1936326170284281,-0.0976309894268212,0.5796805100745721,0.1566515997339207,0.3236487304931679,0.2858007903867176
T5,Jazz,genre,disklavier,Jazz_08,0.2648003050672068,0.0470119969073815,0.3651230459284781,0.0442361674405554,0.1198005427723387,0.7084859252770802,-0.1545133352081888,-0.1018975225292046,0.3919519052872237
T5,Jazz,genre,disklavier,Jazz_09,0.149763231059048,0.0435142783791705,0.124549807555072,0.0100061292577228,-0.0889887950022134,0.2834727232271516,0.1168847976054631,0.0896035632517991,-0.0069251442481974
T5,Jazz,genre,disklavier,Jazz_10,0.4836228318648779,0.0803331958395993,0.5630435000371398,0.2573070038435923,-0.0639213034124409,0.8258200624333082,-0.7811146097804909,0.3325567898666022,0.4478849079242809
T5,Latin,genre,disklavier,Latin_01,0.2695099507439643,0.1107594282491989,0.2400499482963085,-0.4748593507440916,0.1970454117468271,0.3557860548184784,0.1563784015681749,0.3322274301808083,0.244641385219868
T5,Latin,genre,disklavier,Latin_02,0.2702702859022443,0.0628397735206054,0.3182320021183575,0.1309715036583385,0.2735897740865122,0.8758915159914289,0.4538150520075792,0.2540384924706869,0.2558132698233368
T5,Latin,genre,disklavier,Latin_03,0.1186770849584786,0.0577574496957326,0.0889435427236075,0.0517226955199889,0.0808451620366431,0.3615819482937075,0.1336999701250416,-0.2237111746590859,0.2628209727534432
T5,Latin,genre,disklavier,Latin_04,0.0324056225279654,0.2810426562229577,-0.0009423867377926,0.1265809171766323,0.0967679321200962,0.733021518884058,0.6799616899748417,0.953116724387416,0.0002333821035169
T5,Latin,genre,disklavier,Latin_05,0.1760531338516305,0.0211491874082215,0.1406683687365067,0.3033941247402779,0.1755400241889645,0.8309519674417312,0.3695517422212242,0.1848488409852767,0.518272346260405
T5,Latin,genre,disklavier,Latin_06,0.1508752817657296,0.2597932870611884,0.1419461972691338,0.3864059387252469,0.2987755664699462,0.6993135497050063,0.1699825844409727,0.24505959534163,0.0794211225085191
T5,Latin,genre,disklavier,Latin_07,0.1513747933264154,-0.0055495115584162,0.2763909806702074,0.0973828039766917,-0.011248631115432,0.5955996981593761,0.1679336597799477,0.3947529578004652,0.3709650808915303
T5,Latin,genre,disklavier,Latin_08,0.4162013701735562,0.3656117476793599,0.4749134342280627,0.0247657681831145,0.2818274950150855,0.6257281064838806,0.1325487898810904,0.2204045576028583,0.0505500874403837
T5,Latin,genre,disklavier,Latin_09,0.3907744635647793,0.1253554619622694,0.2097001999146782,0.3961191795446434,0.1941801748404142,0.4183741163721058,0.0927695015856331,0.3224013053373328,0.0591954495166859
T5,Latin,genre,disklavier,Latin_10,0.0648589692642721,-0.0465233096214659,0.0297532919607843,0.1931707582518112,0.1123289226084292,0.7889955433519363,0.3749247423924331,0.6833136684405113,0.2531279329076328
T5,Pop,genre,disklavier,Pop_01,0.1143867637576171,0.1496152289844015,0.222036697891057,-0.0319842177712698,0.2520112050936441,0.5710870177848214,0.235286184769919,0.238608366807917,0.6618598917003191
T5,Pop,genre,disklavier,Pop_02,0.212855975494287,0.2170365754342515,-0.0791704948912674,0.0098547112287147,0.1260604307571542,0.5826218256451282,0.0834556373159171,0.6606804283302424,0.426834994192666
T5,Pop,genre,disklavier,Pop_03,0.1064845528966669,0.0072939458807873,0.1301439444415624,0.0228282789966755,-0.0736580872890648,0.4913017682474382,0.1253113207989094,0.3276516460339329,0.1035473816655754
T5,Pop,genre,disklavier,Pop_04,0.2342206818949637,0.2119327958236272,0.314571989978726,-0.0140033090169383,-0.0453640694597109,0.5611895397927661,0.1446295468363239,0.1603742059969813,0.5094799237632861
T5,Pop,genre,disklavier,Pop_05,0.0352621905714737,0.0993473248411623,-0.0402448962399117,-0.0837518120756129,0.3959348832403854,0.3683753236723713,0.1110420643370885,0.1345471838682961,0.1357322110630189
T5,Pop,genre,disklavier,Pop_06,0.1312084469784751,0.0874357361635392,0.1322782412680121,0.0971282660956314,0.1303652338232863,0.6426946152418717,0.0505676705204263,0.2411718163756957,0.2729733090200361
T5,Pop,genre,disklavier,Pop_07,0.1860913261388696,0.0329784603830613,0.2494827481566577,0.2015238609586832,0.3146514495645225,0.6051496288518065,0.0993219500850732,0.1169041129150437,0.5186907101104709
T5,Pop,genre,disklavier,Pop_08,0.3811255235008725,0.127924356748013,0.3010113834146499,0.3758063183522055,0.5368351243378289,0.5800500840392593,0.079027447643034,0.3032308171335269,0.2511289493424489
T5,Pop,genre,disklavier,Pop_09,0.2078989366350251,0.1909181536466135,0.3047198136280376,-0.0423081031602645,-0.0122826424590976,0.6765734472110045,0.1603562391063323,0.2738868210584622,0.2261745990320232
T5,Pop,genre,disklavier,Pop_10,0.4933609624346773,0.5986924625817603,0.2806616539341611,-0.0516601348812767,0.0983735283628073,0.4341738303944221,0.2018291430836842,0.196648408647321,0.7438309323213695
T5,Rock,genre,disklavier,Rock_01,0.0836039887919106,0.3344336734552006,0.0355718972325735,0.0113285189130718,0.2062337638943228,0.685532698509315,0.2126261972381639,0.8001110266920414,0.0290054461273152
T5,Rock,genre,disklavier,Rock_02,0.2100419584879062,-0.0516916825368772,0.0954938635460605,0.1244065621140058,0.0101451243898711,0.8879233532128834,0.6064606526671706,0.8023777554088254,-0.0189302177725385
T5,Rock,genre,disklavier,Rock_03,-0.005583699860369,0.0499446509645404,-0.0112794445931813,0.0912952980742352,0.5916020669484596,0.9811322388814934,0.8714919514753967,0.9039242053021388,0.364665055709554
T5,Rock,genre,disklavier,Rock_04,0.0923997043203373,-0.0274470298111013,0.1184237651431379,0.1787615856935651,-0.2588053515140339,0.6833026290682036,0.2598274620513779,0.3880488463774394,0.1008922619748888
T5,Rock,genre,disklavier,Rock_05,0.1307382471457288,-0.0278585590650282,0.1684829099571153,0.1312820823467043,0.1307499319711246,0.2542348044349406,0.1057934085390318,0.1540234883888808,0.21583416531682
T5,Rock,genre,disklavier,Rock_06,0.036675463698698,0.1185782776774226,0.0249380820065368,-0.0566560493755028,-0.0345675893053238,0.8804710283089093,0.6343569651617535,0.8159923591055032,0.0553913491998533
T5,Rock,genre,disklavier,Rock_07,-0.0363328297163369,0.092910100075197,0.0319028339773515,0.1274892427927604,0.2484790120905797,0.3194471888238829,0.1043677747730178,0.485580454847321,0.1739486531137237
T5,Rock,genre,disklavier,Rock_08,0.554827007309172,0.5244894180678186,0.5599381822443877,0.0933383846903701,0.1474045612270456,0.2583939987963902,0.1091699326841891,0.0418246294196034,0.195577574372095
T5,Rock,genre,disklavier,Rock_09,0.4400285753345851,0.0757473839433551,0.3363427418683052,0.1726114432687835,0.0403986117955504,0.533660347617592,0.2120371099882926,0.373911737065828,0.1770662912007368
T5,Rock,genre,disklavier,Rock_10,0.6622079968740361,0.497617357671037,0.6247805983629825,0.0913275460011816,0.4056541272581261,0.3589124247096936,0.2200311466391389,-0.0365392181139474,0.2844079298605976
T5,Soul,genre,disklavier,Soul_01,-0.0418643059517737,0.0006053182545017,0.0495268089717964,-0.4808776558177198,0.3544512838937304,0.723407005571487,0.2120287378462732,0.0908539562121764,-0.060197643427548
T5,Soul,genre,disklavier,Soul_02,0.2155287183960738,0.2362743884055259,0.0745958247327757,0.1047798831622467,0.2860905310611977,-0.1041518548426555,0.0774165518492202,0.1761460215077355,-0.0103709706682264
T5,Soul,genre,disklavier,Soul_03,-0.0105643986753822,0.0192600327968502,0.0158804065971325,-0.0469582858101833,-0.0565394774629308,0.5145899459870727,0.1225480833088391,0.31407063276655,0.2646867825130013
T5,Soul,genre,disklavier,Soul_04,0.3952912198653144,-0.0080043149827469,0.1021510773704053,-0.0325398457350769,0.1718403550572025,0.3118492969867264,0.0850674715541464,-0.0689042830499141,0.1598637800279712
T5,Soul,genre,disklavier,Soul_05,0.2629676821973028,0.3594946881289834,0.3674188451933932,0.2635058827998193,0.1556320100223409,0.4464919208917042,0.0935779527045382,0.1123679520338169,0.4014163122098864
T5,Soul,genre,disklavier,Soul_06,0.815554470613025,0.162707362824958,0.8615018347289022,0.0677961343380031,0.0093382753442878,0.927286075003669,0.7522634013916372,0.991356263264076,0.7670132201408538
T5,Soul,genre,disklavier,Soul_07,0.1541525671841748,0.0180193050923731,0.0022143439135225,-0.0780978954399331,0.056845535478029,0.2313034789536759,0.1485251940114087,0.137009125170437,0.2946489521424825
T5,Soul,genre,disklavier,Soul_08,0.2408069527247599,0.0503591351036443,0.5285718387849987,0.1526300493815562,0.1257586884494673,0.846225066349382,-0.3292879279103387,-0.0968813918064707,0.4396473507112968
T5,Soul,genre,disklavier,Soul_09,0.0109572449871856,0.0163626238740511,-0.0137290175338482,-0.1053121108012383,-0.1282557229207104,0.6569741843723939,-0.0587834253367572,0.2012751667018746,-0.1193485255725231
T5,Soul,genre,disklavier,Soul_10,0.0731641835105685,-0.0090660664611787,0.1312165826615641,0.0919912423082344,-0.1261996502019234,0.3203011565749796,0.1227771895662529,0.0235599077201549,-0.0214289764221397
T5,World,genre,disklavier,World_01,0.3042431469507056,0.0484611232023547,0.3860523030055695,0.2957734862160551,0.2279733360418011,0.8544718298720769,0.2622862908662172,0.3677496724682718,0.0561812330347957
T5,World,genre,disklavier,World_02,-0.0045980978413271,0.0246130816387407,0.0556181896233389,-0.0692916025124705,-0.0526153143505836,0.484168897234237,0.1382909474517313,0.6483263738141377,0.0610152121791804
T5,World,genre,disklavier,World_03,0.255424328119235,0.0784214882219174,0.239697476061356,-0.032665956596247,0.1347818716146263,0.4459343916305021,0.1915440858138694,-0.1972191629442803,0.5388791094235162
T5,World,genre,disklavier,World_04,0.1369663769831955,0.0872523943493235,0.1759750020263155,0.0562885963505995,0.1566832601008451,0.3722555606678873,0.1315089075108049,-0.1987072685811344,0.2309954444258756
T5,World,genre,disklavier,World_05,0.039733934646622,0.0315062013562556,0.0416930984602845,0.0262426658256106,0.3454829107856959,0.5859805647614134,0.0506360903148177,0.3336748002112736,0.1529316994893483
T5,World,genre,disklavier,World_06,0.1718601717663784,-0.0251563520493568,0.0488143375183567,-0.2332275851498688,0.2802964957369213,0.4041458712947349,0.1507051295127573,0.1573888457903219,0.0649881310040796
T5,World,genre,disklavier,World_07,-0.0337342377860955,0.0099490561487817,-0.0145960058731864,0.2364678064816114,0.169451506863712,0.3984819626260213,0.5560108995896292,-0.1263924934182481,0.2219142021308316
T5,World,genre,disklavier,World_08,0.4536080458530394,0.03068764970693,0.3624921877833338,0.0950437787122994,-0.0397051099797283,0.2445092597934646,0.1623863068158456,0.3528867235717053,0.0680200621383867
T5,World,genre,disklavier,World_09,0.0023476289147561,0.1478058004670163,0.1984417329910683,0.132074691537835,0.040010026566088,0.4101766736967408,0.0811254493558504,0.2398785146073133,0.3849666218699956
T5,World,genre,disklavier,World_10,0.4212348484012143,0.4596596321057312,0.5576557755620121,0.0024853240398424,0.4446513321060629,0.3153372407701703,0.0525563903415843,0.0243062234346418,0.2623181192311781
Toyama,Blues,genre,disklavier,Blues_01,0.442159717338487,0.5325219915618049,0.4458348205312827,0.2079004551970281,-0.0678178799697057,0.546404605228867,0.1331399352251131,0.2233243661234915,0.2251414762087868
Toyama,Blues,genre,disklavier,Blues_02,0.3069020814720017,0.4412640688517286,0.1335764456085909,0.3005958387680711,0.4199590953796926,0.8640015422009983,-0.4902133630800688,-0.0981126518900167,0.7092640229776618
Toyama,Blues,genre,disklavier,Blues_03,0.1159876515688756,0.5151670469033754,0.0871963640315936,0.1350360062916975,-0.0119953875826945,0.591259117678035,0.1019799344258723,0.4649980664102802,-0.0747491643542896
Toyama,Blues,genre,disklavier,Blues_04,0.3674546525994813,0.1099139401894484,0.3244337152941688,0.3986866697943578,0.1834267637756687,0.5934554265239104,0.1199440957914215,0.379918768459514,0.3103793069559257
Toyama,Blues,genre,disklavier,Blues_05,0.5659115952119397,0.5186544580301682,0.379991549897931,0.4329223769011773,0.2583891906473678,0.8794168369722359,0.6610482887185611,0.8458362668184878,0.2628463280872503
Toyama,Blues,genre,disklavier,Blues_06,0.4443609834657703,0.4659584298098148,0.388067244708953,0.4053857264521777,0.2473118718588826,0.3419945310564667,0.1243872662857965,0.524160716817235,0.3614292245020102
Toyama,Blues,genre,disklavier,Blues_07,0.9401603087382056,0.4965021446486789,0.0734596833159793,0.1625038275371316,-0.0982387155190979,0.9222836645609562,0.4693417929672256,0.6986836447935234,0.0119691748721354
Toyama,Blues,genre,disklavier,Blues_08,0.4406986896051612,0.4040582047693554,0.4298002856493678,0.2885034629247952,0.0063131369431349,0.5012664283438434,0.1416352799558349,0.3187916490051828,0.4747244510344903
Toyama,Blues,genre,disklavier,Blues_09,0.835129573938485,0.8289061255948553,0.6704225405144372,0.6755027251275305,0.3377941080791369,0.6194383869336241,0.1584743606024092,0.2941090003257664,0.1104724288482356
Toyama,Blues,genre,disklavier,Blues_10,0.1912867754026782,0.2981087306788237,0.1042205438561304,0.4133765368674939,0.0418120626560164,0.6058335190293569,0.1409030702534705,0.2330841838252757,0.349968190621587
Toyama,Classical,genre,disklavier,Classical_01,0.5296457107982814,0.2939764664249766,0.617096929523666,0.3620993502013209,0.3913968300498497,0.7543266873465962,0.0863675451223762,0.2908879676522442,0.1956755635738974
Toyama,Classical,genre,disklavier,Classical_02,0.1038134202454004,0.1883276311143402,0.2256496913872304,0.2179797908845967,-0.2701010134678921,0.8210887645385258,0.2379345149868321,0.7098953259078421,0.3554118410301626
Toyama,Classical,genre,disklavier,Classical_03,0.9101737254637556,0.772711802689916,0.4463306802185662,0.388496109917619,0.1050175532956938,0.7422604782175132,0.3336936154629987,0.4395636582683387,0.2245900387473694
Toyama,Classical,genre,disklavier,Classical_04,0.1555214926976866,0.8112698178034831,0.2896303799692656,0.2500443063888654,0.3603311757911788,0.6974283335324125,0.1228827038492876,0.2808344628230437,0.411477742575469
Toyama,Classical,genre,disklavier,Classical_05,0.4657742287908827,0.5269478574640766,0.4109187837284363,0.6538525263099924,0.2859187812987974,0.613017915128059,0.307560904921997,0.8332087901183591,0.8591472560749932
Toyama,Classical,genre,disklavier,Classical_06,0.0289958109859534,0.1034478256939361,0.0537825575515271,0.0082719997973992,0.147063124448199,0.5676264597375874,0.117720636298818,0.5007503333904227,0.3815573871609489
Toyama,Classical,genre,disklavier,Classical_07,0.6795218502727403,0.0586824031269447,0.5026415849490817,0.0260810522339679,0.0971154677456528,0.6832028658435362,0.169879190907665,-0.525184787304248,0.9199504292751752
Toyama,Classical,genre,disklavier,Classical_08,0.2156547043324708,0.2941165488524256,0.1614572867997664,0.4878882718753198,-0.1469294466956304,0.9114722416048352,0.3155732927856745,0.7962700978326701,0.309909744843621
Toyama,Classical,genre,disklavier,Classical_09,0.1911949508934789,0.4698202639560382,0.2297467342312331,0.4149092252668479,-0.0818054874029412,0.768955930554069,0.1276777723010529,0.3812347030442616,0.2072805173148922
Toyama,Classical,genre,disklavier,Classical_10,0.5679979263660375,0.2264587145740695,0.6824792923923545,0.3052087806536227,-0.0985086914757989,0.8236710989455512,0.2904715941142179,0.6650440555362712,0.4407896377646512
Toyama,Country,genre,disklavier,Country_01,0.286518299867557,0.3451834311082954,0.4690991566938064,0.3573135587748189,0.2337448425282884,0.9349632618800504,0.3190562578522886,0.7312403666965928,0.592894442671425
Toyama,Country,genre,disklavier,Country_02,0.5281748272084023,0.491662492581413,0.4373994073291392,0.3426606177587309,0.5061191757183157,0.7703161949200769,0.2516868035923306,0.2568711226182146,0.1749121093197781
Toyama,Country,genre,disklavier,Country_03,0.1430608801374482,0.1194024201115541,0.2039280216378158,0.3388828458097013,0.4232461193950996,0.7333230069770811,0.1946737136821933,0.5600203650121097,0.3293600425993814
Toyama,Country,genre,disklavier,Country_04,0.1285928393991388,0.2266956045559979,0.1296561069411253,0.2414426343723914,0.1110231936556584,0.8030549215385511,0.2287147599435376,0.3170742731295868,0.0290228710306867
Toyama,Country,genre,disklavier,Country_05,0.5888132707368319,0.2372474529765193,0.8421602904661398,0.3971105662007102,0.2920013133789942,0.6576705553470606,0.0840667841946929,0.1944165239684184,0.5335867065308906
Toyama,Country,genre,disklavier,Country_06,0.2265808977169683,0.6635919530709189,0.4422725305058767,0.5958181546205188,0.3887121788656217,0.4739102597433424,0.0776941383238608,0.2951442971032543,0.4667996487444302
Toyama,Country,genre,disklavier,Country_07,0.140250075950984,0.2503230474998411,0.0069330413737526,0.2257693606762504,0.4425279665856922,0.7583336065087339,0.1734017138594674,0.1245185046850474,0.4176800026720308
Toyama,Country,genre,disklavier,Country_08,0.5508359747972683,0.4051637173472008,0.3816026248186931,0.0050163278405983,0.0706090721627373,0.6149223058257212,0.1505592511148897,-0.0695768417690175,0.6692759811620379
Toyama,Country,genre,disklavier,Country_09,0.6971982968301879,0.4514810249885311,0.7465933960377021,0.1242817517876098,0.2333920219047836,0.8282939073108206,-0.6139005249609061,-0.610613331554864,-0.0533363600680136
Toyama,Country,genre,disklavier,Country_10,0.5498583666058077,0.8388706847652659,0.5959167903023346,0.577709382004444,0.1987814122205784,0.8794972696124841,0.3447639384656776,0.0633512038032702,0.6928650763788975
Toyama,Folk,genre,disklavier,Folk_01,0.3969798118820286,0.2513744821927409,0.57637369819544,0.4305875348222426,0.2476460596232069,0.6564772663429785,0.0862428505556957,0.1729238165513467,0.3533191428952288
Toyama,Folk,genre,disklavier,Folk_02,0.4563581810551302,0.5444124770962449,0.391233387733461,0.1523758239872783,0.0546796715394207,0.5068489169691612,0.1986667323881389,0.7463371844408629,0.1060672854455432
Toyama,Folk,genre,disklavier,Folk_03,0.5538014853725455,0.2022907165298992,0.4084359452893937,0.4713753305350808,0.3363703518133939,0.7956664866462799,0.1296378255612217,0.743938901098848,0.329905481210919
Toyama,Folk,genre,disklavier,Folk_04,0.2165338842286301,0.2372163006661085,0.1413799837568386,0.0818539135874041,-0.1493551519374252,0.6438171528378164,0.1721432621495267,0.2599810574884338,0.5149484402588572
Toyama,Folk,genre,disklavier,Folk_05,0.4528054320484561,0.752099718350053,0.5199177926845029,0.5369929485313262,0.2772670127461315,0.8801521523548376,0.3713599886983987,0.4606229429693587,0.5216335018356778
Toyama,Folk,genre,disklavier,Folk_06,-0.0261428854969233,0.1590217682608793,0.0224821749068973,0.459816441910561,0.3647721748573733,0.8475523526311844,0.3072987338740776,0.5072663086661297,0.3915267449799489
Toyama,Folk,genre,disklavier,Folk_07,0.2540592479769572,0.4486596721420806,0.3554523259798836,0.2122162835811252,0.1731557406290886,0.8060767674785952,0.3038739736020585,0.4394878305131244,0.2319995673829325
Toyama,Folk,genre,disklavier,Folk_08,0.9621878479563511,0.4679366127347869,0.8090432191956437,0.0420100378485075,-0.0309538318528502,0.3510679639803441,0.1213502241849088,0.3852120341368209,0.932436477859626
Toyama,Folk,genre,disklavier,Folk_09,0.4122716834104715,0.3466369337832957,0.0048506145587331,0.5352163848489784,0.130775761951846,0.6357726730911574,0.1171472360611174,0.5607725064457953,0.330323680146923
Toyama,Folk,genre,disklavier,Folk_10,0.0261829938553611,0.3146535825906995,0.0245494705351762,0.2477525829249371,-0.1555705025606318,0.6342730893573919,0.1180116798706103,0.1262952092487353,-0.0054357039922807
Toyama,Jazz,genre,disklavier,Jazz_01,0.6691750722707739,0.4776363057221955,0.857186609695935,0.4413806053822294,0.3685131141819717,0.7918980572125699,0.0674675478024223,0.4512147831058823,0.7408651865391142
Toyama,Jazz,genre,disklavier,Jazz_02,0.4320083774259615,0.3955885298911853,0.3056508632859057,0.3768015906362577,0.3704879977084903,0.6402420851926967,0.1294019387996338,0.3423503995717799,0.4391583946834779
Toyama,Jazz,genre,disklavier,Jazz_03,0.1850652055442531,0.5413341742326787,0.1708620955251841,0.557855797181723,0.2364905206096016,0.4171083780826964,0.1059532511089289,0.6391078943743852,0.1557814443177699
Toyama,Jazz,genre,disklavier,Jazz_04,0.2321787237991879,0.4420786350067741,0.1565046729807826,0.3917559035374119,0.1285386123117872,0.5758440289422857,0.1285767523476894,0.6486813153685435,0.3842208783356835
Toyama,Jazz,genre,disklavier,Jazz_05,0.2791654758125919,0.5586967430970154,0.1970173327647274,0.4817184258291963,0.2422736337721556,0.8735429475241901,0.0899405354697585,0.4736241132342863,0.4534092111164217
Toyama,Jazz,genre,disklavier,Jazz_06,0.1453106268550709,0.6023578048295658,0.2030084102364784,0.4591223591989872,0.2517614173271193,0.7278491635288846,0.2671195811208978,0.8295296804603396,0.3769979759100202
Toyama,Jazz,genre,disklavier,Jazz_07,0.2666865024335901,0.3475732792555112,0.2000542547462078,0.3197666232283459,0.0694433718824747,0.6287388523114781,0.1386762200312413,0.3960415704004859,0.3179353671667947
Toyama,Jazz,genre,disklavier,Jazz_08,0.27712682392393,0.0451175705431973,0.4734541751275653,0.4336910974132487,0.1554942724020415,0.8284331504388762,-0.0738657109020655,0.090816434023285,0.4033642196866751
Toyama,Jazz,genre,disklavier,Jazz_09,0.3985467290815059,0.5841276267668557,0.3550157495246647,0.2434529147438681,0.0128462750876954,0.4062367863955186,0.1254208911994543,0.4220143784424131,0.1327856818374647
Toyama,Jazz,genre,disklavier,Jazz_10,0.7769608425816209,0.3493597805832016,0.7787475099632498,0.237365202518561,0.0322673719346324,0.7936286319559888,-0.7365606965590803,0.4743668736967921,0.5957160605004609
Toyama,Latin,genre,disklavier,Latin_01,0.2328427394662396,0.1164369554604401,0.2895505656959171,0.1768722904518147,0.2149007878854924,0.5287237446240621,0.1774009186085704,0.5613906950662274,0.2773429206379564
Toyama,Latin,genre,disklavier,Latin_02,0.4803580955088284,0.1493906896072648,0.6179145151230518,0.2952860203800557,0.3532769159960752,0.4997649373745934,0.1309673789904412,0.1798167042026901,0.1820146042609501
Toyama,Latin,genre,disklavier,Latin_03,0.5550786235188552,0.3838554157355885,0.2759994325553736,0.0921934955058843,0.0977850413279274,0.5144029490406301,0.095438338307406,0.5747601595667328,-0.0504366256973148
Toyama,Latin,genre,disklavier,Latin_04,0.1786215233567214,0.532486823460491,0.1382772057222332,0.3383313660373708,-0.0082779281685384,0.8063414522418413,0.3304770184877114,0.8761911097078686,0.0014485828694384
Toyama,Latin,genre,disklavier,Latin_05,0.2439979256238717,0.1341296957733589,0.155572340541324,0.2370170907242255,0.1989411786699211,0.9370478538718467,0.4651909763453624,0.6736850830405339,0.4274257185821311
Toyama,Latin,genre,disklavier,Latin_06,0.7172889039980297,0.4805752244235781,0.6740912201123664,0.6123864273959232,0.4568586172733657,0.7198109299621581,0.3855573809589964,0.4183148146820429,-0.0190635851265108
Toyama,Latin,genre,disklavier,Latin_07,0.3070853295131072,0.5339983648138552,0.3854252222206421,0.1137210871017722,0.0315268888388636,0.5988210915129905,0.1675247007410817,0.3787713064822191,0.3969387128141942
Toyama,Latin,genre,disklavier,Latin_08,0.5633061425939165,0.5417504814219106,0.4384789348542353,0.3371727996631253,0.2812543254276683,0.8866837630863987,0.2649569277547803,0.3075570035738096,0.0724658875698043
Toyama,Latin,genre,disklavier,Latin_09,0.4666163385078831,0.5352256304847066,0.4961103409219751,0.587299377288919,0.1992141493008485,0.7145423062049329,0.1260435965526403,0.8408756886887074,0.5252080885889633
Toyama,Latin,genre,disklavier,Latin_10,-0.0236880019417214,0.0058664514520911,0.1419164758446904,0.3076052774746068,0.1505008812203817,0.8307385124176414,0.3554279590426953,0.6959487925098273,-0.0074159327920901
Toyama,Pop,genre,disklavier,Pop_01,0.4338891218339624,0.6111066145075371,0.5162247323668597,0.175514014033752,0.1559579620131509,0.709152128437713,0.8688954963959539,0.9206998508601906,0.630245387887878
Toyama,Pop,genre,disklavier,Pop_02,0.2985104894924966,0.1932053336268559,0.2854678658206181,0.5935176219771955,0.1710488211406204,0.6059368610951019,0.0693217903528312,0.7102234805205053,0.4220352902436031
Toyama,Pop,genre,disklavier,Pop_03,0.164093924347445,0.177155390212192,0.1429182592785575,-0.0743402988815848,-0.0795047770756793,0.5739514217583134,0.1131474402606862,0.3875805268303072,0.081631194858497
Toyama,Pop,genre,disklavier,Pop_04,0.3086170316207917,0.0434948978321673,0.2737197470911824,0.2595354751203944,-0.0388580336571234,0.6767784681445667,0.1487788802318575,0.3712352808130658,0.3985761897299784
Toyama,Pop,genre,disklavier,Pop_05,0.1683998383625504,0.1033821317851456,0.4599878319379951,0.3017005051083017,0.4793002212596827,0.4186024724481826,0.1140742890935098,0.286810553857905,0.1690470045852614
Toyama,Pop,genre,disklavier,Pop_06,0.416797577891017,0.695393122141766,0.3418447084723311,0.5795594632426774,0.4638455510523841,0.8172703131393408,0.1796366482641244,0.599433813344539,0.4990142123685703
Toyama,Pop,genre,disklavier,Pop_07,-0.0571075506530152,0.8819379068315985,0.252275690305747,0.2428423257491527,-0.0673009474074335,0.6025976020478062,0.1863815574757389,0.2300058053942141,0.4958222044564248
Toyama,Pop,genre,disklavier,Pop_08,0.623129189128329,0.7568766840481249,0.5654158837524618,0.6737756157400961,0.6013080243125386,0.9636415667171866,0.9457806791973832,0.980311699062798,0.6719256117901874
Toyama,Pop,genre,disklavier,Pop_09,0.2306264336419034,0.3585844346107718,0.3857806971632268,0.1652116270313803,-0.1206429355640712,0.904112865531417,0.3622112948003226,0.7736872451897656,0.3158176275676161
Toyama,Pop,genre,disklavier,Pop_10,0.5806495619433609,0.6422003481629502,0.312429472470962,0.1395957735225014,0.3068461946938028,0.4341738303944221,0.2155924539273233,0.2030850101924976,0.6357298227877709
Toyama,Rock,genre,disklavier,Rock_01,0.0053613004756169,0.4270327910874694,-0.0125342921027011,-0.0144565163066566,0.1667669789808288,0.7007337650761545,0.267132041050538,0.7879242169512041,-0.0139452053263605
Toyama,Rock,genre,disklavier,Rock_02,0.5634720319416392,0.5713285604767468,0.5299123452449981,0.0140863394166151,-0.0511358673257652,0.6817980237981087,0.2449736128759773,0.3187533649260234,0.0421610128698409
Toyama,Rock,genre,disklavier,Rock_03,0.0115172737065173,0.104335570975053,0.0254320722450432,0.8503924372817874,0.6482222359302795,0.9206560491215549,0.3954614982847748,0.7577264260505623,0.1688099908688296
Toyama,Rock,genre,disklavier,Rock_04,0.2912385678503085,0.3480305440216002,0.170244582502189,0.054704440397601,-0.1743177987971928,0.8063540754014873,0.2571935704533882,0.397710955469866,-0.026257036505468
Toyama,Rock,genre,disklavier,Rock_05,0.4782849578839667,0.0614657440921239,0.4938893353479443,-0.1266270065379088,0.1207586315638056,0.3531024640018738,0.1170788281100891,0.3560926190758753,0.1274972769201151
Toyama,Rock,genre,disklavier,Rock_06,0.1297692149670602,0.1827746575344169,0.1688367094864627,0.1958379010768834,-0.0546842175631056,0.9262600956728768,0.3246044207964657,0.6323995532302311,0.0946061481008628
Toyama,Rock,genre,disklavier,Rock_07,-0.0190191075653773,0.2651608048158066,0.0797794671515569,0.1159539443389095,0.1749144050793934,0.286145084899355,0.093969498099547,0.5389476825400388,0.101252283758136
Toyama,Rock,genre,disklavier,Rock_08,0.5034870795822978,0.7087431159389855,0.5251902988897508,0.2484268965448714,0.2809186709330581,0.2525516516089136,0.1186481077898982,0.0641256757663761,0.205332274425542
Toyama,Rock,genre,disklavier,Rock_09,0.3102859022241497,0.087838575224137,0.2592218596104463,0.2497043815735809,0.0591415227120913,0.630412077318373,0.1475964382303965,0.4211030511715209,0.5018336243893893
Toyama,Rock,genre,disklavier,Rock_10,0.6364719585929631,0.3590940538083442,0.7112011062604117,0.4931585749199076,0.519055839579245,0.6464461688342654,0.3031373852916785,0.2515648099114622,0.3186886910209882
Toyama,Soul,genre,disklavier,Soul_01,0.4494021305519498,0.4542522230781788,0.2580834210001377,0.4941344548598076,0.4655039679506456,0.8949729016861667,0.2525080855311012,0.2617012536168594,-0.2770580104304944
Toyama,Soul,genre,disklavier,Soul_02,0.2354263067600024,0.2414927401579048,0.0101982012613365,0.4620116748182778,0.2495965569347744,0.5898127320357607,0.1402369204824708,0.3044357513183029,0.0838656485313744
Toyama,Soul,genre,disklavier,Soul_03,0.4569095894829003,0.5449483379382174,0.3859695026342721,-0.1374720823092215,-0.0526725961407271,0.6721169111579229,0.1390150751930044,0.5962499181969477,0.5044952947046972
Toyama,Soul,genre,disklavier,Soul_04,0.3785244873926698,0.1594026178583977,0.0003898028504024,0.3932839556843501,0.3189470845231667,0.5133624040268123,0.0891910826203708,0.2070766954253889,0.2659108539140373
Toyama,Soul,genre,disklavier,Soul_05,0.242845938190344,0.2361724494220952,0.2679714730757792,0.2844831758865127,0.0481739576829456,0.2903007933878399,0.0897239513290516,0.1981363569978165,0.5846337857225803
Toyama,Soul,genre,disklavier,Soul_06,0.6923278638347324,0.5817983035143871,0.84599075020252,0.1307474060407737,0.015095696482045,0.5431127261234356,0.1711852392381504,0.842189349117634,0.7237744451972921
Toyama,Soul,genre,disklavier,Soul_07,0.4355105468452276,0.2028704138716996,0.3174612730320725,0.4380210045833731,-0.0335765616264466,0.3215088400471648,0.2327190981586306,0.5571885225120486,0.2731036643629029
Toyama,Soul,genre,disklavier,Soul_08,0.3286060925896508,0.2812460410991744,0.6501149070242513,0.1903239742563741,0.2485870977122345,0.6304400018159035,0.1219506059782323,0.0622131250432339,0.5475646524492432
Toyama,Soul,genre,disklavier,Soul_09,0.1968635663870383,0.6747428868510523,0.1730588848481247,0.0069032953128902,-0.051431533237029,0.8070126816533153,0.0338597602282802,0.4323931651603295,0.1090534370468604
Toyama,Soul,genre,disklavier,Soul_10,0.2283581612748801,0.721338550905911,0.1893626107750637,0.1817772989053084,-0.2869262580657849,0.3723913232298165,0.0873275708436541,0.0879378329997087,0.0700413352308675
Toyama,World,genre,disklavier,World_01,0.5099859135762267,0.4946556129783258,0.2301330671130373,0.3852594169777086,0.4605630986030383,0.3606828892140717,0.0736310929929088,0.1739988824691599,0.1610655106149073
Toyama,World,genre,disklavier,World_02,0.233906741725392,0.3533817594930463,0.3393699569633455,-0.0803118252388577,0.1028977441377878,0.320333763044359,0.1310596239631204,0.767523003741103,0.0668734837533566
Toyama,World,genre,disklavier,World_03,0.6246716996327865,0.5711881962298769,0.6527721303781631,0.5812930042381546,0.3646799333829638,0.6213554993664541,0.4212950183945356,0.6136494256706285,0.5566988271872142
Toyama,World,genre,disklavier,World_04,0.309268036158778,0.4687280610962384,0.3111537927465243,0.1640307867403721,0.1487444652607617,0.322543567822768,0.1210765639498805,0.7444329091050792,0.1840769829012196
Toyama,World,genre,disklavier,World_05,0.1107119810400894,0.584731854620333,0.1339289692802127,0.0506511576547903,0.4394574231643171,0.6022142407612289,0.124485308290374,0.4238843125940383,0.2647739282600655
Toyama,World,genre,disklavier,World_06,0.6005800002028402,0.8421667860384939,0.411488282841121,0.2925963804557872,0.3812030469817121,0.8600186264985754,0.4215410663988608,0.6063729879401302,0.6302383753506545
Toyama,World,genre,disklavier,World_07,0.0692109137497877,0.2625755810314011,0.1737959855151798,0.2912398431494293,0.1941110266455493,0.7844874890205951,0.4442879801661018,0.5250638008426727,0.208909913664165
Toyama,World,genre,disklavier,World_08,0.274863007293075,-0.0127113910562437,0.4831894311526927,0.271938049158627,-0.0389811082896966,0.2419664467310218,0.1982165459679981,0.4761328318387756,0.1012791951372934
Toyama,World,genre,disklavier,World_09,0.1880712056871674,0.411860278633906,0.5657909787895599,0.138498768535069,0.1377159452374632,0.5573590942601772,0.0913680769490578,0.5274836500940343,0.4068583055319229
Toyama,World,genre,disklavier,World_10,0.8146103421173765,0.8944792811092651,0.8713256850360267,0.5304242920783016,0.6480067963624104,0.8582104432787333,0.3927967428879491,0.4820537039260953,0.5946331735369743
Edwards,Blues,genre,disklavier,Blues_01,0.3920739123204819,0.5383988073953561,0.4200194124437356,0.1021654345821159,0.0117269200037531,0.5505811409773114,0.136943674070805,0.2201649818783399,0.310219520818572
Edwards,Blues,genre,disklavier,Blues_02,0.4063964867859072,0.3860075650737392,0.3669474420943197,0.1571360006764172,0.3290048103821291,0.8751292856317604,-0.4970418752156096,-0.1128578668439693,0.7579577129565798
Edwards,Blues,genre,disklavier,Blues_03,0.3204051673815092,0.6264198216412378,0.3619739455480952,0.2138745139493094,0.1211301815983188,0.5669245005170812,0.1239300130383005,0.3458645427395136,-0.0410588889389759
Edwards,Blues,genre,disklavier,Blues_04,0.5645835348250394,0.3839185023174041,0.5335039394594343,0.2163732248405018,0.2104110754423798,0.7571165743649007,0.2829850791722978,0.4688032790723752,0.3419846875488235
Edwards,Blues,genre,disklavier,Blues_05,0.5852852686092607,0.7780900611157178,0.6399628178561295,0.2987579839706105,0.3347609147903336,0.8429010612534701,0.6519537883312958,0.8526328869288478,0.5899543716652556
Edwards,Blues,genre,disklavier,Blues_06,0.4711143459275728,0.5481930449069117,0.4712287615861126,0.3134213173626684,0.2781572300011881,0.3188988606135082,0.1268351672546428,0.4912051586572567,0.3653477358111541
Edwards,Blues,genre,disklavier,Blues_07,0.9184614528294668,0.524067669501156,0.063682638169644,0.249960201083466,-0.0836948128384493,0.6810444929319095,0.2130707239684384,0.3759177171920774,-0.0248505149604844
Edwards,Blues,genre,disklavier,Blues_08,0.7525510298115964,0.8024278800947245,0.7548633508267004,0.1087127666798263,0.4158921255914029,0.5081934079184997,0.1671114762359153,0.3419362324637962,0.4828304305672177
Edwards,Blues,genre,disklavier,Blues_09,0.9010904840121324,0.8933476722326169,0.8293679765884857,0.5300098838695786,0.4965576358271401,0.6197530183167373,0.1477593674151348,0.3286937012414073,0.1300895775981881
Edwards,Blues,genre,disklavier,Blues_10,0.2055648648503961,0.2516605858526662,0.1140486433247716,0.3332369430290451,0.0816795251195494,0.609614780053714,0.1402084379325507,0.2546254835024449,0.391770858641413
Edwards,Classical,genre,disklavier,Classical_01,0.5624912171855707,0.3448346282974636,0.6850935394476075,0.342447043003856,0.2922354560426005,0.7616975963717508,0.1023871986160099,0.2134873827067645,0.1978965010014024
Edwards,Classical,genre,disklavier,Classical_02,0.2000253266602858,0.2241296464276796,0.3892214258339879,0.2867397792855741,-0.1863524554143439,0.8299728586292427,0.256561936477875,0.5975018009846427,0.3628269298515391
Edwards,Classical,genre,disklavier,Classical_03,0.901288157735578,0.8187556413151518,0.5989788921174186,0.3523346071937703,0.339404546302106,0.7422604782175132,0.3269157035715425,0.4285576324673916,0.1683054612643998
Edwards,Classical,genre,disklavier,Classical_04,0.2512083962708303,0.8762309633968326,0.2756279393447949,0.2559113539551363,0.3692958334583539,0.7283754244887978,0.1399978481538089,0.3530559591336271,0.3695964135516675
Edwards,Classical,genre,disklavier,Classical_05,0.4091601737381262,0.4048644724170964,0.4189123882123612,0.5725211353645479,0.4365331096867555,0.3102789202596722,0.1343511091818867,0.2373822501768309,0.3125790688839001
Edwards,Classical,genre,disklavier,Classical_06,0.8078061958071127,0.4457413034767695,0.5049414270747091,0.5134260646453882,0.3130914597039336,0.5626754584608932,0.1162997566509079,0.4742825032577369,0.4511930780245083
Edwards,Classical,genre,disklavier,Classical_07,0.6515645389477109,0.1606113933144073,0.4783016740753946,0.1321984508542819,0.0953309224408238,0.7205397802818488,0.1717300986325637,0.4742938193736447,0.9307695305695738
Edwards,Classical,genre,disklavier,Classical_08,0.1856318880867901,0.1595198280330612,0.1379594190345904,0.4136135755852851,-0.0699929005644096,0.461612054003475,0.1593058102243116,0.6410959107829133,0.2695705220017776
Edwards,Classical,genre,disklavier,Classical_09,0.2016243075720855,0.4024226945743369,0.3282962962276731,0.4117891348308616,-0.2267092214987019,0.7973323482430115,0.123222655568354,0.3820410605280609,0.415660440778165
Edwards,Classical,genre,disklavier,Classical_10,0.5204154438705303,0.2601302529813595,0.5444625326310255,0.4077292570873579,-0.0887441963108343,0.825287147221662,0.1585228814638202,0.5323041679818437,0.4528694768159762
Edwards,Country,genre,disklavier,Country_01,0.3634163763349555,0.4507623995041603,0.5547226216728901,0.3927523032039954,0.6413829429235437,0.892950585871476,0.292928947424885,0.6959751723421024,0.5331288514341153
Edwards,Country,genre,disklavier,Country_02,0.5406029759465798,0.7279999899770462,0.4986662713365438,0.3260920589970795,0.6065252481135984,0.7703161949200769,0.2365710506404964,0.2567645109309802,0.2250135360165331
Edwards,Country,genre,disklavier,Country_03,0.2662262469092477,0.1747699344000281,0.2310994414055312,0.4129008460019986,0.477979528462292,0.7399672910849878,0.2201759616095181,0.5753474475660412,0.6902902376987321
Edwards,Country,genre,disklavier,Country_04,0.1039557620048099,0.3272107702632108,0.1062930019668601,0.2194353881057903,0.2095062062122493,0.8030549215385511,0.2486136694962815,0.3357901860384673,0.0273329275293082
Edwards,Country,genre,disklavier,Country_05,0.6307484243833537,0.2624563591462993,0.847173389666055,0.1172435715510161,0.2652743689255212,0.636972964556322,0.1161270677950902,0.1720895636712613,0.571310750719723
Edwards,Country,genre,disklavier,Country_06,0.1269671814469555,0.6866123432887973,0.3881684172323199,0.4895340322794784,0.5389662271294412,0.4739102597433424,0.0745551021103795,0.2804392717238339,0.4751016189543966
Edwards,Country,genre,disklavier,Country_07,0.0851735756815265,0.1298868440770603,-0.02588068345307,0.2050050685564375,0.4210160116094348,0.7583336065087339,0.1683659219417064,0.14321654916369,0.3934205828158741
Edwards,Country,genre,disklavier,Country_08,0.3658066387446433,0.3575395176250476,0.2960567812761441,-0.080755313051604,0.0653401723622157,0.7993350115670239,0.3669792224242849,0.6754112424536901,0.67684168295502
Edwards,Country,genre,disklavier,Country_09,0.6140183451480595,0.4861054303865465,0.6712254079492758,0.0107319895143116,0.168046726634884,0.8251992650779476,-0.631904390189929,-0.598072776595342,0.0041724236378983
Edwards,Country,genre,disklavier,Country_10,0.6042480610788017,0.8386662630061992,0.6487101528831328,0.428017931053797,0.2418099792260326,0.4719903826203562,0.1346409411845115,0.1917595817079506,0.6405722705169116
Edwards,Folk,genre,disklavier,Folk_01,0.4825953239327839,0.1643705450197652,0.7534034340608302,0.36348971226411,0.3623128185718645,0.6576705553470606,0.1186351903664785,0.1799540490065636,0.432014296476111
Edwards,Folk,genre,disklavier,Folk_02,0.5432019941879128,0.4525357707045654,0.6701584406171828,0.43842867060878,0.0251537183632093,0.5022634126022836,0.1801154131362961,0.751014031195807,0.5417756089814564
Edwards,Folk,genre,disklavier,Folk_03,0.5777584855302109,0.2316871384342348,0.3976933637019902,0.4693009040424724,0.3404702744920113,0.7590368410301752,0.1684991222227533,0.6921806973711402,0.3574698876150123
Edwards,Folk,genre,disklavier,Folk_04,0.0843139613085606,0.4790256647939952,0.0990089650703059,0.0861648949973607,-0.0801457710253632,0.6312716975151972,0.1640508899406566,0.2710745812763959,0.0197365415758123
Edwards,Folk,genre,disklavier,Folk_05,0.3182293408399257,0.7546823998236821,0.5511262423987164,0.5506877432553143,0.5700982437508496,0.8801521523548376,0.3609906242576564,0.4637978670842591,0.5299710728438051
Edwards,Folk,genre,disklavier,Folk_06,-0.0208805523155855,0.0774421542877321,0.0072627075774436,0.3289967747718548,0.349861730108651,0.8684247982566886,0.350395336120635,0.6045170977896497,0.4172240263510018
Edwards,Folk,genre,disklavier,Folk_07,0.3916810657045961,0.5029356304619398,0.5548722539694679,0.2710541102625715,0.288831342587286,0.8060767674785952,0.3084359251653733,0.4130823504117797,0.2963563429806869
Edwards,Folk,genre,disklavier,Folk_08,0.1235663460662802,0.428600250378559,0.1281782692644086,0.3481874436255067,0.3557625011801988,0.3501236359688918,0.0819802287794353,0.4015691481795278,0.0669404360633706
Edwards,Folk,genre,disklavier,Folk_09,0.3985829609527219,0.6716933257313376,-0.020141231071678,0.5935308041563839,0.1624438925172079,0.6997475565604975,0.1895861227914122,0.4890755813273338,0.4221532263393671
Edwards,Folk,genre,disklavier,Folk_10,0.021030800451999,0.2887289181886447,0.0812801257094809,0.0800259898468575,-0.1126152972664825,0.6342730893573919,0.1224120689308089,0.1678909841917735,0.0026573976203431
Edwards,Jazz,genre,disklavier,Jazz_01,0.5666886102159701,0.2667665612048929,0.8266106417870998,0.5343126333619634,0.3924914413370505,0.7668939666127917,0.1546855953527141,0.5661827335046933,0.7831029904328669
Edwards,Jazz,genre,disklavier,Jazz_02,0.6964362859244617,0.3709725912600328,0.5629714174403906,0.5193447698809011,0.4838158576843365,0.6806259239851785,0.1243059106972692,0.3361421284897587,0.4424356770657326
Edwards,Jazz,genre,disklavier,Jazz_03,0.3586290918063058,0.4218881538799815,0.3328779849404641,0.580676593570471,0.3689803814386859,0.2748358336556789,0.084240950802434,0.1367562838585362,0.057753170125603
Edwards,Jazz,genre,disklavier,Jazz_04,0.2824057854645646,0.4537855861263373,0.1808928865815816,0.4522634625888455,0.2753137750379919,0.5765497658666139,0.1097804977619786,0.6290422139458066,0.4267153683559317
Edwards,Jazz,genre,disklavier,Jazz_05,0.4413769752548938,0.6882339730574137,0.3050393509117632,0.6610941864553052,0.4889267551678447,0.8767625094658759,0.0427559094001805,0.451985663174169,0.5647760753217658
Edwards,Jazz,genre,disklavier,Jazz_06,0.2310425798602174,0.3838868483552539,0.2781200995618088,0.3964229581480845,0.3039654975701637,0.7427840551089618,0.2311096677774495,0.8275942523512825,0.4013334947579513
Edwards,Jazz,genre,disklavier,Jazz_07,0.2184126861115011,0.3429768938444642,0.1191770213911631,0.4690993295821798,0.3679145325624663,0.6354929445168097,0.1437627971649634,0.4468395239517845,0.4124854288127077
Edwards,Jazz,genre,disklavier,Jazz_08,0.3510408347467106,0.0934635915670252,0.525426452672318,0.3656243574494844,0.2296114982379956,0.8153960972497032,-0.080649059563436,0.0864806227049338,0.4327908817097269
Edwards,Jazz,genre,disklavier,Jazz_09,0.4864103480590229,0.5270175398935675,0.415726605089362,0.283220909586312,-0.0197163155029521,0.3986456665587011,0.1204489488100351,0.4207779441493364,0.1538609743736501
Edwards,Jazz,genre,disklavier,Jazz_10,0.8551279854139432,0.1413087748999936,0.8678910745467854,0.3068343362710934,0.2169530767158766,0.8065110640505622,-0.7080165368339855,0.5019505662571775,0.6324224490113325
Edwards,Latin,genre,disklavier,Latin_01,0.4299040919221689,0.4413764573995709,0.4263902715375399,0.4018269408691886,0.268711357395596,0.5243326246663191,0.1592790242385263,0.5281752377175584,0.5759660536286457
Edwards,Latin,genre,disklavier,Latin_02,0.3659687193893948,0.1328389361397242,0.5780510893271043,0.3847966217335188,0.1734961188614898,0.4933492327963849,0.1524156282657524,0.2068314837052679,0.2249640492895336
Edwards,Latin,genre,disklavier,Latin_03,0.559536497460609,0.4195384110953909,0.4470209271366039,0.1821189325320684,0.141088776445466,0.6740252268908266,0.214241543095773,0.6252585926562855,-0.1397058245224063
Edwards,Latin,genre,disklavier,Latin_04,0.1368980460128912,0.7991248434103847,0.1086384791890394,0.3914572815966485,0.3133319652077286,0.8077565343662625,0.3229062895997814,0.8765440679056884,0.0368332432976014
Edwards,Latin,genre,disklavier,Latin_05,0.0883915715719009,0.1334987074488967,0.0301691492505531,0.2260174778610902,0.2409098753056062,0.8884506274337726,0.4090397777819379,0.6064763752461878,0.4670716588287762
Edwards,Latin,genre,disklavier,Latin_06,0.6215561031767951,0.3866150920392898,0.6418754107469379,0.6672174872996032,0.5768484810841672,0.7157644333736155,0.4076499016327601,0.4540308049265913,-0.0325270672667277
Edwards,Latin,genre,disklavier,Latin_07,0.531547057736186,0.5473537232762229,0.529318674576241,0.2233852593177904,0.06563116469702,0.6730364705047982,0.3107923745488996,0.3544756790056707,0.372351416850259
Edwards,Latin,genre,disklavier,Latin_08,0.5505091954242358,0.722390966115805,0.554196453075475,0.3794255867394809,0.3072222035278519,0.9954133448402148,0.9290463552630902,0.9888106422028472,0.1998726644047555
Edwards,Latin,genre,disklavier,Latin_09,0.5666059807846532,0.7572856702713917,0.7866470865810942,0.6247029527108315,0.2028921030905942,0.6809599394931742,0.1457691050821198,0.7703124479125647,0.739992344653266
Edwards,Latin,genre,disklavier,Latin_10,0.1722938059038972,-0.0495508598329333,0.2008192159036271,0.3576702402071708,0.4030220170179103,0.875221600453011,0.3862176667262538,0.5833329897787742,0.1001868285704966
Edwards,Pop,genre,disklavier,Pop_01,0.6702925921659079,0.6582815310072757,0.7543040681128261,0.5776229907636903,0.1806004040996633,0.7135238773361494,0.9147536465894854,0.9700981516228026,0.6618762229789988
Edwards,Pop,genre,disklavier,Pop_02,0.2167906103372005,0.1700569824001777,0.2626660937008575,0.4945133676116189,0.4499156377624792,0.631002509924714,0.1065485807319779,0.6278106791401225,0.3713915448014965
Edwards,Pop,genre,disklavier,Pop_03,0.1910099814674827,0.2692059795758101,0.1056826256254576,0.0936941708565555,-0.056047693074019,0.5744383313250259,0.105460011123157,0.4197355132242365,0.2158057674234953
Edwards,Pop,genre,disklavier,Pop_04,0.3057729523428951,0.0128773022320549,0.291707648631328,0.3959627757774586,-0.0035272484049092,0.6726210908131599,0.1112564814792506,0.0431081798653859,0.5503800825143776
Edwards,Pop,genre,disklavier,Pop_05,0.1279855080951502,0.097606831476294,0.3321423706504032,0.4006446047319469,0.5212711270824099,0.4186024724481826,0.1151732161074229,0.2810182577704592,0.0944646222674065
Edwards,Pop,genre,disklavier,Pop_06,0.5944513713062599,0.8817738208508754,0.5255787756511601,0.7461152198927593,0.6832533828647402,0.8189753000192499,0.1872914063681714,0.6322839687204512,0.2860736807407942
Edwards,Pop,genre,disklavier,Pop_07,0.1396826701095184,0.386547095915773,0.3746219952527094,0.2568561281742478,0.2782737546834689,0.6025976020478062,0.2027710248470026,0.2254506163469299,0.5636073859862195
Edwards,Pop,genre,disklavier,Pop_08,0.485093363670674,0.7591393717730568,0.4353963582378906,0.6581047044826212,0.6104630489446734,0.9526518741222476,0.9319834731332776,0.993251396218012,0.6658216861150492
Edwards,Pop,genre,disklavier,Pop_09,0.2864384558696599,0.5655027241543807,0.3120425665998212,0.3766858460403251,0.2364132958765616,0.703856571392755,0.1758257514870661,-0.5503032457338248,0.2327476113282227
Edwards,Pop,genre,disklavier,Pop_10,0.5533533753996005,0.5948273178906494,0.1828510819840471,0.2639368454965617,0.2559151179043356,0.4341738303944221,0.2153443742512238,0.2091631569814586,0.6940461792671049
Edwards,Rock,genre,disklavier,Rock_01,0.2541003381743758,0.5906750007450213,0.2590630129687356,0.1153112681515454,0.1950701517521328,0.6194867812488349,0.165774262165053,0.8662864686309546,-0.019876656268824
Edwards,Rock,genre,disklavier,Rock_02,0.4560213723986467,0.653420264465305,0.5481813490088004,0.2191187993869282,0.0840003276324643,0.6811046671139198,0.2302682495810849,0.3313799986998931,0.0537414579881127
Edwards,Rock,genre,disklavier,Rock_03,0.0241691899538842,0.1162532247843165,0.001828945960477,0.4622297107864475,0.584378412592924,0.9672831735992504,0.9811568623139876,0.9967814770120814,0.4158996967119203
Edwards,Rock,genre,disklavier,Rock_04,0.0909811713406999,0.2576510804451558,0.0682698234062611,-0.0994150262626718,-0.1563893697680115,0.8063540754014873,0.2781507339977968,0.4012671563646275,-0.0088933337048287
Edwards,Rock,genre,disklavier,Rock_05,0.4653756765374321,0.2657329002530956,0.4369962749763934,-0.062112186625803,0.1558301149667671,0.3491698233450471,0.1271966465601768,0.3617679046425201,0.0960391105070339
Edwards,Rock,genre,disklavier,Rock_06,0.1775652141798087,0.6801220315164743,0.1512163423380062,0.2913730343991426,0.1254065293060187,0.9054585515286616,0.2979162424687421,0.5611583179754952,0.0754305329142554
Edwards,Rock,genre,disklavier,Rock_07,-0.0009959949827742,0.5302533012849479,0.0988022148966397,0.1767486121777841,0.2834829222757492,0.3195805810577881,0.0921997806283781,0.5339948533825714,0.1024077113063289
Edwards,Rock,genre,disklavier,Rock_08,0.4704378031107223,0.692523929433367,0.5015754560764076,0.2564101234697909,0.3214824361436694,0.2525516516089136,0.1221518926803216,0.0807134372764059,0.1553283397213807
Edwards,Rock,genre,disklavier,Rock_09,0.3302693994589852,0.2561256107840544,0.5731784073474065,0.3930966900542305,0.0824854996623501,0.686391074773512,0.1766264736969888,0.3861490978929689,0.4388443957569494
Edwards,Rock,genre,disklavier,Rock_10,0.742234288749969,0.7001869729484019,0.7532704524776573,0.6170339674959999,0.6243912184445158,0.6464461688342654,0.295780284158068,0.2445805957096301,0.3451781716285674
Edwards,Soul,genre,disklavier,Soul_01,0.513809418964312,0.4581664950074006,0.3468723578605808,0.9085540279654816,0.7092761491501532,0.273790797531285,0.1620797382115786,0.2029086485349361,-0.2278942966111496
Edwards,Soul,genre,disklavier,Soul_02,0.143435166976034,0.2209579175865338,0.0471288461945757,0.3778887417511818,0.2346512810868674,0.5857741341983257,0.1354212607329422,0.2749440451813458,0.0414138614469988
Edwards,Soul,genre,disklavier,Soul_03,0.6523869710349738,0.5795721529749928,0.5754078895089506,0.037749405270162,0.0668733503137894,0.2234182636543649,0.1575762691937763,-0.4637224192066393,0.9080417928675466
Edwards,Soul,genre,disklavier,Soul_04,0.3340676995076707,0.1772926948341056,-0.006419715937602,0.3740665291765943,0.3357456366503291,0.5133624040268123,0.0870287449371026,0.2496434394950718,0.2541651607846104
Edwards,Soul,genre,disklavier,Soul_05,0.284069572599748,0.083433682005141,0.4123010159712114,0.4993674688824915,0.0824720812260009,0.2938997792082964,0.090749283357551,0.2122485615338048,0.5636296940773888
Edwards,Soul,genre,disklavier,Soul_06,0.7130430541790297,0.1171416992479603,-0.6392287213300896,0.4031413131495975,0.163064217497911,0.8458236187836922,0.2962044713446501,0.9341909577536296,0.1613501184431867
Edwards,Soul,genre,disklavier,Soul_07,0.3567036301953918,0.3083848967155645,0.3321992157040905,0.4971172204411385,0.1557655936977257,0.4352649941180149,0.2518589371931445,0.5796725145581992,0.306341612923386
Edwards,Soul,genre,disklavier,Soul_08,0.6505100060770292,0.3564049710117407,-0.7141992912182409,0.4338746210134902,0.2614626159972552,0.6518821556600387,-0.2078072854727532,-0.0150636338270524,0.0762981498586904
Edwards,Soul,genre,disklavier,Soul_09,0.4537194875971639,0.7200081730398357,0.4036889459285703,0.3875431527249883,0.2876250550862481,0.8070126816533153,0.0359977404813434,0.4344446963846831,0.1925582918416179
Edwards,Soul,genre,disklavier,Soul_10,0.2865807819163696,0.6282674296678203,0.2504955982446556,0.2099503286902872,-0.1235907765734039,0.3424264301988683,0.0991376400773085,0.0746127481698873,0.106657638089649
Edwards,World,genre,disklavier,World_01,0.5338353752674159,0.1919892060727622,0.3717150698298396,0.4322835290632041,0.4493472577158773,0.2254523507135107,0.057017593072054,0.1927240100952539,0.1161741637435545
Edwards,World,genre,disklavier,World_02,0.3661609116525502,0.4273031055327038,0.4595794632303156,0.0941465349241584,0.0122044961890236,0.2990902292544376,0.1827685873687857,0.7706493345879786,0.1414769169740941
Edwards,World,genre,disklavier,World_03,0.7417152565539462,0.665348534856933,0.7777879002491425,0.4363178287122365,0.4399482911693752,0.7083863375496311,0.4019736488266884,0.6101916473444974,0.5396241313482749
Edwards,World,genre,disklavier,World_04,0.5218018637882216,0.3108395607807861,0.5940899287256433,0.2507164139880631,0.2661516182035393,0.3411267199248615,0.1315759344988492,0.7412789012212322,0.7737056776826899
Edwards,World,genre,disklavier,World_05,0.0883890258873418,0.2620059434979993,0.1361989540451087,-0.0420626507858931,0.4402650208433928,0.6022142407612289,0.1099357993139555,0.4267512952300746,0.2871986983437557
Edwards,World,genre,disklavier,World_06,0.5588567814654702,0.8695553062502319,0.4159600518667229,0.3750359988912672,0.3948158847338235,0.7482542418243137,0.3355464165903361,0.4260227069610234,0.747754831872195
Edwards,World,genre,disklavier,World_07,0.3088286859061543,0.3063994946974896,0.3466628428573134,0.3613545946062683,0.4833119022138737,0.7496277600701403,0.411794015884188,0.5044368450166828,0.2028645532081918
Edwards,World,genre,disklavier,World_08,0.5801031681276027,0.0935196690331958,0.5455319103016915,0.3486877024594779,0.1120055145697384,0.267928178140405,0.1688568522751636,0.4862163152221092,-0.0072256990445156
Edwards,World,genre,disklavier,World_09,0.3196211082210821,0.4509605337629254,-0.3530687546270237,0.3835201875981407,0.1615141708525649,0.5551902577741988,0.0927664905648236,0.5032805012311843,-0.1803608910699705
Edwards,World,genre,disklavier,World_10,0.6070198681408789,0.9469985336816616,0.6581739173902816,0.2485641992656402,0.5510833890987017,0.3166041551727996,0.0262560281238725,0.340775291344133,0.3618292287926743
