model,polyphony,dynamics,midiset,audioset,piece_id,p_frame,r_frame,f_frame,p_note_on,r_note_on,f_note_on,p_note_on_off,r_note_on_off,f_note_on_off,p_note_on_vel,r_note_on_vel,f_note_on_vel,p_note_on_off_vel,r_note_on_off_vel,f_note_on_off_vel
OaF,1,0,random,disklavier,RANDOM_P01_D0,0.8902869125917453,0.7867250673854448,0.835308321781514,0.7777777777777778,0.9166666666666666,0.8415300546448087,0.5757575757575758,0.6785714285714286,0.6229508196721312,0.1818181818181818,0.2142857142857142,0.1967213114754098,0.1414141414141414,0.1666666666666666,0.1530054644808743
OaF,1,1,random,disklavier,RANDOM_P01_D1,0.8465264893836323,0.6905742873959472,0.7606390368140774,0.7835051546391752,0.8941176470588236,0.8351648351648352,0.5360824742268041,0.611764705882353,0.5714285714285715,0.4845360824742268,0.5529411764705883,0.5164835164835164,0.3505154639175257,0.4,0.3736263736263736
OaF,1,2,random,disklavier,RANDOM_P01_D2,0.7414824447334201,0.7192834917164241,0.730214291812516,0.7021276595744681,0.8354430379746836,0.7630057803468209,0.4468085106382978,0.5316455696202531,0.4855491329479768,0.4893617021276595,0.5822784810126582,0.5317919075144508,0.2978723404255319,0.3544303797468354,0.3236994219653179
OaF,2,0,random,disklavier,RANDOM_P02_D0,0.7932903520282992,0.5856041780735375,0.6738066392052339,0.8103448275862069,0.8597560975609756,0.8343195266272189,0.4540229885057471,0.4817073170731707,0.4674556213017751,0.1724137931034483,0.1829268292682926,0.1775147928994083,0.0804597701149425,0.0853658536585365,0.0828402366863905
OaF,2,1,random,disklavier,RANDOM_P02_D1,0.8715259219668626,0.5487779226788945,0.6734815044270632,0.845679012345679,0.8106508875739645,0.8277945619335346,0.4444444444444444,0.4260355029585799,0.4350453172205438,0.4691358024691358,0.4497041420118343,0.459214501510574,0.2901234567901234,0.2781065088757396,0.2839879154078549
OaF,2,2,random,disklavier,RANDOM_P02_D2,0.8027530828792658,0.589181225005262,0.679582422918184,0.8733333333333333,0.81875,0.8451612903225806,0.4733333333333333,0.44375,0.4580645161290322,0.6466666666666666,0.60625,0.6258064516129032,0.34,0.31875,0.3290322580645161
OaF,3,0,random,disklavier,RANDOM_P03_D0,0.822818898261455,0.5834597023308059,0.6827689324854997,0.8861788617886179,0.8650793650793651,0.8755020080321285,0.4024390243902439,0.3928571428571428,0.3975903614457831,0.1910569105691057,0.1865079365079365,0.1887550200803213,0.089430894308943,0.0873015873015873,0.0883534136546184
OaF,3,1,random,disklavier,RANDOM_P03_D1,0.8196062675773403,0.5151804253886301,0.6326780268440186,0.8333333333333334,0.813953488372093,0.8235294117647058,0.3412698412698413,0.3333333333333333,0.3372549019607843,0.5238095238095238,0.5116279069767442,0.5176470588235295,0.2222222222222222,0.2170542635658914,0.2196078431372548
OaF,3,2,random,disklavier,RANDOM_P03_D2,0.8758823828144838,0.4838954042982997,0.6233892975258887,0.9020618556701032,0.7322175732217573,0.8083140877598152,0.3969072164948453,0.3221757322175732,0.3556581986143186,0.6443298969072165,0.5230125523012552,0.5773672055427251,0.2989690721649484,0.2426778242677824,0.2678983833718245
OaF,4,0,random,disklavier,RANDOM_P04_D0,0.7926657677199976,0.5690086905287965,0.6624692235138478,0.8545454545454545,0.834319526627219,0.844311377245509,0.3212121212121212,0.3136094674556213,0.3173652694610778,0.1575757575757575,0.1538461538461538,0.155688622754491,0.0696969696969697,0.0680473372781065,0.0688622754491018
OaF,4,1,random,disklavier,RANDOM_P04_D1,0.8577781044430561,0.4910586552217453,0.6245668490694781,0.886435331230284,0.8192419825072886,0.8515151515151516,0.334384858044164,0.3090379008746355,0.3212121212121212,0.526813880126183,0.4868804664723032,0.5060606060606061,0.2082018927444795,0.1924198250728863,0.2
OaF,4,2,random,disklavier,RANDOM_P04_D2,0.8029042615294805,0.463050248295598,0.5873592056798164,0.918032786885246,0.6934984520123839,0.7901234567901234,0.4098360655737705,0.3095975232198142,0.3527336860670194,0.6598360655737705,0.4984520123839009,0.5679012345679012,0.3155737704918033,0.2383900928792569,0.271604938271605
OaF,5,0,random,disklavier,RANDOM_P05_D0,0.7991825748890994,0.5399834980719687,0.6444987087114248,0.8774509803921569,0.850356294536817,0.8636911942098915,0.2794117647058823,0.2707838479809976,0.2750301568154403,0.1666666666666666,0.1615201900237529,0.1640530759951749,0.0661764705882353,0.0641330166270783,0.0651387213510253
OaF,5,1,random,disklavier,RANDOM_P05_D1,0.8065154194263794,0.4531081627155172,0.5802348020138208,0.8730569948186528,0.7910798122065728,0.8300492610837439,0.3005181347150259,0.272300469483568,0.2857142857142857,0.4870466321243523,0.4413145539906103,0.4630541871921182,0.1787564766839378,0.1619718309859155,0.1699507389162561
OaF,5,2,random,disklavier,RANDOM_P05_D2,0.8167240127529278,0.4356604027749713,0.5682190035907628,0.9278350515463918,0.6650246305418719,0.7747489239598279,0.3848797250859107,0.2758620689655172,0.321377331420373,0.6632302405498282,0.4753694581280788,0.5538020086083213,0.3058419243986254,0.2192118226600985,0.2553802008608321
OaF,6,0,random,disklavier,RANDOM_P06_D0,0.7657874663776145,0.5351681957186545,0.630036992997754,0.8694779116465864,0.8506876227897839,0.8599801390268124,0.2449799196787148,0.2396856581532416,0.2423038728897715,0.1827309236947791,0.1787819253438114,0.1807348560079444,0.0502008032128514,0.0491159135559921,0.0496524329692154
OaF,6,1,random,disklavier,RANDOM_P06_D1,0.7743398306358671,0.4334782608695652,0.5558113187188664,0.8691796008869179,0.7747035573122529,0.819226750261233,0.2505543237250554,0.2233201581027667,0.2361546499477533,0.4944567627494456,0.4407114624505929,0.4660397074190177,0.1618625277161862,0.1442687747035573,0.1525600835945663
OaF,6,2,random,disklavier,RANDOM_P06_D2,0.7995415180845644,0.3963550654488825,0.5299828347919071,0.8968481375358166,0.6374745417515275,0.7452380952380951,0.326647564469914,0.2321792260692464,0.2714285714285714,0.6504297994269341,0.4623217922606925,0.5404761904761904,0.2521489971346705,0.1792260692464358,0.2095238095238095
OaF,7,0,random,disklavier,RANDOM_P07_D0,0.7332715477293791,0.5234188938872718,0.610823747394426,0.8632478632478633,0.8430717863105175,0.8530405405405405,0.2119658119658119,0.2070116861435726,0.2094594594594594,0.1846153846153846,0.1803005008347245,0.1824324324324324,0.0581196581196581,0.0567612687813021,0.0574324324324324
OaF,7,1,random,disklavier,RANDOM_P07_D1,0.7860977415771936,0.4084596794555795,0.5375869353651879,0.8519924098671727,0.7433774834437086,0.7939876215738285,0.2277039848197343,0.1986754966887417,0.2122015915119363,0.4459203036053131,0.3890728476821192,0.4155614500442087,0.127134724857685,0.1109271523178807,0.1184792219274977
OaF,7,2,random,disklavier,RANDOM_P07_D2,0.7804620496046566,0.3643545070879775,0.4967867798944227,0.8905852417302799,0.6044905008635578,0.7201646090534979,0.3078880407124681,0.2089810017271157,0.2489711934156379,0.6564885496183206,0.4455958549222797,0.5308641975308641,0.2188295165394402,0.1485319516407599,0.1769547325102881
OaF,8,0,random,disklavier,RANDOM_P08_D0,0.7079387332030842,0.4996210845402492,0.58581134031433,0.861236802413273,0.8299418604651163,0.8452997779422651,0.196078431372549,0.188953488372093,0.1924500370096225,0.1779788838612368,0.1715116279069767,0.1746854182087343,0.0497737556561085,0.0479651162790697,0.0488527017024426
OaF,8,1,random,disklavier,RANDOM_P08_D1,0.741241306915103,0.4160581637591801,0.5329640337221762,0.864406779661017,0.7285714285714285,0.7906976744186046,0.2050847457627118,0.1728571428571428,0.1875968992248062,0.4915254237288136,0.4142857142857143,0.4496124031007752,0.1254237288135593,0.1057142857142857,0.1147286821705426
OaF,8,2,random,disklavier,RANDOM_P08_D2,0.7285552927135946,0.3597049632256232,0.481621842464885,0.9077669902912622,0.56071964017991,0.6932344763670066,0.3228155339805825,0.1994002998500749,0.2465245597775718,0.6432038834951457,0.3973013493253373,0.4911955514365153,0.2305825242718446,0.1424287856071964,0.1760889712696941
OaF,9,0,random,disklavier,RANDOM_P09_D0,0.6738110351866373,0.5061757253321615,0.5780857902548934,0.8732970027247956,0.8281653746770026,0.850132625994695,0.1920980926430517,0.1821705426356589,0.1870026525198939,0.1825613079019073,0.1731266149870801,0.1777188328912466,0.0245231607629427,0.0232558139534883,0.0238726790450928
OaF,9,1,random,disklavier,RANDOM_P09_D1,0.7375906818602616,0.4098063237040708,0.5268783590434165,0.8580060422960725,0.7235668789808917,0.7850725639253628,0.202416918429003,0.1707006369426751,0.1852107809260539,0.459214501510574,0.3872611464968153,0.4201796821008984,0.1163141993957704,0.0980891719745223,0.1064270905321354
OaF,9,2,random,disklavier,RANDOM_P09_D2,0.7526898860285327,0.3532613269743302,0.4808462160218427,0.8872340425531915,0.5515873015873016,0.6802610114192496,0.2914893617021276,0.1812169312169312,0.2234910277324633,0.6340425531914894,0.3941798941798942,0.4861337683523655,0.202127659574468,0.1256613756613756,0.1549755301794453
OaF,10,0,random,disklavier,RANDOM_P10_D0,0.6957998002702226,0.4984849250037876,0.580842581195659,0.8762376237623762,0.8213457076566125,0.8479041916167664,0.1806930693069307,0.1693735498839907,0.1748502994011976,0.1745049504950495,0.1635730858468677,0.1688622754491018,0.0334158415841584,0.031322505800464,0.0323353293413173
OaF,10,1,random,disklavier,RANDOM_P10_D1,0.6740101100846083,0.4231157724617431,0.5198752721311815,0.8478561549100968,0.696590909090909,0.7648159700561448,0.1950207468879668,0.1602272727272727,0.1759201497192763,0.4619640387275242,0.3795454545454545,0.4167186525265128,0.1217150760719225,0.1,0.1097941359950093
OaF,10,2,random,disklavier,RANDOM_P10_D2,0.7446352730795023,0.33653239045334,0.463561567586059,0.8715953307392996,0.5352449223416965,0.6632124352331606,0.2665369649805447,0.1636798088410991,0.2028127313101406,0.6264591439688716,0.3847072879330944,0.4766839378238341,0.1964980544747081,0.1206690561529271,0.1495188749074759
OaF,11,0,random,disklavier,RANDOM_P11_D0,0.6512790187513114,0.5225283134374044,0.5798425651520427,0.8629385964912281,0.8232217573221757,0.8426124197002142,0.1644736842105263,0.1569037656903765,0.1605995717344754,0.175438596491228,0.1673640167364016,0.171306209850107,0.0230263157894736,0.0219665271966527,0.0224839400428265
OaF,11,1,random,disklavier,RANDOM_P11_D1,0.6483028382247252,0.4209229921898307,0.5104357989647688,0.8605898123324397,0.6632231404958677,0.7491248541423571,0.2010723860589812,0.1549586776859504,0.1750291715285881,0.470509383378016,0.3626033057851239,0.4095682613768961,0.1099195710455764,0.0847107438016528,0.0956826137689614
OaF,11,2,random,disklavier,RANDOM_P11_D2,0.7568431640204037,0.3224616609017723,0.4522409204086889,0.8698752228163993,0.5264293419633226,0.6559139784946236,0.2709447415329768,0.1639697950377562,0.2043010752688172,0.6149732620320856,0.372168284789644,0.4637096774193548,0.1978609625668449,0.1197411003236245,0.1491935483870967
OaF,12,0,random,disklavier,RANDOM_P12_D0,0.5981511824117777,0.5146337871104846,0.5532583863014319,0.861336032388664,0.8127984718242598,0.8363636363636362,0.1548582995951417,0.1461318051575931,0.1503685503685503,0.1761133603238866,0.166189111747851,0.171007371007371,0.0222672064777327,0.0210124164278892,0.0216216216216216
OaF,12,1,random,disklavier,RANDOM_P12_D1,0.645615997443331,0.3967357760071821,0.4914635735696599,0.8580246913580247,0.6581439393939394,0.744908896034298,0.1765432098765432,0.1354166666666666,0.1532690246516612,0.4518518518518518,0.3465909090909091,0.3922829581993569,0.091358024691358,0.0700757575757575,0.0793140407288317
OaF,12,2,random,disklavier,RANDOM_P12_D2,0.7489252231564771,0.3041929353352455,0.4326537533164436,0.8690476190476191,0.503448275862069,0.6375545851528385,0.2431972789115646,0.1408866995073891,0.1784154709918902,0.6224489795918368,0.3605911330049261,0.4566437928883343,0.1785714285714285,0.1034482758620689,0.131004366812227
OaF,13,0,random,disklavier,RANDOM_P13_D0,0.5326749413476284,0.5263590739841347,0.5294981743800873,0.8293577981651377,0.7936786654960492,0.8111260655002244,0.1348623853211009,0.1290605794556628,0.1318977119784656,0.1660550458715596,0.1589113257243195,0.1624046657694033,0.0348623853211009,0.0333625987708516,0.0340960071781067
OaF,13,1,random,disklavier,RANDOM_P13_D1,0.6524103419516264,0.3798117385055611,0.4801158798810103,0.8547619047619047,0.6281714785651793,0.724155320221886,0.1523809523809524,0.1119860017497812,0.1290973272818961,0.4357142857142857,0.3202099737532808,0.3691376701966717,0.0833333333333333,0.0612423447069116,0.0706001008572869
OaF,13,2,random,disklavier,RANDOM_P13_D2,0.7476259986501546,0.3083536174840748,0.4366243016183662,0.8446909667194928,0.4836660617059891,0.6151182919792268,0.2266244057052298,0.1297640653357532,0.1650317368724755,0.595879556259905,0.3411978221415608,0.4339296018465089,0.1695721077654516,0.0970961887477313,0.1234852856318522
OaF,14,0,random,disklavier,RANDOM_P14_D0,0.5687818308818045,0.5041778376233814,0.5345348981718412,0.8407310704960835,0.7885714285714286,0.8138163437236731,0.144473455178416,0.1355102040816326,0.1398483572030328,0.1662315056570931,0.1559183673469387,0.1609098567818028,0.0295909486510008,0.0277551020408163,0.0286436394271272
OaF,14,1,random,disklavier,RANDOM_P14_D1,0.6123218417068921,0.3867301656023379,0.4740560561667312,0.8225108225108225,0.6104417670682731,0.7007837713231905,0.158008658008658,0.1172690763052208,0.1346242508068234,0.4329004329004329,0.321285140562249,0.3688335638543107,0.0854978354978355,0.0634538152610441,0.0728446288612263
OaF,14,2,random,disklavier,RANDOM_P14_D2,0.7460929634620448,0.2895527771098822,0.4171953421703338,0.8516320474777448,0.4791318864774624,0.6132478632478633,0.2002967359050445,0.1126878130217028,0.1442307692307692,0.5741839762611276,0.3230383973288814,0.4134615384615384,0.1468842729970326,0.0826377295492487,0.1057692307692307
OaF,15,0,random,disklavier,RANDOM_P15_D0,0.475801327124806,0.5125714702532249,0.49350242426698,0.8319672131147541,0.7660377358490567,0.7976424361493125,0.1245901639344262,0.1147169811320754,0.1194499017681729,0.1745901639344262,0.160754716981132,0.1673870333988212,0.0360655737704918,0.0332075471698113,0.0345776031434184
OaF,15,1,random,disklavier,RANDOM_P15_D1,0.6254894751355823,0.38194534095948,0.4742794015661319,0.8450106157112527,0.5958083832335329,0.6988586479367865,0.173036093418259,0.1220059880239521,0.1431079894644425,0.440552016985138,0.3106287425149701,0.3643546971027217,0.0944798301486199,0.0666167664670658,0.0781387181738367
OaF,15,2,random,disklavier,RANDOM_P15_D2,0.7422508380465762,0.2820420737215997,0.4087619140561465,0.8535564853556485,0.4770070148090413,0.612,0.203626220362622,0.1137957911145752,0.146,0.5801952580195258,0.3242400623538581,0.416,0.1436541143654114,0.0802805923616523,0.103
OaF,16,0,random,disklavier,RANDOM_P16_D0,0.45281355052126,0.5322925217318095,0.489346829687141,0.8095238095238095,0.7595744680851064,0.7837541163556532,0.128495842781557,0.1205673758865248,0.1244054152945481,0.1655328798185941,0.1553191489361702,0.1602634467618002,0.0256991685563114,0.0241134751773049,0.0248810830589096
OaF,16,1,random,disklavier,RANDOM_P16_D1,0.3414639652714618,0.5569759428478239,0.4233721416132328,0.802943581357318,0.6871938418474458,0.7405731523378583,0.0915780866721177,0.0783764870538838,0.0844645550527903,0.2117743254292722,0.1812456263121063,0.1953242835595776,0.0220768601798855,0.0188943317004898,0.0203619909502262
OaF,16,2,random,disklavier,RANDOM_P16_D2,0.7206362043402076,0.2813494924405479,0.4046976538224262,0.8342036553524804,0.463379260333575,0.5958041958041959,0.1906005221932115,0.1058738216098622,0.1361305361305361,0.5574412532637075,0.3096446700507614,0.3981351981351981,0.1409921671018277,0.0783176214648295,0.1006993006993006
OaF,17,0,random,disklavier,RANDOM_P17_D0,0.5122609522528839,0.5281938784100306,0.5201054215031585,0.8224163027656477,0.7538358905937291,0.7866341802993387,0.1411935953420669,0.1294196130753835,0.1350504698920988,0.1652110625909752,0.1514342895263509,0.1580229725026105,0.0262008733624454,0.0240160106737825,0.0250609119387399
OaF,17,1,random,disklavier,RANDOM_P17_D1,0.5841129957143719,0.3833329207001559,0.4628883886263008,0.8397737983034873,0.5842622950819673,0.6890951276102089,0.1508011310084825,0.1049180327868852,0.1237432327919566,0.4476908576814326,0.3114754098360656,0.3673627223511215,0.0706880301602262,0.0491803278688524,0.0580046403712296
OaF,17,2,random,disklavier,RANDOM_P17_D2,0.7030764084201657,0.2810056502211063,0.4015283920042455,0.8253968253968254,0.4620642515379357,0.5924627519719543,0.1733821733821733,0.0970608339029391,0.1244522348816827,0.5714285714285714,0.3198906356801094,0.4101665205959685,0.1221001221001221,0.0683526999316473,0.0876424189307625
OaF,18,0,random,disklavier,RANDOM_P18_D0,0.4284375758254475,0.5369173984028892,0.476582386233873,0.8338008415147266,0.7435897435897436,0.7861157024793389,0.1164095371669004,0.1038148843026891,0.1097520661157024,0.1626928471248246,0.1450906816760475,0.1533884297520661,0.0245441795231416,0.0218886804252657,0.0231404958677685
OaF,18,1,random,disklavier,RANDOM_P18_D1,0.4706888058187719,0.3798625824949369,0.4204262500452961,0.8431372549019608,0.5608695652173913,0.6736292428198434,0.1419234360410831,0.0944099378881987,0.113390525923163,0.4397759103641456,0.2925465838509317,0.3513614323013801,0.0793650793650793,0.0527950310559006,0.0634091756807161
OaF,18,2,random,disklavier,RANDOM_P18_D2,0.7112004082153336,0.2607221523338306,0.3815647638960657,0.831764705882353,0.4520460358056266,0.5857497928748964,0.1729411764705882,0.0939897698209718,0.1217895608947804,0.548235294117647,0.2979539641943734,0.3860811930405964,0.1141176470588235,0.0620204603580562,0.08036454018227
OaF,19,0,random,disklavier,RANDOM_P19_D0,0.4447986969351681,0.539666433299953,0.4876616122587077,0.7966751918158568,0.7364066193853428,0.7653562653562653,0.1035805626598465,0.0957446808510638,0.0995085995085995,0.1585677749360614,0.1465721040189125,0.1523341523341523,0.0217391304347826,0.0200945626477541,0.0208845208845208
OaF,19,1,random,disklavier,RANDOM_P19_D1,0.6233249444371813,0.3380048916222108,0.4383238143393971,0.8268359020852222,0.5355255431591309,0.6500356379187455,0.1368993653671804,0.0886670581327069,0.1076265146115466,0.4351767905711695,0.2818555490311215,0.3421240199572344,0.0616500453309156,0.0399295361127422,0.0484675694939415
OaF,19,2,random,disklavier,RANDOM_P19_D2,0.7088317515927388,0.2617079523708271,0.3822757699188912,0.8411967779056386,0.4406268836648583,0.5783227848101266,0.1714614499424626,0.0898131404460518,0.117879746835443,0.5742232451093211,0.3007836045810729,0.3947784810126583,0.1219792865362485,0.0638939119951778,0.0838607594936708
OaF,20,0,random,disklavier,RANDOM_P20_D0,0.4744825863266947,0.5116234042284526,0.4923535570997187,0.8218649517684887,0.7171717171717171,0.7659574468085106,0.1260450160771704,0.1099887766554433,0.1174707821396464,0.1530546623794212,0.1335578002244669,0.142643092598142,0.0199356913183279,0.0173961840628507,0.0185795624812706
OaF,20,1,random,disklavier,RANDOM_P20_D1,0.552997608326764,0.3483867709324152,0.42746924737402,0.8146513680494263,0.511924570160843,0.6287465940054496,0.1385701676963812,0.0870770937326677,0.1069482288828337,0.4307149161518093,0.2706600110926234,0.332425068119891,0.0803177405119152,0.050471436494731,0.0619891008174386
OaF,20,2,random,disklavier,RANDOM_P20_D2,0.685123728446721,0.2397894125519209,0.3552450691580395,0.745475113122172,0.3737946681792399,0.4979221760483567,0.1425339366515837,0.071469086783891,0.0952021156025689,0.5180995475113123,0.2597844583096994,0.3460521344918775,0.0938914027149321,0.047078842881452,0.0627125047223271
OaF,21,0,random,disklavier,RANDOM_P21_D0,0.43269418157195,0.5251498326284352,0.4744598779405639,0.8263058527375708,0.698404255319149,0.7569904871720957,0.1101321585903083,0.0930851063829787,0.1008936292879792,0.1680302076777847,0.1420212765957446,0.1539348515422311,0.0213971050975456,0.0180851063829787,0.0196021908330931
OaF,21,1,random,disklavier,RANDOM_P21_D1,0.5523915149816272,0.3633768940912371,0.4383778934667438,0.8074011774600505,0.5060622034791776,0.6221646143875567,0.1185870479394449,0.0743278861360042,0.0913804277381723,0.4432296047098402,0.2778070637849235,0.3415424497731691,0.0723296888141295,0.0453347390616763,0.0557355800388852
OaF,21,2,random,disklavier,RANDOM_P21_D2,0.657160841548244,0.2468906694029043,0.3589328221010829,0.7419700214132763,0.3735849056603773,0.4969523126568663,0.1423982869379015,0.0716981132075471,0.0953746862674793,0.5107066381156317,0.2571428571428571,0.3420580853352455,0.0995717344753747,0.0501347708894878,0.0666905700968088
OaF,22,0,random,disklavier,RANDOM_P22_D0,0.4341608202914193,0.5233020853261909,0.4745818585606218,0.8223289315726291,0.6933198380566802,0.7523338824821527,0.1044417767106842,0.0880566801619433,0.0955518945634266,0.1644657863145258,0.138663967611336,0.1504667764964305,0.0192076830732292,0.0161943319838056,0.0175727622185612
OaF,22,1,random,disklavier,RANDOM_P22_D1,0.459632202472172,0.3832938592631422,0.4180062966957995,0.8220198675496688,0.4992458521870286,0.6212073819205506,0.1241721854304635,0.0754147812971342,0.093837973099781,0.4246688741721854,0.2579185520361991,0.3209258680012511,0.0662251655629139,0.0402212166918049,0.0500469189865499
OaF,22,2,random,disklavier,RANDOM_P22_D2,0.6479927399051504,0.2541156751544096,0.3650672354836227,0.7615148413510747,0.3795918367346939,0.5066394279877426,0.1494370522006141,0.0744897959183673,0.0994211780728634,0.5066530194472876,0.2525510204081632,0.3370786516853932,0.0992835209825998,0.0494897959183673,0.066053796390875
OaF,23,0,random,disklavier,RANDOM_P23_D0,0.4634631355693861,0.5125960623581937,0.4867929708474011,0.822637106184364,0.6805019305019305,0.7448494453248812,0.1137689614935822,0.0941119691119691,0.1030110935023771,0.1651108518086347,0.1365830115830116,0.1494981510829371,0.014585764294049,0.012065637065637,0.0132065504490227
OaF,23,1,random,disklavier,RANDOM_P23_D1,0.6096341884680188,0.3164964187549637,0.4166734926929396,0.8220198675496688,0.4780934039480019,0.6045662100456621,0.1283112582781456,0.0746268656716417,0.0943683409436834,0.4354304635761589,0.2532498796340876,0.3202435312024352,0.0736754966887417,0.0428502648050072,0.0541856925418569
OaF,23,2,random,disklavier,RANDOM_P23_D2,0.6902472527472527,0.2390895382543261,0.3551584281147381,0.763,0.3711089494163424,0.4993455497382199,0.137,0.0666342412451361,0.0896596858638743,0.514,0.25,0.3363874345549738,0.092,0.0447470817120622,0.0602094240837696
OaF,24,0,random,disklavier,RANDOM_P24_D0,0.4578270532440971,0.507209422229081,0.4812547526619067,0.8314220183486238,0.6712962962962963,0.742827868852459,0.1141055045871559,0.0921296296296296,0.1019467213114754,0.169151376146789,0.136574074074074,0.1511270491803278,0.0194954128440367,0.0157407407407407,0.0174180327868852
OaF,24,1,random,disklavier,RANDOM_P24_D1,0.4816370581676019,0.3772038424982551,0.4230710225596444,0.81656346749226,0.4888785912882298,0.6115942028985507,0.109907120743034,0.0658016682113067,0.0823188405797101,0.4086687306501548,0.2446709916589434,0.3060869565217392,0.0557275541795665,0.0333642261353104,0.0417391304347826
OaF,24,2,random,disklavier,RANDOM_P24_D2,0.7197032608093894,0.2280053739112743,0.3463009728393483,0.762906309751434,0.372027972027972,0.5001566906925728,0.150095602294455,0.0731934731934731,0.0984017549357568,0.511472275334608,0.2494172494172494,0.3353180821059229,0.1032504780114722,0.0503496503496503,0.067690379191476
Kong,1,0,random,disklavier,RANDOM_P01_D0,0.7612367392518147,0.918716307277628,0.8325954198473282,0.8144329896907216,0.9404761904761904,0.8729281767955801,0.6288659793814433,0.7261904761904762,0.6740331491712707,0.1546391752577319,0.1785714285714285,0.1657458563535911,0.1546391752577319,0.1785714285714285,0.1657458563535911
Kong,1,1,random,disklavier,RANDOM_P01_D1,0.7959703393004269,0.8935508282182797,0.8419426398352085,0.8571428571428571,0.9176470588235294,0.8863636363636362,0.6593406593406593,0.7058823529411765,0.6818181818181818,0.5274725274725275,0.5647058823529412,0.5454545454545454,0.4395604395604395,0.4705882352941176,0.4545454545454545
Kong,1,2,random,disklavier,RANDOM_P01_D2,0.7665748095315286,0.7953914725422588,0.7807173222171777,0.8072289156626506,0.8481012658227848,0.8271604938271606,0.6024096385542169,0.6329113924050633,0.6172839506172839,0.5783132530120482,0.6075949367088608,0.5925925925925926,0.4578313253012048,0.4810126582278481,0.4691358024691358
Kong,2,0,random,disklavier,RANDOM_P02_D0,0.7397682076722405,0.7285515730952281,0.7341170479141026,0.7772020725388601,0.9146341463414634,0.8403361344537815,0.4818652849740932,0.5670731707317073,0.5210084033613445,0.1450777202072538,0.1707317073170731,0.1568627450980392,0.0984455958549222,0.1158536585365853,0.1064425770308123
Kong,2,1,random,disklavier,RANDOM_P02_D1,0.7470908823096185,0.6401076942492954,0.6894739226969958,0.8263473053892215,0.8165680473372781,0.8214285714285715,0.4311377245508982,0.4260355029585799,0.4285714285714285,0.5089820359281437,0.5029585798816568,0.5059523809523809,0.281437125748503,0.2781065088757396,0.2797619047619047
Kong,2,2,random,disklavier,RANDOM_P02_D2,0.814737057709048,0.669795832456325,0.7351908326402365,0.8701298701298701,0.8375,0.8535031847133757,0.5194805194805194,0.5,0.5095541401273885,0.6103896103896104,0.5875,0.5987261146496815,0.3961038961038961,0.38125,0.3885350318471337
Kong,3,0,random,disklavier,RANDOM_P03_D0,0.7127422849446624,0.6836001123279978,0.6978670947766756,0.8115942028985508,0.8888888888888888,0.8484848484848485,0.4420289855072464,0.4841269841269841,0.4621212121212121,0.1594202898550724,0.1746031746031746,0.1666666666666666,0.0942028985507246,0.1031746031746031,0.0984848484848485
Kong,3,1,random,disklavier,RANDOM_P03_D1,0.7353683727335323,0.6293282451316011,0.6782285256361795,0.7934782608695652,0.8488372093023255,0.8202247191011235,0.3840579710144927,0.4108527131782946,0.3970037453183521,0.5,0.5348837209302325,0.5168539325842696,0.2572463768115942,0.2751937984496124,0.2659176029962546
Kong,3,2,random,disklavier,RANDOM_P03_D2,0.7774361878564783,0.5392233881375905,0.636780809436244,0.848780487804878,0.7280334728033473,0.7837837837837837,0.4146341463414634,0.3556485355648535,0.3828828828828829,0.6536585365853659,0.5606694560669456,0.6036036036036037,0.3317073170731707,0.2845188284518828,0.3063063063063063
Kong,4,0,random,disklavier,RANDOM_P04_D0,0.7127835361273847,0.5990783410138248,0.6510032584462356,0.8126721763085399,0.8727810650887574,0.8416547788873039,0.3443526170798898,0.3698224852071006,0.3566333808844507,0.1597796143250688,0.1715976331360946,0.1654778887303851,0.0798898071625344,0.0857988165680473,0.0827389443651925
Kong,4,1,random,disklavier,RANDOM_P04_D1,0.7062519391870927,0.5746654885130018,0.6336998886414255,0.7570332480818415,0.8629737609329446,0.8065395095367849,0.3145780051150895,0.358600583090379,0.335149863760218,0.4833759590792839,0.5510204081632653,0.5149863760217983,0.227621483375959,0.2594752186588921,0.2425068119891008
Kong,4,2,random,disklavier,RANDOM_P04_D2,0.760271300381141,0.5330569817355442,0.6267054239594285,0.8181818181818182,0.7523219814241486,0.7838709677419355,0.3838383838383838,0.3529411764705882,0.3677419354838709,0.5892255892255892,0.541795665634675,0.5645161290322581,0.2996632996632997,0.2755417956656347,0.2870967741935484
Kong,5,0,random,disklavier,RANDOM_P05_D0,0.7396796122750959,0.580800511896543,0.6506819596672262,0.8008658008658008,0.8788598574821853,0.8380520951302377,0.2987012987012987,0.3277909738717339,0.3125707814269535,0.1385281385281385,0.1520190023752969,0.1449603624009059,0.0670995670995671,0.0736342042755344,0.0702151755379388
Kong,5,1,random,disklavier,RANDOM_P05_D1,0.7221703803172724,0.534247036637931,0.6141547871362346,0.7931034482758621,0.863849765258216,0.8269662921348314,0.2887931034482758,0.3145539906103286,0.3011235955056179,0.5107758620689655,0.5563380281690141,0.5325842696629214,0.1875,0.204225352112676,0.1955056179775281
Kong,5,2,random,disklavier,RANDOM_P05_D2,0.7682007313075274,0.5129487438539773,0.6151469563724846,0.7874015748031497,0.7389162561576355,0.7623888182973316,0.3333333333333333,0.312807881773399,0.3227445997458704,0.5590551181102362,0.5246305418719212,0.5412960609911054,0.2572178477690289,0.2413793103448276,0.2490470139771283
Kong,6,0,random,disklavier,RANDOM_P06_D0,0.6875883224761314,0.5596891395224869,0.617081168027716,0.7982142857142858,0.8781925343811395,0.8362956033676333,0.2482142857142857,0.2730844793713163,0.2600561272217025,0.1464285714285714,0.1611001964636542,0.1534144059869036,0.0607142857142857,0.0667976424361493,0.0636108512628624
Kong,6,1,random,disklavier,RANDOM_P06_D1,0.6685318509067711,0.5144319775596073,0.5814449332223675,0.7421602787456446,0.841897233201581,0.788888888888889,0.2386759581881533,0.2707509881422925,0.2537037037037037,0.4547038327526132,0.5158102766798419,0.4833333333333333,0.156794425087108,0.1778656126482213,0.1666666666666666
Kong,6,2,random,disklavier,RANDOM_P06_D2,0.7413479052823315,0.5082004012514556,0.6030231899981687,0.7724288840262582,0.7189409368635438,0.7447257383966244,0.3041575492341357,0.2830957230142566,0.2932489451476793,0.5557986870897156,0.5173116089613035,0.5358649789029536,0.2275711159737418,0.2118126272912423,0.2194092827004219
Kong,7,0,random,disklavier,RANDOM_P07_D0,0.5781373967424278,0.5960090452019534,0.5869372090544046,0.7814871016691958,0.8597662771285476,0.8187599364069954,0.2109256449165402,0.2320534223706176,0.2209856915739269,0.1532625189681335,0.1686143572621035,0.1605723370429252,0.0440060698027314,0.0484140233722871,0.0461049284578696
Kong,7,1,random,disklavier,RANDOM_P07_D1,0.6347754252845429,0.4988998569212826,0.5586950228559503,0.7569230769230769,0.8145695364238411,0.784688995215311,0.2169230769230769,0.2334437086092715,0.2248803827751196,0.4476923076923076,0.4817880794701987,0.4641148325358851,0.1307692307692307,0.140728476821192,0.1355661881977671
Kong,7,2,random,disklavier,RANDOM_P07_D2,0.726313177584364,0.4575382654594861,0.5614151562765103,0.7971602434077079,0.6787564766839378,0.7332089552238806,0.2839756592292089,0.2417962003454231,0.2611940298507462,0.59026369168357,0.5025906735751295,0.5429104477611941,0.2251521298174442,0.1917098445595854,0.2070895522388059
Kong,8,0,random,disklavier,RANDOM_P08_D0,0.5774772535176255,0.6112537891545975,0.5938856590633677,0.7477820025348543,0.8575581395348837,0.7989167230873393,0.1901140684410646,0.2180232558139535,0.2031144211238997,0.1520912547528517,0.1744186046511628,0.1624915368991198,0.0430925221799746,0.0494186046511627,0.0460392687880839
Kong,8,1,random,disklavier,RANDOM_P08_D1,0.6267138777250817,0.5102691441678416,0.5625286356386835,0.7716643741403026,0.8014285714285714,0.7862648913805186,0.2200825309491059,0.2285714285714285,0.2242466713384723,0.4649243466299862,0.4828571428571429,0.4737210932025228,0.1361760660247593,0.1414285714285714,0.1387526278906797
Kong,8,2,random,disklavier,RANDOM_P08_D2,0.7103584706163238,0.4382832310946032,0.5420980367914522,0.8188539741219963,0.664167916041979,0.7334437086092715,0.2643253234750462,0.2143928035982009,0.2367549668874172,0.5748613678373382,0.4662668665667166,0.5149006622516555,0.2014787430683918,0.1634182908545727,0.1804635761589403
Kong,9,0,random,disklavier,RANDOM_P09_D0,0.5154310258252413,0.6238464343484399,0.5644802409495849,0.7604651162790698,0.8449612403100775,0.8004895960832313,0.1848837209302325,0.2054263565891473,0.1946144430844553,0.1651162790697674,0.1834625322997416,0.1738066095471236,0.0360465116279069,0.0400516795865633,0.0379436964504283
Kong,9,1,random,disklavier,RANDOM_P09_D1,0.6155279284768522,0.4912607195294162,0.5464181324568064,0.7643391521197007,0.780891719745223,0.7725267800882167,0.1920199501246882,0.1961783439490446,0.1940768746061751,0.4339152119700748,0.443312101910828,0.4385633270321361,0.1221945137157107,0.1248407643312101,0.1235034656584751
Kong,9,2,random,disklavier,RANDOM_P09_D2,0.6509866944649554,0.4204703792023191,0.5109315697370513,0.7843137254901961,0.6349206349206349,0.7017543859649124,0.2140522875816993,0.1732804232804232,0.1915204678362573,0.553921568627451,0.4484126984126984,0.4956140350877193,0.15359477124183,0.1243386243386243,0.1374269005847953
Kong,10,0,random,disklavier,RANDOM_P10_D0,0.4310341020743864,0.657264784606838,0.5206355344570087,0.7562240663900415,0.845707656612529,0.7984665936473165,0.1576763485477178,0.1763341067285382,0.1664841182913472,0.1421161825726141,0.1589327146171693,0.1500547645125958,0.0269709543568464,0.0301624129930394,0.0284775465498357
Kong,10,1,random,disklavier,RANDOM_P10_D1,0.5500520773058674,0.5201006717058635,0.5346572349492721,0.7615298087739033,0.7693181818181818,0.7654041831543245,0.1597300337457818,0.1613636363636363,0.1605426794799322,0.4116985376827896,0.4159090909090909,0.4137931034482758,0.0911136107986501,0.0920454545454545,0.0915771622385528
Kong,10,2,random,disklavier,RANDOM_P10_D2,0.6598778277505538,0.4137812013301343,0.5086252393025301,0.7766116941529235,0.6188769414575866,0.6888297872340425,0.2218890554722638,0.1768219832735962,0.1968085106382978,0.5592203898050975,0.4456391875746714,0.4960106382978723,0.1634182908545727,0.1302270011947431,0.1449468085106383
Kong,11,0,random,disklavier,RANDOM_P11_D0,0.4054611887429225,0.6674471992653811,0.504467926361633,0.7704761904761904,0.8462343096234309,0.8065802592223329,0.1352380952380952,0.1485355648535564,0.1415752741774676,0.1447619047619047,0.1589958158995816,0.1515453639082752,0.0219047619047619,0.0240585774058577,0.0229312063808574
Kong,11,1,random,disklavier,RANDOM_P11_D1,0.5818505492596935,0.5125414030766406,0.54500126076736,0.77491961414791,0.746900826446281,0.7606522882693321,0.1704180064308681,0.1642561983471074,0.1672803787480273,0.390139335476956,0.3760330578512397,0.3829563387690688,0.082529474812433,0.0795454545454545,0.0810099947396107
Kong,11,2,random,disklavier,RANDOM_P11_D2,0.6840629937312064,0.410848204720071,0.5133677567412507,0.7856154910096819,0.6127292340884574,0.6884848484848485,0.2213001383125864,0.1725997842502697,0.1939393939393939,0.5491009681881052,0.4282632146709816,0.4812121212121212,0.1604426002766251,0.1251348435814455,0.1406060606060606
Kong,12,0,random,disklavier,RANDOM_P12_D0,0.3590266454029064,0.7026251744622355,0.4752239004212364,0.7569686411149826,0.8299904489016237,0.7917995444191344,0.1080139372822299,0.1184336198662846,0.1129840546697038,0.151567944250871,0.166189111747851,0.1585421412300683,0.024390243902439,0.0267430754536771,0.0255125284738041
Kong,12,1,random,disklavier,RANDOM_P12_D1,0.5256471566690925,0.5319478734148805,0.5287787465009186,0.7863590772316951,0.7424242424242424,0.7637603507062835,0.1664994984954864,0.1571969696969697,0.1617145640526059,0.4032096288866599,0.3806818181818182,0.39162201656113,0.0772316950852557,0.0729166666666666,0.0750121773015099
Kong,12,2,random,disklavier,RANDOM_P12_D2,0.6484152095475992,0.4095878594921351,0.5020457983771146,0.7708333333333334,0.5832512315270936,0.6640493550196298,0.2161458333333333,0.1635467980295566,0.1862030286034773,0.5286458333333334,0.4,0.4554122265844083,0.15625,0.1182266009852216,0.1346045989904655
Kong,13,0,random,disklavier,RANDOM_P13_D0,0.3270896133540102,0.7293637688198155,0.4516381265149737,0.7184841453982985,0.8156277436347673,0.7639802631578947,0.0989945862335653,0.112379280070237,0.1052631578947368,0.1361175560711523,0.1545215100965759,0.1447368421052631,0.0216550657385924,0.0245829675153643,0.0230263157894736
Kong,13,1,random,disklavier,RANDOM_P13_D1,0.4743576899100543,0.5517395413877487,0.5101307874180707,0.7555555555555555,0.7139107611548556,0.7341430499325237,0.1472222222222222,0.1391076115485564,0.1430499325236167,0.3685185185185185,0.3482064741907261,0.3580746738641475,0.0685185185185185,0.0647419072615923,0.0665766981556455
Kong,13,2,random,disklavier,RANDOM_P13_D2,0.6290325873897419,0.3988748770003625,0.488186543276392,0.7527010804321729,0.5689655172413793,0.648062015503876,0.1908763505402161,0.1442831215970962,0.1643410852713178,0.5342136854741897,0.4038112522686025,0.4599483204134366,0.1404561824729892,0.1061705989110707,0.1209302325581395
Kong,14,0,random,disklavier,RANDOM_P14_D0,0.3012729677109528,0.7655481683638505,0.4323854502119452,0.7247639796659404,0.8146938775510204,0.7671022290545734,0.0871459694989106,0.0979591836734693,0.0922367409684857,0.1416122004357298,0.1591836734693877,0.1498847040737894,0.0152505446623093,0.0171428571428571,0.016141429669485
Kong,14,1,random,disklavier,RANDOM_P14_D1,0.436383509720033,0.5593618838017582,0.4902785463936543,0.7723132969034608,0.6811244979919678,0.7238583013230899,0.1293260473588342,0.1140562248995984,0.1212121212121212,0.3688524590163934,0.3253012048192771,0.3457106274007682,0.0519125683060109,0.0457831325301204,0.0486555697823303
Kong,14,2,random,disklavier,RANDOM_P14_D2,0.5983431469064027,0.3872685741764847,0.4702044271878672,0.7405714285714285,0.5409015025041736,0.6251808972503617,0.1725714285714285,0.1260434056761268,0.1456825856246985,0.5154285714285715,0.3764607679465776,0.4351181862035697,0.1268571428571428,0.0926544240400667,0.1070911722141823
Kong,15,0,random,disklavier,RANDOM_P15_D0,0.3164862513215385,0.7592146828937106,0.4467431444829823,0.7039947609692206,0.8113207547169812,0.7538569424964936,0.0818598559266535,0.0943396226415094,0.0876577840112202,0.1414538310412573,0.1630188679245283,0.1514726507713885,0.0137524557956778,0.0158490566037735,0.0147265077138849
Kong,15,1,random,disklavier,RANDOM_P15_D1,0.4853724973197018,0.5310930124214887,0.5072045028142589,0.7320099255583127,0.6624251497005988,0.6954813359528487,0.129859387923904,0.1175149700598802,0.1233791748526522,0.369727047146402,0.3345808383233533,0.3512770137524558,0.0620347394540942,0.0561377245508982,0.0589390962671905
Kong,15,2,random,disklavier,RANDOM_P15_D2,0.5727163058776221,0.3836126838410648,0.4594679060014315,0.7250530785562632,0.5323460639127046,0.6139325842696629,0.1507430997876857,0.1106780982073265,0.1276404494382022,0.5010615711252654,0.367887763055339,0.4242696629213482,0.1061571125265392,0.0779423226812159,0.0898876404494382
Kong,16,0,random,disklavier,RANDOM_P16_D0,0.3005381814013187,0.7725158384374144,0.4327284570866019,0.70130678282514,0.799290780141844,0.7470997679814385,0.0815183571873055,0.0929078014184397,0.0868412330129267,0.1393901680149346,0.1588652482269503,0.148491879350348,0.013690105787181,0.0156028368794326,0.0145840238647663
Kong,16,1,random,disklavier,RANDOM_P16_D1,0.2366174619166411,0.801855972728564,0.3654077586578893,0.7347795661301609,0.7347795661301609,0.7347795661301609,0.0643806857942617,0.0643806857942617,0.0643806857942617,0.198740377886634,0.198740377886634,0.198740377886634,0.0216934919524142,0.0216934919524142,0.0216934919524142
Kong,16,2,random,disklavier,RANDOM_P16_D2,0.5976951240488496,0.3840085882532482,0.467595381204424,0.732994923857868,0.52356780275562,0.6108291032148899,0.1512690355329949,0.1080493110949963,0.126057529610829,0.5106598984771573,0.3647570703408266,0.4255499153976311,0.1065989847715736,0.0761421319796954,0.0888324873096446
Kong,17,0,random,disklavier,RANDOM_P17_D0,0.2997746069768099,0.7870417597218989,0.4341766307985237,0.7145421903052065,0.7965310206804537,0.7533123028391168,0.0736086175942549,0.0820547031354236,0.0776025236593059,0.1358467983243566,0.1514342895263509,0.1432176656151419,0.0137642130460801,0.0153435623749166,0.0145110410094637
Kong,17,1,random,disklavier,RANDOM_P17_D1,0.4324106332687331,0.5733950632566661,0.4930219092465024,0.7621951219512195,0.6557377049180327,0.7049700387733522,0.1265243902439024,0.1088524590163934,0.1170250264363764,0.3711890243902439,0.3193442622950819,0.3433204088826225,0.0586890243902439,0.0504918032786885,0.0542826929855481
Kong,17,2,random,disklavier,RANDOM_P17_D2,0.5998124706985466,0.3801345951005006,0.4653505860529402,0.7270142180094786,0.5242652084757348,0.6092136616362192,0.1781990521327014,0.1285030758714969,0.1493248610007942,0.5052132701421801,0.3643198906356801,0.4233518665607624,0.128909952606635,0.0929596719070403,0.108022239872915
Kong,18,0,random,disklavier,RANDOM_P18_D0,0.2655049578238006,0.8054415913099209,0.3993639755471561,0.6956521739130435,0.7804878048780488,0.7356321839080461,0.0641025641025641,0.0719199499687304,0.0677866195107574,0.1421404682274247,0.1594746716697936,0.1503094606542882,0.0111482720178372,0.0125078173858661,0.0117889773062186
Kong,18,1,random,disklavier,RANDOM_P18_D1,0.4795615580676078,0.5359423014859612,0.5061868011962769,0.7466960352422908,0.6316770186335404,0.6843876177658144,0.1365638766519823,0.115527950310559,0.1251682368775235,0.3737151248164464,0.3161490683229813,0.3425302826379542,0.0719530102790014,0.0608695652173913,0.0659488559892328
Kong,18,2,random,disklavier,RANDOM_P18_D2,0.5816209765172523,0.3874472134796781,0.4650806392760709,0.7415215398716773,0.5172634271099744,0.6094161958568738,0.1594867094408799,0.1112531969309462,0.1310734463276836,0.5050412465627865,0.3523017902813299,0.4150659133709981,0.1081576535288725,0.0754475703324808,0.0888888888888888
Kong,19,0,random,disklavier,RANDOM_P19_D0,0.3086857360739428,0.7748424774682962,0.4414888648201027,0.6819620253164557,0.7641843971631206,0.7207357859531772,0.0701476793248945,0.0786052009456264,0.0741360089186176,0.1366033755274261,0.1530732860520094,0.1443701226309922,0.0147679324894514,0.0165484633569739,0.0156075808249721
Kong,19,1,random,disklavier,RANDOM_P19_D1,0.3976661435430489,0.5669806639136522,0.4674643866317671,0.7553113553113553,0.6054022313564298,0.6720990873533247,0.1032967032967032,0.0827950675278919,0.0919165580182529,0.3772893772893773,0.3024075161479742,0.3357235984354628,0.0446886446886446,0.0358191426893717,0.0397653194263363
Kong,19,2,random,disklavier,RANDOM_P19_D2,0.5820598323820435,0.3781052874052023,0.4584209438030865,0.7259062776304156,0.4948764315852923,0.5885304659498207,0.1503094606542882,0.1024713682941531,0.1218637992831541,0.4951370468611848,0.3375527426160337,0.4014336917562724,0.1052166224580017,0.0717299578059071,0.0853046594982078
Kong,20,0,random,disklavier,RANDOM_P20_D0,0.3231823743642867,0.7537471430796233,0.4523931927299184,0.6924257932446264,0.7592592592592593,0.724304068522484,0.067553735926305,0.074074074074074,0.0706638115631691,0.1407369498464687,0.1543209876543209,0.1472162740899357,0.0148413510747185,0.0162738496071829,0.0155246252676659
Kong,20,1,random,disklavier,RANDOM_P20_D1,0.444895106339757,0.5438345440618187,0.4894145274460973,0.7431960921144453,0.5906821963394343,0.6582200247218789,0.1235170969993021,0.0981697171381031,0.1093943139678615,0.3810188415910677,0.302828618968386,0.3374536464771322,0.0565247732030704,0.0449251247920133,0.0500618046971569
Kong,20,2,random,disklavier,RANDOM_P20_D2,0.5806238199307198,0.3287125296164901,0.4197749813917618,0.7267343485617598,0.4872376630743051,0.5833616298811545,0.1395939086294416,0.0935904707884288,0.1120543293718166,0.5203045685279187,0.3488372093023256,0.4176570458404074,0.1065989847715736,0.071469086783891,0.0855687606112054
Kong,21,0,random,disklavier,RANDOM_P21_D0,0.3099139548403824,0.7714806871254184,0.442193111656966,0.6869181773640373,0.7457446808510638,0.7151236929354756,0.06859382655561,0.0744680851063829,0.0714103545014027,0.1411073003429691,0.1531914893617021,0.1469013006885998,0.0161685448309652,0.0175531914893617,0.016832440703902
Kong,21,1,random,disklavier,RANDOM_P21_D1,0.4504874173612139,0.5364747855367594,0.4897353513766705,0.7409638554216867,0.5835529783869268,0.6529047478619876,0.1171352074966532,0.092250922509225,0.1032143910350929,0.3654618473895582,0.2878228782287823,0.3220289000294898,0.0622489959839357,0.0490247759620453,0.0548510763786493
Kong,21,2,random,disklavier,RANDOM_P21_D2,0.5952302253391585,0.3320240008657626,0.4262708441075595,0.7284263959390863,0.4641509433962264,0.5670069147184722,0.1582064297800338,0.1008086253369272,0.1231478432663812,0.5152284263959391,0.3283018867924528,0.4010536713862364,0.1091370558375634,0.0695417789757412,0.0849522555153111
Kong,22,0,random,disklavier,RANDOM_P22_D0,0.360946621389599,0.7239372488999426,0.481715529642407,0.6850209986000934,0.742914979757085,0.712794367564943,0.0755949603359776,0.0819838056680161,0.0786598689002184,0.1385907606159589,0.1503036437246963,0.1442097596504006,0.0144657022865142,0.0156882591093117,0.0150521971352269
Kong,22,1,random,disklavier,RANDOM_P22_D1,0.4644040280702241,0.5122458896588139,0.4871531757727926,0.7335504885993486,0.5661136249371543,0.6390465380249717,0.1309446254071661,0.1010558069381598,0.1140749148694665,0.3726384364820846,0.2875816993464052,0.3246311010215664,0.0677524429967426,0.0522875816993464,0.0590238365493757
Kong,22,2,random,disklavier,RANDOM_P22_D2,0.6276224930837363,0.3272947137204479,0.43023106659859,0.7147385103011094,0.4602040816326531,0.5599006828057108,0.161648177496038,0.1040816326530612,0.1266294227188082,0.4928684627575277,0.3173469387755102,0.3860955927995034,0.1085578446909667,0.0698979591836734,0.08504034761018
Kong,23,0,random,disklavier,RANDOM_P23_D0,0.3550188480757429,0.7409975847178512,0.4800440962055926,0.6753597122302158,0.724903474903475,0.6992551210428306,0.0692446043165467,0.0743243243243243,0.0716945996275605,0.1357913669064748,0.1457528957528957,0.1405959031657355,0.0157374100719424,0.0168918918918918,0.0162942271880819
Kong,23,1,random,disklavier,RANDOM_P23_D1,0.461236639614963,0.4973483781004212,0.4786123095887998,0.7285986049461002,0.5532017332691381,0.6288998357963874,0.1236525047558655,0.0938854116514203,0.1067323481116584,0.3715916296766011,0.2821376986037554,0.320744389709907,0.0558021559923906,0.0423688011555127,0.0481663929939792
Kong,23,2,random,disklavier,RANDOM_P23_D2,0.6142780781227798,0.3322768131642901,0.4312699962234304,0.713963963963964,0.4625486381322957,0.5613931523022433,0.1493993993993994,0.0967898832684825,0.1174734356552538,0.4827327327327327,0.3127431906614786,0.3795749704840613,0.1006006006006006,0.0651750972762646,0.0791027154663518
Kong,24,0,random,disklavier,RANDOM_P24_D0,0.3409385588958858,0.7728584806725755,0.4731512964571414,0.6846965699208444,0.7208333333333333,0.7023004059539919,0.0712401055408971,0.075,0.0730717185385656,0.1345646437994723,0.1416666666666666,0.1380243572395128,0.0149516270888302,0.0157407407407407,0.0153360396932792
Kong,24,1,random,disklavier,RANDOM_P24_D1,0.4664664632787073,0.5137254626885563,0.4889566896606976,0.7011222681630243,0.5500463392029658,0.6164632562970657,0.1080921441228588,0.0848007414272474,0.0950402492858997,0.331955109273479,0.2604263206672845,0.2918722409763698,0.0537507383343177,0.0421686746987951,0.0472604518306933
Kong,24,2,random,disklavier,RANDOM_P24_D2,0.6203347852079597,0.3057446830900691,0.4096064512945588,0.7105643994211288,0.4578088578088578,0.5568471789055855,0.1562952243125904,0.1006993006993007,0.1224836971930819,0.4884225759768451,0.3146853146853147,0.3827615537283811,0.1114327062228654,0.0717948717948717,0.087326339665438
T5,1,0,random,disklavier,RANDOM_P01_D0,0.1188618982783412,0.7868092991913747,0.2065245028134293,0.7941176470588235,0.9642857142857144,0.8709677419354839,0.4901960784313725,0.5952380952380952,0.5376344086021505,0.1764705882352941,0.2142857142857142,0.1935483870967742,0.1568627450980392,0.1904761904761904,0.1720430107526881
T5,1,1,random,disklavier,RANDOM_P01_D1,0.1897215406433604,0.7086521483225426,0.2993110306129696,0.8297872340425532,0.9176470588235294,0.871508379888268,0.4893617021276595,0.5411764705882353,0.5139664804469274,0.4148936170212766,0.4588235294117647,0.435754189944134,0.2659574468085106,0.2941176470588235,0.2793296089385474
T5,1,2,random,disklavier,RANDOM_P01_D2,0.1269690734906449,0.664283912202506,0.2131897494028582,0.7222222222222222,0.8227848101265823,0.7692307692307693,0.4111111111111111,0.4683544303797468,0.4378698224852071,0.5111111111111111,0.5822784810126582,0.5443786982248521,0.2888888888888888,0.3291139240506329,0.3076923076923076
T5,2,0,random,disklavier,RANDOM_P02_D0,0.2205670498084291,0.6061576043465442,0.3234411695301877,0.7008928571428571,0.9573170731707316,0.8092783505154639,0.3214285714285714,0.4390243902439024,0.3711340206185567,0.1383928571428571,0.1890243902439024,0.1597938144329897,0.0580357142857142,0.0792682926829268,0.0670103092783505
T5,2,1,random,disklavier,RANDOM_P02_D1,0.1185202581773714,0.6156661478271844,0.1987748893054084,0.7869822485207101,0.7869822485207101,0.7869822485207101,0.3431952662721893,0.3431952662721893,0.3431952662721893,0.5029585798816568,0.5029585798816568,0.5029585798816568,0.2485207100591716,0.2485207100591716,0.2485207100591716
T5,2,2,random,disklavier,RANDOM_P02_D2,0.2036812002786824,0.5291938539254893,0.2941479280248965,0.7664670658682635,0.8,0.7828746177370032,0.3293413173652694,0.34375,0.3363914373088685,0.5868263473053892,0.6125,0.599388379204893,0.2754491017964072,0.2875,0.2813455657492354
T5,3,0,random,disklavier,RANDOM_P03_D0,0.1737441876849373,0.5540297669194046,0.2645311808637589,0.76,0.9047619047619048,0.8260869565217391,0.3066666666666666,0.365079365079365,0.3333333333333332,0.1333333333333333,0.1587301587301587,0.144927536231884,0.0733333333333333,0.0873015873015873,0.0797101449275362
T5,3,1,random,disklavier,RANDOM_P03_D1,0.2082496009554103,0.5088669397833773,0.295548439142445,0.6740506329113924,0.8255813953488372,0.7421602787456445,0.2183544303797468,0.2674418604651162,0.2404181184668989,0.4272151898734177,0.5232558139534884,0.470383275261324,0.1392405063291139,0.1705426356589147,0.1533101045296167
T5,3,2,random,disklavier,RANDOM_P03_D2,0.2421093089399646,0.4418382806800965,0.3128109885089435,0.7894736842105263,0.6903765690376569,0.7366071428571429,0.3062200956937799,0.2677824267782426,0.2857142857142857,0.6028708133971292,0.5271966527196653,0.5625,0.2440191387559808,0.2133891213389121,0.2276785714285714
T5,4,0,random,disklavier,RANDOM_P04_D0,0.1601308452137181,0.5232834627443553,0.2452211556002584,0.6688888888888889,0.8905325443786982,0.7639593908629442,0.1733333333333333,0.2307692307692307,0.1979695431472081,0.14,0.1863905325443787,0.1598984771573604,0.0488888888888888,0.0650887573964497,0.0558375634517766
T5,4,1,random,disklavier,RANDOM_P04_D1,0.1755126658624849,0.5265084574602373,0.2632653061224489,0.5991735537190083,0.8454810495626822,0.7013301088270859,0.1942148760330578,0.2740524781341107,0.2273276904474002,0.3388429752066115,0.478134110787172,0.3966142684401451,0.1219008264462809,0.1720116618075801,0.1426844014510278
T5,4,2,random,disklavier,RANDOM_P04_D2,0.1903014367190973,0.4233650366130797,0.2625757743832014,0.6608695652173913,0.7058823529411765,0.6826347305389222,0.2202898550724637,0.2352941176470588,0.2275449101796407,0.4753623188405797,0.5077399380804953,0.4910179640718563,0.1768115942028985,0.1888544891640866,0.1826347305389221
T5,5,0,random,disklavier,RANDOM_P05_D0,0.2421579210233772,0.5061882230117702,0.3275956954093448,0.5856697819314641,0.8931116389548693,0.7074317968015053,0.1355140186915887,0.2066508313539192,0.1636876763875823,0.1152647975077881,0.175771971496437,0.1392285983066792,0.0295950155763239,0.0451306413301662,0.0357478833490122
T5,5,1,random,disklavier,RANDOM_P05_D1,0.1950481842628984,0.4603987068965517,0.2740113135888327,0.5254491017964071,0.823943661971831,0.6416819012797075,0.1197604790419161,0.1877934272300469,0.1462522851919561,0.312874251497006,0.4906103286384976,0.3820840950639854,0.0703592814371257,0.1103286384976525,0.0859232175502742
T5,5,2,random,disklavier,RANDOM_P05_D2,0.272208181222503,0.440695089917155,0.3365416144276208,0.5958333333333333,0.7044334975369458,0.6455981941309256,0.1833333333333333,0.2167487684729064,0.1986455981941309,0.4333333333333333,0.5123152709359606,0.4695259593679458,0.1479166666666666,0.1748768472906404,0.1602708803611738
T5,6,0,random,disklavier,RANDOM_P06_D0,0.2799416894708575,0.4606514603147883,0.3482493676725577,0.5914948453608248,0.9017681728880156,0.7143968871595331,0.1030927835051546,0.1571709233791748,0.1245136186770428,0.1134020618556701,0.1728880157170923,0.1369649805447471,0.0244845360824742,0.037328094302554,0.0295719844357976
T5,6,1,random,disklavier,RANDOM_P06_D1,0.2672272011679756,0.4261430575035063,0.3284739001410803,0.5250320924261874,0.808300395256917,0.6365758754863813,0.1065468549422336,0.1640316205533596,0.1291828793774319,0.2875481386392811,0.4426877470355731,0.3486381322957198,0.0629011553273427,0.0968379446640316,0.0762645914396887
T5,6,2,random,disklavier,RANDOM_P06_D2,0.257213775985107,0.4303351712333572,0.3219789217332885,0.5739130434782609,0.6720977596741344,0.6191369606003753,0.1530434782608695,0.1792260692464358,0.1651031894934333,0.4034782608695652,0.4725050916496945,0.4352720450281426,0.1165217391304347,0.1364562118126273,0.125703564727955
T5,7,0,random,disklavier,RANDOM_P07_D0,0.2872126575330272,0.4657316750463085,0.3553092208799225,0.5850713501646543,0.8898163606010017,0.7059602649006623,0.102085620197585,0.1552587646076794,0.1231788079470198,0.1163556531284303,0.1769616026711185,0.1403973509933774,0.0131723380900109,0.020033388981636,0.0158940397350993
T5,7,1,random,disklavier,RANDOM_P07_D1,0.2878484226663366,0.4334563730146325,0.3459556459738789,0.5294117647058824,0.7897350993377483,0.6338870431893687,0.1054384017758046,0.1572847682119205,0.1262458471760797,0.3052164261931188,0.4552980132450331,0.3654485049833887,0.0566037735849056,0.0844370860927152,0.0677740863787375
T5,7,2,random,disklavier,RANDOM_P07_D2,0.3226167299480483,0.3606391804638748,0.3405700011354604,0.5740458015267176,0.6493955094991365,0.6094003241491086,0.1129770992366412,0.1278065630397236,0.119935170178282,0.416793893129771,0.4715025906735751,0.4424635332252836,0.0778625954198473,0.0880829015544041,0.0826580226904376
T5,8,0,random,disklavier,RANDOM_P08_D0,0.3093660640891431,0.4634662344223644,0.3710526204911921,0.5853899308983218,0.8619186046511628,0.6972369194591417,0.085883514313919,0.126453488372093,0.1022927689594356,0.1145113524185587,0.1686046511627907,0.1363903586125808,0.016781836130306,0.0247093023255813,0.0199882422104644
T5,8,1,random,disklavier,RANDOM_P08_D1,0.396497715901675,0.3835567433345258,0.3899198853365564,0.5162241887905604,0.75,0.6115317414094351,0.0865290068829891,0.1257142857142857,0.1025043680838672,0.2940019665683382,0.4271428571428571,0.3482818870122306,0.0550639134709931,0.08,0.0652300524170064
T5,8,2,random,disklavier,RANDOM_P08_D2,0.3400296757763583,0.3399867422847462,0.3400082076752285,0.5722222222222222,0.6176911544227887,0.5940879596250901,0.1097222222222222,0.1184407796101949,0.1139149242970439,0.4138888888888888,0.4467766116941529,0.4297043979812545,0.0805555555555555,0.0869565217391304,0.083633741888969
T5,9,0,random,disklavier,RANDOM_P09_D0,0.3893944654839673,0.4508887247431066,0.4178914347117751,0.5476793248945148,0.838501291989664,0.6625829504849413,0.0894514767932489,0.1369509043927648,0.1082184788157223,0.1113924050632911,0.1705426356589147,0.1347626339969372,0.010126582278481,0.0155038759689922,0.0122511485451761
T5,9,1,random,disklavier,RANDOM_P09_D1,0.3489551397842335,0.3938427584143045,0.3700426593795718,0.5187165775401069,0.7414012738853503,0.6103828002097534,0.0811051693404634,0.1159235668789809,0.0954378605138961,0.2691622103386809,0.3847133757961783,0.3167278447823807,0.0516934046345811,0.0738853503184713,0.0608285264813843
T5,9,2,random,disklavier,RANDOM_P09_D2,0.3064194299820883,0.308757656520316,0.3075840995686723,0.5198135198135199,0.58994708994709,0.5526641883519208,0.0827505827505827,0.0939153439153439,0.0879801734820322,0.3741258741258741,0.4246031746031746,0.3977695167286245,0.0547785547785547,0.0621693121693121,0.0582403965303593
T5,10,0,random,disklavier,RANDOM_P10_D0,0.3473512867533431,0.425685571435786,0.382549497929313,0.5316927665920954,0.8271461716937355,0.6472991375397186,0.0723340790454884,0.1125290023201856,0.0880617339990921,0.1043997017151379,0.1624129930394431,0.1270994098955969,0.0126771066368381,0.019721577726218,0.0154334997730367
T5,10,1,random,disklavier,RANDOM_P10_D1,0.3179464492921791,0.3690257739768691,0.3415871284428688,0.5154471544715448,0.7204545454545455,0.6009478672985783,0.0617886178861788,0.0863636363636363,0.0720379146919431,0.275609756097561,0.3852272727272727,0.3213270142180094,0.0333333333333333,0.046590909090909,0.0388625592417061
T5,10,2,random,disklavier,RANDOM_P10_D2,0.3269970815361967,0.31976259628741,0.3233393773782466,0.5263724434876211,0.5842293906810035,0.5537938844847111,0.0871905274488697,0.0967741935483871,0.0917327293318233,0.3681377825618945,0.4086021505376344,0.3873159682899207,0.0688912809472551,0.076463560334528,0.072480181200453
T5,11,0,random,disklavier,RANDOM_P11_D0,0.3316984692042676,0.4869911233547597,0.3946164983676493,0.552874378992193,0.8148535564853556,0.6587737843551797,0.0830376153300213,0.1223849372384937,0.0989429175475687,0.1114265436479772,0.1642259414225941,0.1327695560253699,0.0170333569907735,0.0251046025104602,0.0202959830866807
T5,11,1,random,disklavier,RANDOM_P11_D1,0.332963079395019,0.3645918593710557,0.3480604077817374,0.5095785440613027,0.6869834710743802,0.5851297844258689,0.0796934865900383,0.1074380165289256,0.0915090189177298,0.2628352490421456,0.3543388429752066,0.3018037835459745,0.0452107279693486,0.0609504132231404,0.0519137703475582
T5,11,2,random,disklavier,RANDOM_P11_D2,0.3280533350805923,0.306513820441397,0.316918013071068,0.5271238485158649,0.5555555555555556,0.5409663865546218,0.097236438075742,0.1024811218985976,0.0997899159663865,0.3623336745138178,0.3818770226537217,0.3718487394957984,0.0757420675537359,0.0798274002157497,0.0777310924369747
T5,12,0,random,disklavier,RANDOM_P12_D0,0.4332731759419542,0.4125304213043814,0.4226474476891239,0.5306122448979592,0.7946513849092646,0.6363288718929254,0.0714285714285714,0.1069723018147087,0.0856596558317399,0.1045918367346938,0.1566380133715377,0.1254302103250478,0.0140306122448979,0.0210124164278892,0.0168260038240917
T5,12,1,random,disklavier,RANDOM_P12_D1,0.3571448444716488,0.3601307372909886,0.3586315760064816,0.5155910079767948,0.6732954545454546,0.5839835728952771,0.0739666424945612,0.096590909090909,0.0837782340862423,0.271211022480058,0.3541666666666667,0.3071868583162218,0.037708484408992,0.0492424242424242,0.0427104722792607
T5,12,2,random,disklavier,RANDOM_P12_D2,0.3923496612506745,0.2753494112779371,0.3235986170576624,0.4938704028021016,0.5556650246305419,0.5229485396383866,0.074430823117338,0.083743842364532,0.0788131664348632,0.3415061295971979,0.3842364532019704,0.3616133518776078,0.0507880910683012,0.0571428571428571,0.0537783959202596
T5,13,0,random,disklavier,RANDOM_P13_D0,0.4054768045280272,0.4184426096810749,0.4118576873557943,0.5110336817653891,0.7726075504828798,0.6151695211464523,0.0662020905923344,0.1000877963125548,0.0796924152394267,0.0993031358885017,0.1501316944688323,0.1195386228591401,0.0087108013937282,0.0131694468832309,0.0104858441104508
T5,13,1,random,disklavier,RANDOM_P13_D1,0.3494227584713778,0.3865964030919425,0.3670708281468504,0.5056179775280899,0.6299212598425197,0.5609661082976237,0.0695224719101123,0.0866141732283464,0.0771328398909232,0.259129213483146,0.3228346456692913,0.287495130502532,0.0344101123595505,0.0428696412948381,0.0381768601480327
T5,13,2,random,disklavier,RANDOM_P13_D2,0.3579059997167718,0.2944999741053394,0.3231218348024348,0.4699093157460841,0.5172413793103449,0.4924406047516199,0.0700741962077493,0.0771324863883847,0.0734341252699784,0.3231657048639736,0.3557168784029038,0.3386609071274298,0.0494641384995878,0.0544464609800363,0.0518358531317494
T5,14,0,random,disklavier,RANDOM_P14_D0,0.3912897604358625,0.4697151856883513,0.4269307471656877,0.5201819215463331,0.746938775510204,0.6132707774798928,0.061398521887436,0.0881632653061224,0.0723860589812332,0.1011938601478112,0.1453061224489795,0.1193029490616622,0.0102330869812393,0.0146938775510204,0.0120643431635388
T5,14,1,random,disklavier,RANDOM_P14_D1,0.4317013221832975,0.3675361691380741,0.3970430613928531,0.5029860650298607,0.6088353413654618,0.5508720930232558,0.0789648307896483,0.095582329317269,0.0864825581395348,0.2495023224950232,0.302008032128514,0.2732558139534884,0.0378234903782349,0.0457831325301204,0.0414244186046511
T5,14,2,random,disklavier,RANDOM_P14_D2,0.391231924293267,0.2922457321471507,0.3345708790244607,0.4646781789638932,0.4941569282136895,0.4789644012944984,0.0588697017268445,0.0626043405676126,0.0606796116504854,0.3281004709576138,0.348914858096828,0.3381877022653721,0.0368916797488226,0.0392320534223706,0.0380258899676375
T5,15,0,random,disklavier,RANDOM_P15_D0,0.4356543619964281,0.4886405081331605,0.4606286926303429,0.5078206465067779,0.7350943396226415,0.6006783842121494,0.0641293013555787,0.0928301886792452,0.0758556891766882,0.0980187695516162,0.1418867924528302,0.1159420289855072,0.0072992700729927,0.010566037735849,0.0086339808818994
T5,15,1,random,disklavier,RANDOM_P15_D1,0.3799001140938152,0.3962191076510308,0.3878880460256448,0.4828850855745721,0.5913173652694611,0.531628532974428,0.0678484107579462,0.0830838323353293,0.0746971736204576,0.2475550122249388,0.3031437125748503,0.2725437415881561,0.0372860635696821,0.0456586826347305,0.0410497981157469
T5,15,2,random,disklavier,RANDOM_P15_D2,0.3877282513356191,0.272850721897077,0.320300637966412,0.4418439716312057,0.485580670303975,0.4626810248793167,0.0602836879432624,0.0662509742790335,0.0631266245822502,0.3042553191489361,0.3343725643024162,0.3186037875974749,0.0432624113475177,0.0475448168355417,0.045302636464909
T5,16,0,random,disklavier,RANDOM_P16_D0,0.4015679171827209,0.4759950327292627,0.435625350640845,0.4987739087788131,0.7212765957446808,0.5897361554073645,0.0642471799901912,0.0929078014184397,0.0759640475500144,0.0887690044139283,0.1283687943262411,0.1049579588286459,0.0102991662579695,0.0148936170212765,0.0121774427370252
T5,16,1,random,disklavier,RANDOM_P16_D1,0.3747957523548033,0.5586909289858961,0.4486298331805528,0.6447105788423154,0.6780965710286914,0.6609822646657573,0.0951430472388556,0.1000699790062981,0.097544338335607,0.1736526946107784,0.1826452064380685,0.1780354706684856,0.0219560878243512,0.0230930720783764,0.0225102319236016
T5,16,2,random,disklavier,RANDOM_P16_D2,0.3923911529353495,0.2668252406237008,0.3176494541809582,0.4556533513879485,0.4880348078317622,0.4712885154061624,0.0541638456330399,0.0580130529369108,0.0560224089635854,0.3046716316858497,0.3263234227701233,0.315126050420168,0.0365605958023019,0.0391588107324147,0.0378151260504201
T5,17,0,random,disklavier,RANDOM_P17_D0,0.4523288494697932,0.4247824859736259,0.4381231102394377,0.5341796875,0.7298198799199467,0.6168593177332958,0.0625,0.0853902601734489,0.0721736678883563,0.09814453125,0.134089392928619,0.1133352128559345,0.01025390625,0.0140093395597064,0.0118409923879334
T5,17,1,random,disklavier,RANDOM_P17_D1,0.3916335224404918,0.3842044019707361,0.3878833930298766,0.4865458539264141,0.580983606557377,0.5295875672444711,0.0554640307523338,0.0662295081967213,0.0603705917513448,0.2399780340472267,0.2865573770491803,0.2612074118350269,0.0236133992311916,0.0281967213114754,0.0257023311416616
T5,17,2,random,disklavier,RANDOM_P17_D2,0.4124605302825952,0.257449031638267,0.3170205954540604,0.4702738810955243,0.4812030075187969,0.4756756756756756,0.0634602538410153,0.0649350649350649,0.0641891891891891,0.3186372745490982,0.3260423786739576,0.3222972972972973,0.0454241816967267,0.0464798359535201,0.0459459459459459
T5,18,0,random,disklavier,RANDOM_P18_D0,0.4087450061541355,0.46762037976993,0.4362050306341531,0.5236346948141349,0.7135709818636647,0.6040232927474855,0.0601193207893529,0.0819262038774233,0.0693488618316569,0.1037173015144561,0.1413383364602876,0.1196400211752249,0.0110142267094997,0.0150093808630394,0.0127051349920592
T5,18,1,random,disklavier,RANDOM_P18_D1,0.4143258051583589,0.3625333838475966,0.3867031201668346,0.4714056654195617,0.5478260869565217,0.5067509336397586,0.0662747194013896,0.0770186335403726,0.071243895432347,0.2357028327097808,0.2739130434782608,0.2533754668198793,0.0326028861571352,0.0378881987577639,0.0350474001723642
T5,18,2,random,disklavier,RANDOM_P18_D2,0.4485056596426327,0.2369980311738599,0.310122205699669,0.4702114029468289,0.469309462915601,0.46976,0.0538116591928251,0.0537084398976982,0.05376,0.3151825752722613,0.3145780051150895,0.31488,0.0345932094811018,0.0345268542199488,0.03456
T5,19,0,random,disklavier,RANDOM_P19_D0,0.4516297354305499,0.4525482758926277,0.4520885390960619,0.5267141585040072,0.6991725768321513,0.600812595226003,0.0654496883348174,0.0868794326241134,0.0746571863890299,0.101513802315227,0.1347517730496454,0.1157948197054342,0.0169189670525378,0.0224586288416075,0.0192991366175723
T5,19,1,random,disklavier,RANDOM_P19_D1,0.4135317440457323,0.3294977225599489,0.3667627570458743,0.4751203852327448,0.5214327657075749,0.4972004479283315,0.0508293204922418,0.0557839107457428,0.0531914893617021,0.2461209202782236,0.2701115678214915,0.257558790593505,0.0246120920278223,0.0270111567821491,0.0257558790593505
T5,19,2,random,disklavier,RANDOM_P19_D2,0.4241700657560494,0.2588906017435679,0.321534085594978,0.4780185758513932,0.4653405666063894,0.4715943799633476,0.053250773993808,0.051838456901748,0.0525351252290775,0.3176470588235294,0.3092224231464738,0.3133781307269395,0.0340557275541795,0.0331525015069318,0.0335980452046426
T5,20,0,random,disklavier,RANDOM_P20_D0,0.4840152206689299,0.3972624073473889,0.4363688482335018,0.515977844056242,0.6795735129068462,0.5865827076774037,0.0664678312739667,0.0875420875420875,0.0755630903366432,0.0984235193864507,0.1296296296296296,0.1118914991523371,0.0110779718789944,0.0145903479236812,0.0125938483894405
T5,20,1,random,disklavier,RANDOM_P20_D1,0.4421817765567765,0.3251626697194421,0.3747495864842184,0.4973985431841831,0.5302273987798114,0.5132885906040269,0.0509885535900104,0.0543538546866333,0.0526174496644295,0.2544224765868886,0.2712146422628951,0.2625503355704697,0.028095733610822,0.0299500831946755,0.028993288590604
T5,20,2,random,disklavier,RANDOM_P20_D2,0.4445600426141092,0.2247823214278199,0.2985893132160696,0.4895191122071516,0.450368689733409,0.4691285081240768,0.0530209617755857,0.048780487804878,0.0508124076809453,0.3366214549938348,0.3096993760635281,0.3225997045790251,0.033292231812577,0.0306296086216676,0.0319054652880354
T5,21,0,random,disklavier,RANDOM_P21_D0,0.500678652605272,0.3726552947543546,0.4272834038523857,0.5377398720682303,0.6707446808510639,0.5969230769230769,0.0584221748400852,0.0728723404255319,0.0648520710059171,0.1027718550106609,0.1281914893617021,0.1140828402366864,0.0136460554371002,0.0170212765957446,0.0151479289940828
T5,21,1,random,disklavier,RANDOM_P21_D1,0.4414056957535218,0.3491822336246292,0.3899149507609669,0.494188984335523,0.5155508697944122,0.5046439628482973,0.0631632137443153,0.0658935160780179,0.0644994840041279,0.2344618494188984,0.2445967316816025,0.239422084623323,0.0303183425972713,0.0316288877174486,0.0309597523219814
T5,21,2,random,disklavier,RANDOM_P21_D2,0.4379418249596533,0.2316716835477031,0.30303665799849,0.4819494584837545,0.4318059299191374,0.4555018481660506,0.0595667870036101,0.0533692722371967,0.0562979812340062,0.3249097472924188,0.2911051212938005,0.3070798976400342,0.0403128760529482,0.0361185983827493,0.0381006539664486
T5,22,0,random,disklavier,RANDOM_P22_D0,0.4817284559579705,0.3961048402525349,0.4347407962674831,0.5362556329373208,0.6624493927125507,0.5927099841521396,0.0618598934862761,0.076417004048583,0.0683721983246547,0.1011880376894715,0.125,0.1118406158025809,0.0094223678820155,0.0116396761133603,0.0104143083540864
T5,22,1,random,disklavier,RANDOM_P22_D1,0.5060954961056553,0.2630427046944171,0.3461659503865898,0.5076687116564417,0.4992458521870286,0.5034220532319391,0.053680981595092,0.0527903469079939,0.0532319391634981,0.2566462167689161,0.2523881347410759,0.2544993662864385,0.0296523517382413,0.0291603821015585,0.0294043092522179
T5,22,2,random,disklavier,RANDOM_P22_D2,0.4812514052078042,0.221159659878003,0.3030515958018599,0.5028935185185185,0.4433673469387755,0.4712581344902386,0.0538194444444444,0.0474489795918367,0.0504338394793926,0.3269675925925926,0.288265306122449,0.3063991323210412,0.0358796296296296,0.0316326530612244,0.0336225596529284
T5,23,0,random,disklavier,RANDOM_P23_D0,0.4856309263311451,0.3898411769011198,0.4324956355811781,0.5489721886336155,0.6573359073359073,0.5982868438392268,0.0564288593309149,0.0675675675675675,0.0614979134636503,0.0987505038291011,0.1182432432432432,0.107621348561388,0.0088673921805723,0.0106177606177606,0.0096639578300021
T5,23,1,random,disklavier,RANDOM_P23_D1,0.4727159007765111,0.2932119211357506,0.3619295015868355,0.4854554124940391,0.4901299951853635,0.4877815045519885,0.0548402479732951,0.0553683196918632,0.0551030186871106,0.2360515021459227,0.2383245064997592,0.2371825586966938,0.0267048164043872,0.0269619643716899,0.0268327743172017
T5,23,2,random,disklavier,RANDOM_P23_D2,0.464590158590452,0.2086493133838901,0.2879700957239915,0.4888161483906165,0.4357976653696498,0.4607868346618668,0.0518276050190943,0.0462062256809338,0.0488557469786577,0.3191489361702128,0.2845330739299611,0.3008485471843661,0.0327332242225859,0.0291828793774319,0.0308562612496785
T5,24,0,random,disklavier,RANDOM_P24_D0,0.4831616509715608,0.3604465597850677,0.4128787574425687,0.5421448357736446,0.6342592592592593,0.5845956902069553,0.0625247328848436,0.0731481481481481,0.0674205248559846,0.1032845271072417,0.1208333333333333,0.1113718796671644,0.0138504155124653,0.0162037037037037,0.0149349263921484
T5,24,1,random,disklavier,RANDOM_P24_D1,0.4678849007578902,0.2886187558526551,0.3570117784863669,0.4775916704391127,0.4888785912882298,0.4831692237233798,0.0547759167043911,0.0560704355885078,0.0554156171284634,0.2231779085559076,0.2284522706209453,0.2257842912754751,0.0276143051154368,0.0282669138090824,0.0279367987176551
T5,24,2,random,disklavier,RANDOM_P24_D2,0.4832957274910838,0.1863330071102598,0.2689667918165638,0.497545008183306,0.4251748251748252,0.4585218702865761,0.0343698854337152,0.0293706293706293,0.0316742081447963,0.3142389525368249,0.2685314685314685,0.2895927601809955,0.0240043644298963,0.0205128205128205,0.0221216691804927
Toyama,1,0,random,disklavier,RANDOM_P01_D0,0.9301211884284596,0.8016340970350404,0.861111111111111,0.9523809523809524,0.9523809523809524,0.9523809523809524,0.7261904761904762,0.7261904761904762,0.7261904761904762,0.2142857142857142,0.2142857142857142,0.2142857142857142,0.1785714285714285,0.1785714285714285,0.1785714285714285
Toyama,1,1,random,disklavier,RANDOM_P01_D1,0.9374936580416032,0.7768435213991424,0.8496413463306971,0.9523809523809524,0.9411764705882352,0.9467455621301776,0.7261904761904762,0.7176470588235294,0.7218934911242604,0.5357142857142857,0.5294117647058824,0.5325443786982248,0.4523809523809524,0.4470588235294118,0.4497041420118343
Toyama,1,2,random,disklavier,RANDOM_P01_D2,0.9318012554527078,0.7365234210747624,0.8227336777829968,1.0,0.8987341772151899,0.9466666666666668,0.7605633802816901,0.6835443037974683,0.72,0.5915492957746479,0.5316455696202531,0.56,0.4507042253521127,0.4050632911392405,0.4266666666666667
Toyama,2,0,random,disklavier,RANDOM_P02_D0,0.9008037825059102,0.8024259781830434,0.8487737509188515,0.9444444444444444,0.9329268292682928,0.9386503067484664,0.7345679012345679,0.725609756097561,0.7300613496932514,0.2037037037037037,0.2012195121951219,0.2024539877300613,0.1481481481481481,0.1463414634146341,0.1472392638036809
Toyama,2,1,random,disklavier,RANDOM_P02_D1,0.9337628111273792,0.6707332463926633,0.7806884395044802,0.9727891156462584,0.8461538461538461,0.9050632911392404,0.7074829931972789,0.6153846153846154,0.6582278481012659,0.6870748299319728,0.5976331360946746,0.639240506329114,0.5102040816326531,0.4437869822485207,0.4746835443037975
Toyama,2,2,random,disklavier,RANDOM_P02_D2,0.9075634623387432,0.7344559040202062,0.8118848740082366,0.9583333333333334,0.8625,0.9078947368421054,0.7013888888888888,0.63125,0.6644736842105262,0.7430555555555556,0.66875,0.7039473684210527,0.5347222222222222,0.48125,0.506578947368421
Toyama,3,0,random,disklavier,RANDOM_P03_D0,0.94118703098632,0.736113451277731,0.8261136761160398,0.9662447257383966,0.9087301587301588,0.9366053169734152,0.6835443037974683,0.6428571428571429,0.6625766871165644,0.1645569620253164,0.1547619047619047,0.1595092024539877,0.1434599156118143,0.1349206349206349,0.1390593047034765
Toyama,3,1,random,disklavier,RANDOM_P03_D1,0.9003138597617519,0.7083169650373197,0.7928575915572587,0.933609958506224,0.872093023255814,0.9018036072144288,0.6431535269709544,0.6007751937984496,0.6212424849699398,0.6224066390041494,0.5813953488372093,0.6012024048096192,0.4730290456431535,0.4418604651162791,0.4569138276553106
Toyama,3,2,random,disklavier,RANDOM_P03_D2,0.9233687081788348,0.6078502889849055,0.7331021064207766,0.94,0.7866108786610879,0.856492027334852,0.625,0.5230125523012552,0.5694760820045558,0.725,0.606694560669456,0.6605922551252847,0.485,0.405857740585774,0.4419134396355353
Toyama,4,0,random,disklavier,RANDOM_P04_D0,0.9243851534296028,0.6896660564358311,0.7899589052651875,0.9446153846153846,0.908284023668639,0.9260935143288084,0.6123076923076923,0.5887573964497042,0.6003016591251886,0.1723076923076923,0.165680473372781,0.1689291101055807,0.1261538461538461,0.1213017751479289,0.1236802413273001
Toyama,4,1,random,disklavier,RANDOM_P04_D1,0.9194519410421425,0.6522553227299503,0.7631413767215173,0.959375,0.8950437317784257,0.9260935143288084,0.615625,0.5743440233236151,0.5942684766214178,0.5875,0.5481049562682215,0.5671191553544495,0.434375,0.4052478134110787,0.4193061840120664
Toyama,4,2,random,disklavier,RANDOM_P04_D2,0.9271601685985248,0.5924585472603316,0.7229497252606173,0.9588014981273408,0.7925696594427245,0.8677966101694916,0.5917602996254682,0.4891640866873065,0.535593220338983,0.7415730337078652,0.6130030959752322,0.6711864406779661,0.4681647940074906,0.3869969040247678,0.423728813559322
Toyama,5,0,random,disklavier,RANDOM_P05_D0,0.9154029386099384,0.6535773822553758,0.7626439265925257,0.9278846153846154,0.9168646080760094,0.9223416965352448,0.5528846153846154,0.5463182897862233,0.5495818399044206,0.1586538461538461,0.1567695961995249,0.1577060931899641,0.1057692307692307,0.1045130641330166,0.1051373954599761
Toyama,5,1,random,disklavier,RANDOM_P05_D1,0.9114012882528384,0.6122710129310345,0.7324732352378363,0.9351620947630924,0.8802816901408451,0.9068923821039904,0.5261845386533666,0.4953051643192488,0.5102781136638452,0.5187032418952618,0.488262910798122,0.5030229746070133,0.3216957605985037,0.3028169014084507,0.3119709794437726
Toyama,5,2,random,disklavier,RANDOM_P05_D2,0.8960243801080482,0.544588132282616,0.6774399631347988,0.9226190476190476,0.7635467980295566,0.8355795148247978,0.5416666666666666,0.4482758620689655,0.490566037735849,0.6696428571428571,0.5541871921182266,0.6064690026954178,0.4017857142857143,0.3325123152709359,0.3638814016172507
Toyama,6,0,random,disklavier,RANDOM_P06_D0,0.923924957841484,0.6148612630811099,0.7383555413304582,0.9285714285714286,0.9194499017681728,0.9239881539980256,0.5099206349206349,0.5049115913555993,0.5074037512339585,0.1845238095238095,0.1827111984282907,0.1836130306021718,0.0972222222222222,0.0962671905697446,0.0967423494570582
Toyama,6,1,random,disklavier,RANDOM_P06_D1,0.9009256318344752,0.5569565217391305,0.6883634661720606,0.919661733615222,0.8596837944664032,0.8886618998978548,0.452431289640592,0.4229249011857707,0.4371807967313585,0.5433403805496829,0.5079051383399209,0.5250255362614913,0.2917547568710359,0.2727272727272727,0.2819203268641471
Toyama,6,2,random,disklavier,RANDOM_P06_D2,0.9222834785701582,0.5093087531742357,0.656230228312153,0.9447368421052632,0.7311608961303462,0.8243398392652123,0.5368421052631579,0.4154786150712831,0.4684270952927669,0.6763157894736842,0.5234215885947047,0.5901262916188289,0.4184210526315789,0.3238289205702647,0.3650975889781859
Toyama,7,0,random,disklavier,RANDOM_P07_D0,0.9242979474813452,0.5855324881522288,0.7169102757630426,0.9282051282051282,0.9065108514190318,0.9172297297297296,0.4683760683760684,0.4574290484140234,0.4628378378378378,0.1777777777777777,0.1736227045075125,0.1756756756756756,0.0735042735042735,0.0717863105175292,0.0726351351351351
Toyama,7,1,random,disklavier,RANDOM_P07_D1,0.8973747016706444,0.5289343641413473,0.6655672723421637,0.9297297297297298,0.8543046357615894,0.8904227782571184,0.4378378378378378,0.402317880794702,0.4193270060396893,0.4900900900900901,0.4503311258278146,0.4693701466781709,0.263063063063063,0.2417218543046357,0.2519413287316652
Toyama,7,2,random,disklavier,RANDOM_P07_D2,0.9182119851649424,0.4524762832305306,0.6062197449920663,0.9533799533799534,0.7063903281519862,0.8115079365079366,0.4708624708624708,0.3488773747841105,0.4007936507936507,0.6573426573426573,0.4870466321243523,0.5595238095238095,0.3566433566433566,0.2642487046632124,0.3035714285714285
Toyama,8,0,random,disklavier,RANDOM_P08_D0,0.9070917237472318,0.5561531660491748,0.689538624159103,0.927710843373494,0.8953488372093024,0.9112426035502958,0.4171686746987952,0.4026162790697674,0.4097633136094674,0.1777108433734939,0.1715116279069767,0.1745562130177514,0.0677710843373494,0.065406976744186,0.0665680473372781
Toyama,8,1,random,disklavier,RANDOM_P08_D1,0.8922763481516831,0.5114896572041834,0.6502367512907626,0.917573872472784,0.8428571428571429,0.8786299329858526,0.4043545878693623,0.3714285714285714,0.387192851824274,0.4883359253499222,0.4485714285714285,0.4676098287416232,0.2628304821150855,0.2414285714285714,0.2516753536857781
Toyama,8,2,random,disklavier,RANDOM_P08_D2,0.9119558085885416,0.4533822956891381,0.6056589452378275,0.9282786885245902,0.679160419790105,0.7844155844155843,0.4795081967213114,0.3508245877061469,0.4051948051948052,0.6516393442622951,0.4767616191904048,0.5506493506493506,0.360655737704918,0.2638680659670165,0.3047619047619048
Toyama,9,0,random,disklavier,RANDOM_P09_D0,0.8807855835136403,0.5442866359360828,0.6728077576542112,0.920844327176781,0.9018087855297158,0.9112271540469974,0.3759894459102902,0.3682170542635659,0.3720626631853786,0.1767810026385224,0.1731266149870801,0.1749347258485639,0.0712401055408971,0.0697674418604651,0.0704960835509138
Toyama,9,1,random,disklavier,RANDOM_P09_D1,0.8928640156750232,0.4772890929664924,0.6220534821929162,0.9164265129682996,0.8101910828025478,0.8600405679513186,0.3919308357348703,0.3464968152866242,0.367816091954023,0.4783861671469741,0.4229299363057325,0.4489519945909398,0.2377521613832853,0.2101910828025477,0.2231237322515213
Toyama,9,2,random,disklavier,RANDOM_P09_D2,0.8819788683716797,0.4176275307429747,0.5668464809291108,0.9028776978417268,0.6640211640211641,0.7652439024390244,0.4136690647482014,0.3042328042328042,0.3506097560975609,0.6223021582733813,0.4576719576719577,0.5274390243902438,0.3201438848920863,0.2354497354497354,0.2713414634146341
Toyama,10,0,random,disklavier,RANDOM_P10_D0,0.8932639920752848,0.5161271316263488,0.6542368179587308,0.9153754469606674,0.8909512761020881,0.9029982363315696,0.3396901072705602,0.3306264501160093,0.3350970017636684,0.1740166865315852,0.1693735498839907,0.1716637272192827,0.0703218116805721,0.068445475638051,0.0693709582598471
Toyama,10,1,random,disklavier,RANDOM_P10_D1,0.8870727848101266,0.4719028299186882,0.6160701530752408,0.922976501305483,0.803409090909091,0.8590522478736332,0.370757180156658,0.3227272727272727,0.3450789793438639,0.5274151436031331,0.4590909090909091,0.4908869987849331,0.2297650130548303,0.2,0.2138517618469016
Toyama,10,2,random,disklavier,RANDOM_P10_D2,0.9094969029727578,0.3943258828976723,0.5501333051454612,0.9263698630136986,0.6463560334528077,0.7614356087262492,0.4075342465753425,0.2843488649940263,0.3349753694581281,0.6523972602739726,0.4551971326164875,0.5362420830401127,0.3082191780821918,0.2150537634408602,0.2533427163969036
Toyama,11,0,random,disklavier,RANDOM_P11_D0,0.8676845814264307,0.4918273645546372,0.6278003252699594,0.9177489177489178,0.8870292887029289,0.9021276595744682,0.3181818181818182,0.3075313807531381,0.3127659574468085,0.1796536796536796,0.1736401673640167,0.176595744680851,0.053030303030303,0.051255230125523,0.052127659574468
Toyama,11,1,random,disklavier,RANDOM_P11_D1,0.8850531640826268,0.4336135610853152,0.5820592070810272,0.9211165048543688,0.7840909090909091,0.8470982142857143,0.3337378640776699,0.2840909090909091,0.3069196428571429,0.5060679611650486,0.4307851239669421,0.4654017857142857,0.2099514563106796,0.1787190082644628,0.1930803571428571
Toyama,11,2,random,disklavier,RANDOM_P11_D2,0.8934354835842651,0.3846306896446172,0.5377541686058641,0.9286846275752774,0.6321467098166127,0.7522464698331194,0.4152139461172742,0.2826321467098166,0.3363286264441592,0.6640253565768621,0.4519956850053937,0.5378690629011553,0.3248811410459588,0.221143473570658,0.2631578947368421
Toyama,12,0,random,disklavier,RANDOM_P12_D0,0.8701193311072384,0.458728722620826,0.600743972445465,0.9184890656063618,0.8825214899713467,0.9001461276181199,0.2823061630218688,0.271251193887297,0.2766682903068679,0.1769383697813121,0.1700095510983763,0.1734047735021919,0.0497017892644135,0.0477554918815663,0.0487092060399415
Toyama,12,1,random,disklavier,RANDOM_P12_D1,0.8729394688902383,0.4133935585231736,0.5610795116494919,0.9177142857142856,0.7604166666666666,0.831693423096841,0.3382857142857143,0.2803030303030303,0.306576903158985,0.5074285714285715,0.4204545454545454,0.4598653547384774,0.2,0.1657196969696969,0.1812532366649404
Toyama,12,2,random,disklavier,RANDOM_P12_D2,0.9007307515797648,0.3578616660939571,0.5122182573738652,0.9260935143288084,0.6049261083743842,0.7318235995232419,0.3755656108597285,0.2453201970443349,0.2967818831942789,0.6576168929110106,0.4295566502463054,0.5196662693682955,0.2835595776772247,0.1852216748768473,0.2240762812872467
Toyama,13,0,random,disklavier,RANDOM_P13_D0,0.8615641990798829,0.4668933139064271,0.6056024526479358,0.9075091575091576,0.8700614574187884,0.8883908561183327,0.2719780219780219,0.2607550482879719,0.2662483191393994,0.173076923076923,0.1659350307287093,0.1694307485432541,0.0485347985347985,0.0465320456540825,0.0475123263110712
Toyama,13,1,random,disklavier,RANDOM_P13_D1,0.8852404928920831,0.3995118666891096,0.5505560338482539,0.920965971459934,0.7340332458442694,0.8169425511197662,0.3018660812294182,0.2405949256342957,0.2677702044790652,0.4895718990120746,0.3902012248468941,0.4342745861733204,0.1888035126234906,0.1504811898512686,0.1674780915287244
Toyama,13,2,random,disklavier,RANDOM_P13_D2,0.8892082344997143,0.3324744937593868,0.4839866370759886,0.9183098591549296,0.5916515426497277,0.7196467991169978,0.3422535211267605,0.220508166969147,0.2682119205298013,0.6394366197183099,0.4119782214156079,0.5011037527593818,0.2507042253521127,0.161524500907441,0.1964679911699779
Toyama,14,0,random,disklavier,RANDOM_P14_D0,0.8520677151691767,0.4604998978082883,0.5978771560134238,0.918189730200174,0.8612244897959184,0.8887952822240942,0.2776327241079199,0.2604081632653061,0.2687447346251053,0.1766753698868581,0.1657142857142857,0.1710193765796124,0.0496083550913838,0.0465306122448979,0.0480202190395956
Toyama,14,1,random,disklavier,RANDOM_P14_D1,0.8841614315629164,0.3909934937643564,0.5422107703340505,0.9264248704663212,0.7180722891566265,0.8090497737556561,0.3036269430051813,0.2353413654618474,0.265158371040724,0.4953367875647668,0.3839357429718875,0.4325791855203619,0.1844559585492228,0.1429718875502008,0.1610859728506787
Toyama,14,2,random,disklavier,RANDOM_P14_D2,0.8779388295684507,0.3207622024525126,0.4698579296560286,0.908,0.5684474123539232,0.6991786447638604,0.328,0.2053422370617696,0.2525667351129363,0.6386666666666667,0.3998330550918197,0.4917864476386037,0.2346666666666666,0.1469115191986644,0.1806981519507187
Toyama,15,0,random,disklavier,RANDOM_P15_D0,0.8406414379112805,0.4429781002238793,0.5802120271188932,0.9201954397394136,0.8528301886792453,0.8852330591461026,0.252442996742671,0.2339622641509434,0.2428515471993733,0.1791530944625407,0.1660377358490566,0.172346259302781,0.0480456026058631,0.0445283018867924,0.0462201331766549
Toyama,15,1,random,disklavier,RANDOM_P15_D1,0.8812765192873827,0.3578994044645513,0.5090614421664431,0.9236180904522612,0.687874251497006,0.7885027885027884,0.2783919597989949,0.2073353293413173,0.2376662376662376,0.5015075376884423,0.373502994011976,0.4281424281424282,0.1798994974874372,0.1339820359281437,0.1535821535821535
Toyama,15,2,random,disklavier,RANDOM_P15_D2,0.8819831061624112,0.3093580082037584,0.4580527503022196,0.9130982367758188,0.5650818394388153,0.6981222917669716,0.3123425692695214,0.1932969602494154,0.2388059701492537,0.6297229219143576,0.3897116134060795,0.4814636494944631,0.2267002518891687,0.1402961808261886,0.1733269138180067
Toyama,16,0,random,disklavier,RANDOM_P16_D0,0.8398710652863233,0.4209077897749995,0.5607776056308407,0.9124709527498064,0.8354609929078014,0.8722695298037765,0.2339271882261812,0.2141843971631205,0.2236208811551277,0.1618900077459333,0.1482269503546099,0.1547574972232506,0.0371804802478698,0.0340425531914893,0.0355423917067752
Toyama,16,1,random,disklavier,RANDOM_P16_D1,0.7674426176135438,0.496020285234811,0.6025774167675884,0.8977272727272727,0.7739678096571029,0.8312664411875236,0.2686688311688311,0.2316305108467459,0.2487786546411123,0.2394480519480519,0.2064380685794261,0.2217211574596016,0.073051948051948,0.0629811056682995,0.0676437429537767
Toyama,16,2,random,disklavier,RANDOM_P16_D2,0.8872754442387032,0.2874644129518436,0.4342410162444901,0.9120095124851368,0.5562001450326324,0.6909909909909911,0.2889417360285374,0.1762146482958665,0.2189189189189189,0.5921521997621879,0.3611312545322697,0.4486486486486486,0.2033293697978596,0.1240029006526468,0.154054054054054
Toyama,17,0,random,disklavier,RANDOM_P17_D0,0.8471403846527819,0.4314378952268237,0.5717107356941077,0.9200293470286134,0.8365577051367579,0.8763102725366877,0.2391782831988261,0.2174783188792528,0.2278127183787561,0.169479090242113,0.1541027351567711,0.1614255765199161,0.0388848129126925,0.0353569046030687,0.037037037037037
Toyama,17,1,random,disklavier,RANDOM_P17_D1,0.8788856304985337,0.3413186105815652,0.491688214419459,0.9179304192685104,0.6747540983606557,0.7777777777777778,0.2667261373773416,0.1960655737704918,0.2260015117157974,0.4834968777876895,0.3554098360655737,0.4096749811035525,0.1471900089206066,0.1081967213114754,0.1247165532879818
Toyama,17,2,random,disklavier,RANDOM_P17_D2,0.8849912543928623,0.2731022734588167,0.4173982804553161,0.901123595505618,0.5481886534518113,0.6816829579260518,0.2595505617977528,0.1578947368421052,0.1963450913727157,0.6370786516853932,0.3875598086124402,0.4819379515512111,0.2,0.1216678058783321,0.1512962175945601
Toyama,18,0,random,disklavier,RANDOM_P18_D0,0.8263989177924428,0.4229630288031961,0.5595435177477899,0.9180555555555556,0.8267667292057536,0.8700230338927278,0.2270833333333333,0.2045028142589118,0.2152023692003948,0.175,0.1575984990619137,0.1658440276406712,0.0430555555555555,0.0387742338961851,0.0408028956893715
Toyama,18,1,random,disklavier,RANDOM_P18_D1,0.8865434337977077,0.3223511583201201,0.4727927557110516,0.91421143847487,0.65527950310559,0.7633863965267728,0.2599653379549393,0.186335403726708,0.2170767004341534,0.4818024263431542,0.3453416149068323,0.402315484804631,0.1542461005199306,0.1105590062111801,0.1287988422575977
Toyama,18,2,random,disklavier,RANDOM_P18_D2,0.8779922534764112,0.2586597952607876,0.3995968630454179,0.8896982310093653,0.5466751918158568,0.6772277227722772,0.2351716961498439,0.1445012787723785,0.1790099009900989,0.6295525494276795,0.3868286445012788,0.4792079207920792,0.1800208116545265,0.1106138107416879,0.137029702970297
Toyama,19,0,random,disklavier,RANDOM_P19_D0,0.8489286453336343,0.3999122659317092,0.5436993216785744,0.906455862977602,0.8132387706855791,0.8573208722741433,0.2154150197628458,0.1932624113475177,0.2037383177570093,0.1772068511198946,0.158983451536643,0.167601246105919,0.0474308300395256,0.0425531914893617,0.0448598130841121
Toyama,19,1,random,disklavier,RANDOM_P19_D1,0.8779146181180938,0.319639154245609,0.4686484941402697,0.9197952218430034,0.6330005871990605,0.7499130434782609,0.2551194539249147,0.1755725190839694,0.208,0.4598976109215017,0.3165002935995302,0.3749565217391304,0.1476109215017065,0.1015854374633,0.1203478260869565
Toyama,19,2,random,disklavier,RANDOM_P19_D2,0.885275647701095,0.2485425969239492,0.388119894023976,0.9039256198347108,0.5274261603375527,0.6661591168633422,0.2427685950413223,0.1416515973477999,0.178911305671869,0.6167355371900827,0.3598553345388788,0.4545108488770461,0.1735537190082644,0.1012658227848101,0.1279025504377617
Toyama,20,0,random,disklavier,RANDOM_P20_D0,0.8411894437799043,0.3788770987578973,0.5224426780889698,0.9004410838059231,0.8019079685746352,0.8483229444939151,0.1940768746061751,0.1728395061728395,0.1828435737607598,0.1808443604284814,0.1610549943883277,0.1703769664588898,0.0409577819785759,0.0364758698092031,0.0385871178391213
Toyama,20,1,random,disklavier,RANDOM_P20_D1,0.8665319578857811,0.3086389616074209,0.455160214136085,0.912280701754386,0.634498058790904,0.7484461890742558,0.233652312599681,0.1625069328896284,0.1916912005233889,0.4760765550239234,0.3311148086522462,0.3905789990186458,0.1403508771929824,0.0976150859678313,0.1151455675498855
Toyama,20,2,random,disklavier,RANDOM_P20_D2,0.8672013832188655,0.2279596500309316,0.3610189147038829,0.8938938938938938,0.5065229722064662,0.6466328747284575,0.2202202202202202,0.1247872943845717,0.1593048515568429,0.6386386386386387,0.3618831537152581,0.4619840695148444,0.1581581581581581,0.0896199659671015,0.114409847936278
Toyama,21,0,random,disklavier,RANDOM_P21_D0,0.851903100699655,0.3504740523963198,0.4966327431994479,0.9016887816646562,0.7952127659574468,0.8451102317693613,0.1670687575392038,0.1473404255319149,0.1565856416054268,0.1773220747889023,0.1563829787234042,0.1661955907292255,0.0379975874547647,0.0335106382978723,0.0356133408705483
Toyama,21,1,random,disklavier,RANDOM_P21_D1,0.8742972500322767,0.2986089954301291,0.4451728764331667,0.897125567322239,0.6251976805482341,0.7368748058403232,0.2208774583963691,0.1539272535582498,0.1814228021124573,0.4553706505295007,0.3173431734317343,0.3740292016154085,0.1232980332829046,0.0859251449657353,0.101273687480584
Toyama,21,2,random,disklavier,RANDOM_P21_D2,0.8703769974016274,0.2242165048037805,0.3565760034675965,0.8927536231884058,0.4981132075471698,0.639446366782007,0.2193236714975845,0.1223719676549865,0.1570934256055363,0.633816425120773,0.3536388140161725,0.4539792387543252,0.1555555555555555,0.0867924528301886,0.1114186851211072
Toyama,22,0,random,disklavier,RANDOM_P22_D0,0.8384082558323518,0.3649473885594031,0.5085361172129925,0.9027373325567852,0.7844129554655871,0.8394259409694017,0.1741409435061153,0.1513157894736842,0.1619279718386136,0.1758881770529994,0.152834008097166,0.1635526672082318,0.0337798485730926,0.0293522267206477,0.0314107771459518
Toyama,22,1,random,disklavier,RANDOM_P22_D1,0.8766553650958665,0.2839378159041603,0.4289454974248704,0.8948148148148148,0.6073403720462544,0.7235699311171009,0.2044444444444444,0.138763197586727,0.1653189577717879,0.4562962962962963,0.3097033685268979,0.3689727463312369,0.1207407407407407,0.0819507290095525,0.097634022162324
Toyama,22,2,random,disklavier,RANDOM_P22_D2,0.8805855161787365,0.2143250751957385,0.3447433214329681,0.9066037735849056,0.4903061224489796,0.6364238410596026,0.2179245283018868,0.1178571428571428,0.1529801324503311,0.6311320754716981,0.3413265306122449,0.443046357615894,0.1518867924528301,0.0821428571428571,0.1066225165562913
Toyama,23,0,random,disklavier,RANDOM_P23_D0,0.84922027035282,0.3561187147771353,0.5018061059530593,0.9054726368159204,0.7905405405405406,0.8441123421798506,0.1641791044776119,0.1433397683397683,0.153053336768874,0.1697070204532891,0.1481660231660231,0.158206647771193,0.0298507462686567,0.026061776061776,0.0278278794125225
Toyama,23,1,random,disklavier,RANDOM_P23_D1,0.8619737341172008,0.2661613518330777,0.4067316000973163,0.900939985538684,0.5999037072701011,0.7202312138728324,0.1858279103398409,0.123736157920077,0.1485549132947976,0.4685466377440347,0.3119884448724121,0.3745664739884393,0.1048445408532176,0.0698122291766971,0.0838150289017341
Toyama,23,2,random,disklavier,RANDOM_P23_D2,0.8859639150981697,0.1996713319474131,0.3258950839453884,0.8892825509300266,0.4883268482490272,0.6304552590266875,0.2001771479185119,0.1099221789883268,0.1419152276295133,0.6147032772364924,0.3375486381322957,0.4357927786499215,0.1364038972542072,0.0749027237354085,0.0967032967032966
Toyama,24,0,random,disklavier,RANDOM_P24_D0,0.8532186608792351,0.333688747970103,0.4797500876155706,0.908698001080497,0.7787037037037037,0.8386935926202942,0.1545110750945434,0.1324074074074074,0.1426078284717028,0.1782820097244732,0.1527777777777778,0.1645474943904263,0.0324149108589951,0.0277777777777777,0.0299177262528047
Toyama,24,1,random,disklavier,RANDOM_P24_D1,0.8827962296404194,0.2571941626012268,0.3983367554237417,0.8923611111111112,0.5954587581093606,0.7142857142857143,0.1763888888888889,0.1177015755329008,0.141189549749861,0.4597222222222222,0.3067655236329935,0.367982212340189,0.1090277777777777,0.0727525486561631,0.0872707059477487
Toyama,24,2,random,disklavier,RANDOM_P24_D2,0.8863919091393767,0.1924540744560318,0.3162448339664186,0.8937823834196891,0.4825174825174825,0.6267029972752043,0.1882556131260794,0.1016317016317016,0.1320012110202846,0.6079447322970639,0.3282051282051282,0.426279140175598,0.1338514680483592,0.0722610722610722,0.0938540720557069
Edwards,1,0,random,disklavier,RANDOM_P01_D0,0.8006185715313242,0.93758423180593,0.8637051406401552,0.9518072289156626,0.9404761904761904,0.9461077844311376,0.7108433734939759,0.7023809523809523,0.7065868263473053,0.2289156626506024,0.2261904761904762,0.2275449101796407,0.180722891566265,0.1785714285714285,0.1796407185628742
Edwards,1,1,random,disklavier,RANDOM_P01_D1,0.8352594431086636,0.9054906247372404,0.8689582829016381,0.9090909090909092,0.9411764705882352,0.92485549132948,0.6818181818181818,0.7058823529411765,0.6936416184971098,0.5340909090909091,0.5529411764705883,0.5433526011560694,0.4545454545454545,0.4705882352941176,0.4624277456647399
Edwards,1,2,random,disklavier,RANDOM_P01_D2,0.7649984212188191,0.8149861239592969,0.7892015147196547,0.945945945945946,0.8860759493670886,0.915032679738562,0.6216216216216216,0.5822784810126582,0.6013071895424836,0.7297297297297297,0.6835443037974683,0.7058823529411764,0.5,0.4683544303797468,0.4836601307189542
Edwards,2,0,random,disklavier,RANDOM_P02_D0,0.793151910054938,0.7843996125173736,0.788751482297137,0.9622641509433962,0.9329268292682928,0.9473684210526316,0.5911949685534591,0.573170731707317,0.5820433436532507,0.220125786163522,0.2134146341463414,0.2167182662538699,0.1257861635220125,0.1219512195121951,0.1238390092879257
Edwards,2,1,random,disklavier,RANDOM_P02_D1,0.7849961678914387,0.7324891674729712,0.7578342618384402,0.8982035928143712,0.8875739644970414,0.8928571428571429,0.5449101796407185,0.5384615384615384,0.5416666666666667,0.562874251497006,0.5562130177514792,0.5595238095238095,0.3532934131736527,0.3491124260355029,0.3511904761904762
Edwards,2,2,random,disklavier,RANDOM_P02_D2,0.7891874600127959,0.7269627446853294,0.7567982119771239,0.9261744966442952,0.8625,0.8932038834951456,0.5704697986577181,0.53125,0.5501618122977346,0.7785234899328859,0.725,0.7508090614886731,0.4832214765100671,0.45,0.4660194174757281
Edwards,3,0,random,disklavier,RANDOM_P03_D0,0.7914112291350531,0.732294299354114,0.760705950991832,0.9508196721311476,0.9206349206349206,0.9354838709677418,0.4549180327868852,0.4404761904761904,0.4475806451612903,0.2049180327868852,0.1984126984126984,0.2016129032258064,0.081967213114754,0.0793650793650793,0.0806451612903225
Edwards,3,1,random,disklavier,RANDOM_P03_D1,0.7841076696165191,0.7160334474437399,0.7485260039306562,0.9031007751937984,0.9031007751937984,0.9031007751937984,0.4534883720930232,0.4534883720930232,0.4534883720930232,0.5968992248062015,0.5968992248062015,0.5968992248062015,0.3255813953488372,0.3255813953488372,0.3255813953488372
Edwards,3,2,random,disklavier,RANDOM_P03_D2,0.8319420846568664,0.6319510689635823,0.7182856049492953,0.9502487562189056,0.799163179916318,0.8681818181818183,0.5074626865671642,0.4267782426778242,0.4636363636363637,0.7860696517412935,0.6610878661087866,0.7181818181818181,0.4228855721393035,0.3556485355648535,0.3863636363636363
Edwards,4,0,random,disklavier,RANDOM_P04_D0,0.7711941025106057,0.700018938198346,0.7338848444738583,0.945619335347432,0.9260355029585798,0.9357249626307922,0.4259818731117825,0.4171597633136095,0.42152466367713,0.1903323262839879,0.1863905325443787,0.1883408071748878,0.0845921450151057,0.0828402366863905,0.0837070254110613
Edwards,4,1,random,disklavier,RANDOM_P04_D1,0.7541518318594235,0.690734662963898,0.7210515334863342,0.9043478260869564,0.9096209912536444,0.9069767441860466,0.3826086956521739,0.3848396501457726,0.3837209302325581,0.6115942028985507,0.6151603498542274,0.6133720930232558,0.2869565217391304,0.2886297376093295,0.2877906976744185
Edwards,4,2,random,disklavier,RANDOM_P04_D2,0.7919388740555587,0.586671997306624,0.6740239332769249,0.9365671641791044,0.7770897832817337,0.8494077834179358,0.4701492537313433,0.3900928792569659,0.4263959390862945,0.7425373134328358,0.6160990712074303,0.673434856175973,0.3843283582089552,0.3188854489164087,0.3485617597292724
Edwards,5,0,random,disklavier,RANDOM_P05_D0,0.7404756780025828,0.6951521376732281,0.717098463596175,0.9322033898305084,0.9144893111638956,0.9232613908872902,0.3365617433414044,0.3301662707838479,0.3333333333333333,0.162227602905569,0.1591448931116389,0.1606714628297362,0.0702179176755447,0.0688836104513064,0.0695443645083932
Edwards,5,1,random,disklavier,RANDOM_P05_D1,0.749829993199728,0.6312297952586207,0.6854374257244721,0.9049881235154394,0.8943661971830986,0.8996458087367178,0.3491686460807601,0.3450704225352112,0.3471074380165289,0.6128266033254157,0.6056338028169014,0.6092089728453366,0.2422802850356294,0.2394366197183098,0.2408500590318772
Edwards,5,2,random,disklavier,RANDOM_P05_D2,0.7667857063638178,0.5820872903616893,0.6617913105072222,0.913946587537092,0.7586206896551724,0.82907133243607,0.4035608308605341,0.334975369458128,0.3660834454912516,0.7359050445103857,0.6108374384236454,0.6675639300134589,0.3412462908011869,0.2832512315270936,0.3095558546433378
Edwards,6,0,random,disklavier,RANDOM_P06_D0,0.7168016747064713,0.6628650786970793,0.68877907993703,0.9411764705882352,0.911591355599214,0.9261477045908184,0.2758620689655172,0.2671905697445972,0.2714570858283433,0.178498985801217,0.1728880157170923,0.1756487025948103,0.0547667342799188,0.0530451866404715,0.0538922155688622
Edwards,6,1,random,disklavier,RANDOM_P06_D1,0.7462662992927467,0.5963955119214587,0.6629664564510723,0.8947368421052632,0.8735177865612648,0.884,0.2874493927125506,0.2806324110671936,0.284,0.5991902834008097,0.5849802371541502,0.592,0.2105263157894736,0.2055335968379446,0.208
Edwards,6,2,random,disklavier,RANDOM_P06_D2,0.7625990240818665,0.5415772268754296,0.6333595852201876,0.8832116788321168,0.7393075356415478,0.8048780487804877,0.3357664233576642,0.2810590631364562,0.3059866962305986,0.708029197080292,0.5926680244399185,0.6452328159645232,0.2773722627737226,0.2321792260692464,0.2527716186252771
Edwards,7,0,random,disklavier,RANDOM_P07_D0,0.6811838636732757,0.6558252543963049,0.6682640748616567,0.9196581196581196,0.8981636060100167,0.9087837837837838,0.2615384615384615,0.2554257095158597,0.2584459459459459,0.2051282051282051,0.2003338898163606,0.2027027027027027,0.0615384615384615,0.0601001669449081,0.0608108108108108
Edwards,7,1,random,disklavier,RANDOM_P07_D1,0.7055754475703325,0.5804787726491205,0.6369429272540174,0.8871527777777778,0.8460264900662252,0.8661016949152542,0.2725694444444444,0.2599337748344371,0.2661016949152542,0.5711805555555556,0.5447019867549668,0.5576271186440679,0.1892361111111111,0.1804635761589404,0.1847457627118644
Edwards,7,2,random,disklavier,RANDOM_P07_D2,0.7432958362211441,0.5029037261479637,0.5999139414802065,0.9002217294900222,0.7012089810017271,0.7883495145631068,0.3170731707317073,0.2469775474956822,0.2776699029126214,0.7427937915742794,0.5785837651122625,0.6504854368932039,0.2660753880266075,0.2072538860103626,0.233009708737864
Edwards,8,0,random,disklavier,RANDOM_P08_D0,0.6776606442719456,0.631262630515325,0.6536392913776286,0.908148148148148,0.8909883720930233,0.8994864269992663,0.2325925925925926,0.2281976744186046,0.2303741746148202,0.1896296296296296,0.1860465116279069,0.1878209831254585,0.0459259259259259,0.0450581395348837,0.0454878943506969
Edwards,8,1,random,disklavier,RANDOM_P08_D1,0.7157990867579909,0.5772816228614718,0.6391212170631131,0.8921417565485362,0.8271428571428572,0.8584136397331358,0.2557781201848998,0.2371428571428571,0.246108228317272,0.6024653312788906,0.5585714285714286,0.5796886582653816,0.1802773497688752,0.1671428571428571,0.173461823573017
Edwards,8,2,random,disklavier,RANDOM_P08_D2,0.7029169692568386,0.4888519449910037,0.5766593229279796,0.918200408997955,0.6731634182908546,0.7768166089965398,0.3169734151329243,0.232383808095952,0.2681660899653978,0.7198364008179959,0.527736131934033,0.6089965397923875,0.2597137014314928,0.1904047976011994,0.2197231833910034
Edwards,9,0,random,disklavier,RANDOM_P09_D0,0.6749294477913657,0.6305971893670933,0.6520106150031179,0.910904255319149,0.8850129198966409,0.8977719528178245,0.2207446808510638,0.2144702842377261,0.2175622542595019,0.1875,0.1821705426356589,0.1847968545216251,0.0545212765957446,0.0529715762273901,0.0537352555701179
Edwards,9,1,random,disklavier,RANDOM_P09_D1,0.6371414032186248,0.5620353311948827,0.5972363694182067,0.8596491228070176,0.8114649681528663,0.8348623853211009,0.2064777327935222,0.1949044585987261,0.200524246395806,0.5560053981106613,0.5248407643312102,0.5399737876802098,0.136302294197031,0.1286624203821656,0.1323722149410222
Edwards,9,2,random,disklavier,RANDOM_P09_D2,0.6615942968243681,0.4773179969140131,0.5545481706820218,0.8961748633879781,0.6507936507936508,0.7540229885057472,0.24408014571949,0.1772486772486772,0.2053639846743295,0.7194899817850637,0.5224867724867724,0.6053639846743294,0.2040072859744991,0.1481481481481481,0.171647509578544
Edwards,10,0,random,disklavier,RANDOM_P10_D0,0.6349177923318324,0.6266771038499739,0.6307705341635955,0.8744239631336406,0.8805104408352669,0.877456647398844,0.1912442396313364,0.1925754060324826,0.1919075144508671,0.1820276497695852,0.1832946635730858,0.1826589595375722,0.0460829493087557,0.0464037122969837,0.0462427745664739
Edwards,10,1,random,disklavier,RANDOM_P10_D1,0.6162062718816583,0.5526001245770273,0.5826724830368197,0.885678391959799,0.8011363636363636,0.8412887828162292,0.207286432160804,0.1875,0.1968973747016706,0.5527638190954773,0.5,0.5250596658711217,0.1331658291457286,0.1204545454545454,0.1264916467780429
Edwards,10,2,random,disklavier,RANDOM_P10_D2,0.6606002592965068,0.458980511007282,0.541636034890421,0.8873949579831932,0.6308243727598566,0.7374301675977653,0.2504201680672269,0.1780167264038231,0.2081005586592179,0.7260504201680672,0.5161290322580645,0.6033519553072625,0.2067226890756302,0.1469534050179211,0.1717877094972067
Edwards,11,0,random,disklavier,RANDOM_P11_D0,0.6322447528669902,0.6260713192531374,0.629142892296335,0.8736951983298539,0.8755230125523012,0.8746081504702194,0.1920668058455114,0.1924686192468619,0.1922675026123302,0.1774530271398747,0.1778242677824267,0.1776384535005224,0.0323590814196242,0.0324267782426778,0.0323928944618599
Edwards,11,1,random,disklavier,RANDOM_P11_D1,0.6383268151674886,0.5456103176849465,0.5883381587521549,0.8724137931034482,0.7840909090909091,0.8258977149075082,0.2103448275862069,0.1890495867768595,0.1991294885745375,0.5448275862068965,0.4896694214876033,0.5157780195865072,0.1379310344827586,0.1239669421487603,0.1305767138193689
Edwards,11,2,random,disklavier,RANDOM_P11_D2,0.6622254069910652,0.4526156294958523,0.537715350697759,0.8883720930232558,0.6181229773462783,0.7290076335877863,0.2558139534883721,0.1779935275080906,0.2099236641221374,0.710077519379845,0.4940668824163969,0.5826972010178118,0.213953488372093,0.1488673139158576,0.1755725190839694
Edwards,12,0,random,disklavier,RANDOM_P12_D0,0.6397783113065721,0.5999326698508216,0.6192151497383109,0.8776493256262042,0.8701050620821394,0.8738609112709832,0.2052023121387283,0.2034383954154728,0.2043165467625899,0.1801541425818882,0.1786055396370582,0.1793764988009592,0.0404624277456647,0.0401146131805157,0.0402877697841726
Edwards,12,1,random,disklavier,RANDOM_P12_D1,0.626127547884446,0.528714510155987,0.5733125451572423,0.8566844919786096,0.7585227272727273,0.8046207935710697,0.1871657754010695,0.1657196969696969,0.1757910597689603,0.5272727272727272,0.4668560606060606,0.4952285283776996,0.1176470588235294,0.1041666666666666,0.1104972375690607
Edwards,12,2,random,disklavier,RANDOM_P12_D2,0.640047651110996,0.4332980357230517,0.5167606175668669,0.8587570621468926,0.5990147783251232,0.7057457922228673,0.2387005649717514,0.1665024630541872,0.1961694718514219,0.690677966101695,0.4817733990147783,0.567614625652931,0.1977401129943503,0.1379310344827586,0.1625072547881602
Edwards,13,0,random,disklavier,RANDOM_P13_D0,0.5761250985608609,0.619834871296746,0.5971812356893744,0.8367875647668394,0.8507462686567164,0.8437091858946452,0.1744386873920552,0.1773485513608428,0.1758815846756639,0.1770293609671848,0.179982440737489,0.1784936874183718,0.0336787564766839,0.0342405618964003,0.0339573356552024
Edwards,13,1,random,disklavier,RANDOM_P13_D1,0.6609706140534214,0.5118407934432173,0.5769243398849245,0.8546747967479674,0.7357830271216098,0.7907851433944523,0.2113821138211382,0.1819772528433945,0.1955806299952985,0.508130081300813,0.4374453193350831,0.4701457451810061,0.1341463414634146,0.1154855643044619,0.1241184767277856
Edwards,13,2,random,disklavier,RANDOM_P13_D2,0.6586756927408419,0.4119452068983376,0.5068802497998653,0.8300653594771242,0.5762250453720508,0.6802356722013927,0.2261437908496732,0.1569872958257713,0.1853240492769148,0.657516339869281,0.4564428312159709,0.5388323513658275,0.1843137254901961,0.1279491833030853,0.1510444563470808
Edwards,14,0,random,disklavier,RANDOM_P14_D0,0.5573518050654584,0.6418420957716676,0.5966205305007181,0.8360258481421647,0.8448979591836735,0.8404384896467723,0.1744749596122778,0.1763265306122449,0.1753958587088916,0.165589660743134,0.1673469387755102,0.1664636622005684,0.0290791599353796,0.0293877551020408,0.0292326431181485
Edwards,14,1,random,disklavier,RANDOM_P14_D1,0.6068094102957035,0.5143113131531791,0.5567445826579963,0.8500477554918816,0.714859437751004,0.7766143106457243,0.1709646609360076,0.1437751004016064,0.156195462478185,0.498567335243553,0.4192771084337349,0.4554973821989529,0.1031518624641833,0.0867469879518072,0.094240837696335
Edwards,14,2,random,disklavier,RANDOM_P14_D2,0.6303910844342224,0.4053017552296225,0.4933868483347298,0.8284671532846716,0.5684474123539232,0.6742574257425742,0.1934306569343065,0.1327212020033389,0.1574257425742574,0.6374695863746959,0.4373956594323873,0.5188118811881188,0.1508515815085158,0.1035058430717863,0.1227722772277227
Edwards,15,0,random,disklavier,RANDOM_P15_D0,0.5600359856057577,0.6287250099595446,0.5923960021252918,0.8247576435495898,0.8347169811320755,0.8297074268567141,0.1767337807606264,0.1788679245283018,0.177794448612153,0.1558538404175988,0.1577358490566037,0.1567891972993248,0.035048471290082,0.0354716981132075,0.0352588147036759
Edwards,15,1,random,disklavier,RANDOM_P15_D1,0.619058977039152,0.4953159817915457,0.5503171128697312,0.8374205267938238,0.6901197604790419,0.756668034468609,0.2061762034514078,0.1699101796407185,0.1862946245383668,0.4931880108991825,0.406437125748503,0.4456298727944194,0.1335149863760218,0.1100299401197604,0.1206401313089864
Edwards,15,2,random,disklavier,RANDOM_P15_D2,0.6740393914150844,0.395014898070265,0.4981142756058729,0.8368544600938967,0.5557287607170693,0.6679156908665105,0.1971830985915492,0.1309431021044427,0.1573770491803278,0.6467136150234741,0.4294621979734996,0.5161592505854801,0.1514084507042253,0.1005455962587685,0.1208430913348946
Edwards,16,0,random,disklavier,RANDOM_P16_D0,0.5252277947449456,0.6569741744017175,0.5837599764352742,0.8138888888888889,0.8312056737588652,0.8224561403508772,0.1534722222222222,0.1567375886524822,0.1550877192982456,0.1611111111111111,0.1645390070921985,0.1628070175438596,0.0291666666666666,0.0297872340425531,0.0294736842105263
Edwards,16,1,random,disklavier,RANDOM_P16_D1,0.5181004348931731,0.6323616832115483,0.5695569770196636,0.822962962962963,0.7774667599720084,0.7995681899964014,0.157037037037037,0.1483554933519944,0.1525728679381072,0.2259259259259259,0.2134359692092372,0.2195034184958618,0.0407407407407407,0.0384884534639608,0.0395825836631881
Edwards,16,2,random,disklavier,RANDOM_P16_D2,0.6495026585792483,0.3927599762139064,0.4895093428828155,0.8324145534729879,0.5474981870920957,0.6605424321959755,0.2006615214994487,0.1319796954314721,0.1592300962379702,0.6317530319735392,0.4155184916606236,0.5013123359580053,0.1521499448732083,0.1000725163161711,0.1207349081364829
Edwards,17,0,random,disklavier,RANDOM_P17_D0,0.55070688599253,0.6323034945850521,0.5886911800978785,0.8221925133689839,0.8205470313542361,0.8213689482470785,0.1544117647058823,0.1541027351567711,0.1542570951585976,0.1564171122994652,0.1561040693795864,0.1562604340567612,0.0381016042780748,0.0380253502334889,0.0380634390651085
Edwards,17,1,random,disklavier,RANDOM_P17_D1,0.6249734192257177,0.4947983461662251,0.5523193632632758,0.8168674698795181,0.6668852459016393,0.7342960288808664,0.1895582329317269,0.1547540983606557,0.1703971119133574,0.491566265060241,0.4013114754098361,0.4418772563176895,0.1156626506024096,0.0944262295081967,0.103971119133574
Edwards,17,2,random,disklavier,RANDOM_P17_D2,0.6409576220918737,0.3852747611902604,0.481264865165794,0.8301486199575372,0.5345181134654818,0.6503118503118503,0.1889596602972399,0.1216678058783321,0.148024948024948,0.6443736730360934,0.4149008885850991,0.5047817047817048,0.1486199575371549,0.0956937799043062,0.1164241164241164
Edwards,18,0,random,disklavier,RANDOM_P18_D0,0.546780905752754,0.6269431748541595,0.584124604182966,0.805625,0.8061288305190745,0.8058768365114097,0.150625,0.1507191994996873,0.1506720850265708,0.1625,0.1626016260162601,0.1625507971241013,0.028125,0.0281425891181988,0.0281337918099406
Edwards,18,1,random,disklavier,RANDOM_P18_D1,0.5943935334766761,0.4835805258160626,0.5332913811467905,0.8267716535433071,0.6521739130434783,0.7291666666666666,0.1889763779527559,0.1490683229813664,0.1666666666666666,0.4795275590551181,0.3782608695652174,0.4229166666666666,0.1149606299212598,0.0906832298136646,0.1013888888888888
Edwards,18,2,random,disklavier,RANDOM_P18_D2,0.6385321658300235,0.393204042406925,0.4867008190790425,0.8273453093812375,0.5300511508951407,0.6461418550272798,0.1716566866267465,0.1099744245524296,0.1340607950116913,0.6237524950099801,0.399616368286445,0.4871395167575994,0.1307385229540918,0.0837595907928388,0.1021044427123928
Edwards,19,0,random,disklavier,RANDOM_P19_D0,0.5687655987889203,0.6159640556180821,0.5914246573011241,0.797423887587822,0.8049645390070922,0.8011764705882353,0.1545667447306791,0.1560283687943262,0.1552941176470588,0.1639344262295081,0.1654846335697399,0.1647058823529411,0.0333723653395784,0.0336879432624113,0.0335294117647058
Edwards,19,1,random,disklavier,RANDOM_P19_D1,0.5961251862891207,0.4873898941920848,0.5363015184646175,0.8285714285714286,0.630064591896653,0.71581054036024,0.1652509652509652,0.1256605989430416,0.142761841227485,0.4849420849420849,0.368761009982384,0.418945963975984,0.0996138996138996,0.0757486788021139,0.086057371581054
Edwards,19,2,random,disklavier,RANDOM_P19_D2,0.6570925692501614,0.3787165993337586,0.48049751020087,0.821969696969697,0.5232067510548524,0.6394106813996316,0.1808712121212121,0.1151295961422543,0.1406998158379374,0.6202651515151515,0.3948161543098252,0.4825046040515653,0.1363636363636363,0.0867992766726944,0.1060773480662983
Edwards,20,0,random,disklavier,RANDOM_P20_D0,0.5611414702649896,0.6189299649382737,0.5886207566013982,0.7945823927765236,0.7901234567901234,0.7923466516601012,0.1247178329571106,0.1240179573512906,0.1243669105233539,0.1501128668171557,0.1492704826038159,0.1496904895891952,0.0191873589164785,0.0190796857463524,0.0191333708497467
Edwards,20,1,random,disklavier,RANDOM_P20_D1,0.5848224852071006,0.4991708684416535,0.5386128002397831,0.8411985018726592,0.6228508042151969,0.715742511153601,0.1745318352059925,0.1292290626733222,0.1485022307202039,0.5026217228464419,0.3721575152523572,0.4276609305289993,0.1011235955056179,0.0748752079866888,0.0860420650095602
Edwards,20,2,random,disklavier,RANDOM_P20_D2,0.6500731718831139,0.3477091671190677,0.4530775747904551,0.8160073597056118,0.5031196823596142,0.6224561403508773,0.1738730450781968,0.1072036301758366,0.1326315789473684,0.6228150873965042,0.3840045377197958,0.4750877192982456,0.1370745170193192,0.0845150311968235,0.1045614035087719
Edwards,21,0,random,disklavier,RANDOM_P21_D0,0.5697459724103487,0.6036801699773497,0.5862224012986937,0.7744,0.7723404255319148,0.773368841544607,0.1450666666666666,0.1446808510638297,0.1448735019973368,0.1530666666666666,0.1526595744680851,0.1528628495339547,0.0282666666666666,0.0281914893617021,0.0282290279627163
Edwards,21,1,random,disklavier,RANDOM_P21_D1,0.6037972498121179,0.476657580373607,0.5327470026344558,0.8216062544420754,0.6093832366895098,0.6997578692493946,0.1826581378820184,0.1354770690564048,0.1555690072639225,0.4747690120824449,0.3521349499209277,0.4043583535108958,0.1087420042643923,0.0806536636794939,0.0926150121065375
Edwards,21,2,random,disklavier,RANDOM_P21_D2,0.630017318486267,0.3630672048290319,0.4606629575760042,0.814748201438849,0.4884097035040431,0.6107178968655207,0.1681654676258993,0.1008086253369272,0.1260532524435456,0.625,0.3746630727762803,0.4684866868891135,0.1232014388489208,0.0738544474393531,0.0923491742500842
Edwards,22,0,random,disklavier,RANDOM_P22_D0,0.5528586819960125,0.5909929213698106,0.57129013346846,0.7812987012987013,0.7611336032388664,0.7710843373493975,0.1303896103896104,0.1270242914979757,0.1286849525762625,0.1532467532467532,0.1492914979757085,0.151243270956165,0.0264935064935064,0.0258097165991902,0.0261471417585234
Edwards,22,1,random,disklavier,RANDOM_P22_D1,0.6026436952324372,0.4657608674857377,0.5254336420319288,0.811217510259918,0.596279537456008,0.687337003767024,0.1785225718194254,0.1312217194570135,0.1512605042016807,0.4822161422708618,0.3544494720965309,0.4085772239930455,0.1121751025991792,0.0824534942182001,0.0950449145175311
Edwards,22,2,random,disklavier,RANDOM_P22_D2,0.6546153629475226,0.3557275044199022,0.460961712973753,0.8085836909871245,0.4806122448979592,0.6028800000000001,0.2,0.1188775510204081,0.14912,0.6042918454935622,0.3591836734693877,0.4505599999999999,0.1545064377682403,0.0918367346938775,0.1152
Edwards,23,0,random,disklavier,RANDOM_P23_D0,0.5909411165077652,0.577040181512113,0.5839079267976566,0.7975062344139651,0.7717181467181468,0.7844002943340691,0.142643391521197,0.138030888030888,0.140299239636988,0.1665835411471321,0.1611969111969112,0.1638459651704684,0.0344139650872818,0.0333011583011583,0.0338484179543782
Edwards,23,1,random,disklavier,RANDOM_P23_D1,0.5980540801545148,0.4533083969856786,0.5157173520649388,0.82365003417635,0.5801636976408281,0.6807909604519774,0.1606288448393711,0.1131439576311988,0.1327683615819208,0.4805194805194805,0.3384689455946076,0.3971751412429378,0.0943267259056732,0.0664419836302359,0.0779661016949152
Edwards,23,2,random,disklavier,RANDOM_P23_D2,0.6503547869495454,0.3337774134043861,0.4411475175898358,0.805921052631579,0.4766536964980545,0.5990220048899756,0.1751644736842105,0.1035992217898832,0.1301955990220049,0.6011513157894737,0.3555447470817121,0.4468215158924205,0.1241776315789473,0.0734435797665369,0.0922982885085574
Edwards,24,0,random,disklavier,RANDOM_P24_D0,0.5739135497614587,0.5877424038889844,0.5807456644994939,0.783745247148289,0.763425925925926,0.7734521575984991,0.1373574144486692,0.1337962962962963,0.1355534709193245,0.157319391634981,0.1532407407407407,0.1552532833020637,0.0289923954372623,0.0282407407407407,0.0286116322701688
Edwards,24,1,random,disklavier,RANDOM_P24_D1,0.5966566055258881,0.4506412931781276,0.5134701494773987,0.7955696202531646,0.582483781278962,0.6725521669341894,0.1620253164556962,0.118628359592215,0.1369716425896201,0.4563291139240506,0.3341056533827618,0.3857677902621723,0.0949367088607595,0.0695088044485634,0.0802568218298555
Edwards,24,2,random,disklavier,RANDOM_P24_D2,0.6515940950254311,0.3316425857914066,0.4395612059166067,0.8068091844813935,0.4750582750582751,0.5980046948356808,0.173396674584323,0.1020979020979021,0.1285211267605634,0.5954077593032462,0.3505827505827505,0.4413145539906103,0.1346001583531274,0.0792540792540792,0.0997652582159624
