model,genre,midiset,audioset,piece_id,p_frame,r_frame,f_frame,p_note_on,r_note_on,f_note_on,p_note_on_off,r_note_on_off,f_note_on_off,p_note_on_vel,r_note_on_vel,f_note_on_vel,p_note_on_off_vel,r_note_on_off_vel,f_note_on_off_vel
OaF,Blues,genre,disklavier,Blues_01,0.7566659556313993,0.680560218715526,0.7165980657054115,0.9816059426954368,0.9107318674105678,0.9448416751787538,0.702865228157057,0.6521168362323597,0.6765406877766429,0.563494870887867,0.5228093206432557,0.5423901940755874,0.4036080650866643,0.3744666885461109,0.3884916581545795
OaF,Blues,genre,disklavier,Blues_02,0.8239728272204511,0.6334318239080143,0.7162466654580302,0.7579666160849773,0.8724890829694323,0.8112058465286237,0.4423368740515933,0.509170305676856,0.4734064149411287,0.5796661608497724,0.6672489082969433,0.6203816483962648,0.3376327769347496,0.388646288209607,0.3613479496548923
OaF,Blues,genre,disklavier,Blues_03,0.8506013757223884,0.718059878883921,0.7787311875475681,0.9878571428571428,0.9815471965933286,0.9846920612317552,0.5314285714285715,0.5280340667139816,0.5297258810964757,0.5310714285714285,0.5276792051100071,0.5293698825204699,0.2942857142857142,0.2924059616749467,0.2933428266286934
OaF,Blues,genre,disklavier,Blues_04,0.8194253517302242,0.7291081513696355,0.7716329058292382,0.9805217391304348,0.9309775429326288,0.955107572420803,0.7255652173913043,0.6889035667107001,0.7067592749449432,0.5627826086956522,0.5343461030383091,0.5481958326274776,0.4281739130434782,0.4065389696169088,0.4170760630188039
OaF,Blues,genre,disklavier,Blues_05,0.8371116416037917,0.7679310730670247,0.8010304465268282,0.9928837682141648,0.984543010752688,0.988695798886452,0.6729922060318536,0.6673387096774194,0.6701535346718407,0.4273127753303964,0.4237231182795699,0.4255103762443057,0.2815994578109115,0.2792338709677419,0.2804116753838366
OaF,Blues,genre,disklavier,Blues_06,0.7785827928038184,0.7203614375976629,0.7483414106243824,0.9782193351165456,0.936356986100951,0.9568304989721548,0.6927779900649599,0.6631309436722751,0.6776303494673893,0.4936950706916316,0.4725676664228237,0.4829003924500093,0.3542223920519679,0.3390636430138991,0.3464772939637451
OaF,Blues,genre,disklavier,Blues_07,0.9567050288922544,0.8376310210562767,0.893217087427609,0.894620486366986,0.9052945563012678,0.8999258710155671,0.7126013264554164,0.72110365398956,0.7168272794662712,0.7538688282977155,0.7628635346756152,0.7583395107487028,0.5976418570375829,0.604772557792692,0.6011860637509266
OaF,Blues,genre,disklavier,Blues_08,0.9846266370423526,0.8657598407998836,0.9213753026634384,0.9567430025445292,0.9353233830845772,0.9459119496855346,0.8040712468193384,0.7860696517412935,0.7949685534591193,0.5407124681933843,0.5286069651741293,0.5345911949685535,0.4516539440203562,0.4415422885572139,0.4465408805031446
OaF,Blues,genre,disklavier,Blues_09,0.8381555832495008,0.8530647798646026,0.845544464472349,0.9859088774072334,0.9905615856536102,0.9882297551789077,0.7167684358853922,0.7201510146295422,0.7184557438794728,0.5810239549084077,0.5837659273242095,0.582391713747646,0.3640206669798027,0.365738555922605,0.3648775894538607
OaF,Blues,genre,disklavier,Blues_10,0.8915771885968888,0.8500895338067305,0.8703392294951385,0.9901356350184956,0.9555731852439509,0.972547436415018,0.7883271681052199,0.7608092026973423,0.7743237787646347,0.6835182901767365,0.6596588655295518,0.6713766653209527,0.5688450472667489,0.548988496628322,0.5587404117884538
OaF,Classical,genre,disklavier,Classical_01,0.8351158935015116,0.8535685805422647,0.8442414184070854,0.9714070729872084,0.8794277929155313,0.9231319270647124,0.7246049661399548,0.6559945504087193,0.688594923131927,0.6012039127163281,0.5442779291553134,0.5713264211655346,0.4394281414597442,0.3978201634877384,0.4175902752949589
OaF,Classical,genre,disklavier,Classical_02,0.9221012683511436,0.8529986912002464,0.8862049382913545,0.982431807674526,0.952914798206278,0.9674482130662416,0.8358760980120203,0.810762331838565,0.8231277031641249,0.7993527508090615,0.7753363228699551,0.7871613931254268,0.6726768377253814,0.6524663677130045,0.6624174823582972
OaF,Classical,genre,disklavier,Classical_03,0.93897617204661,0.925262062070316,0.9320686737167806,0.9326805385556916,0.7612387612387612,0.8382838283828382,0.5336597307221542,0.4355644355644356,0.4796479647964796,0.2399020807833537,0.1958041958041958,0.2156215621562156,0.1199510403916768,0.0979020979020979,0.1078107810781078
OaF,Classical,genre,disklavier,Classical_04,0.8785174193407601,0.7881460454189506,0.8308816321055048,0.9808429118773946,0.7937984496124031,0.8774635818337617,0.7432950191570882,0.6015503875968993,0.6649528706083977,0.5306513409961686,0.4294573643410853,0.4747215081405312,0.4157088122605364,0.3364341085271318,0.3718937446443873
OaF,Classical,genre,disklavier,Classical_05,0.8819886662382427,0.7254569044224825,0.7961013165527061,0.986734693877551,0.9293608841902932,0.9571888146498392,0.7948979591836735,0.7486785199423354,0.771096263301163,0.8158163265306122,0.7683805862566074,0.791388270230141,0.6607142857142857,0.6222969726093225,0.6409304627567434
OaF,Classical,genre,disklavier,Classical_06,0.9501764037553072,0.8702352786540484,0.908450583439578,0.936145952109464,0.9715976331360948,0.9535423925667827,0.7206385404789054,0.7479289940828402,0.7340301974448316,0.6419612314709237,0.6662721893491125,0.653890824622532,0.508551881413911,0.527810650887574,0.5180023228803715
OaF,Classical,genre,disklavier,Classical_07,0.9373303538739284,0.8165161829559326,0.8727621107571499,0.8815513626834381,0.8581632653061224,0.8697001034126164,0.7306079664570231,0.7112244897959183,0.7207859358841779,0.7012578616352201,0.6826530612244898,0.6918304033092038,0.5932914046121593,0.5775510204081633,0.5853154084798345
OaF,Classical,genre,disklavier,Classical_08,0.8769171004583949,0.9056973198523512,0.8910748825642443,0.9688841201716738,0.9107413010590016,0.9389134390434104,0.8095493562231759,0.7609682299546142,0.7845074083701586,0.6089055793991416,0.5723651033787192,0.5900701845593969,0.5278969957081545,0.4962178517397882,0.5115674551598648
OaF,Classical,genre,disklavier,Classical_09,0.8523545975337411,0.7457650157165916,0.7955052106932486,0.9411042944785276,0.8984771573604061,0.919296843787455,0.7149284253578733,0.6825458805154236,0.6983619656412305,0.7337423312883435,0.700507614213198,0.7167399121054735,0.5566462167689161,0.5314330339711051,0.5437475029964043
OaF,Classical,genre,disklavier,Classical_10,0.9313995398263044,0.5724105800039233,0.7090562083297475,0.939601921757035,0.6355617455896008,0.7582387150373858,0.5428963623884695,0.3672237697307335,0.438105787870396,0.7364447494852436,0.4981429897864438,0.5942952090833564,0.4406314344543582,0.298050139275766,0.3555801716975907
OaF,Country,genre,disklavier,Country_01,0.9004326582372907,0.8464761570827489,0.8726211346261589,0.9067599067599068,0.8683035714285714,0.887115165336374,0.7482517482517482,0.7165178571428571,0.7320410490307867,0.583916083916084,0.5591517857142857,0.5712656784492588,0.5174825174825175,0.4955357142857143,0.5062713797035348
OaF,Country,genre,disklavier,Country_02,0.9480879953489244,0.8669845135399338,0.9057242676699812,0.9867724867724867,0.8288888888888889,0.9009661835748792,0.7486772486772487,0.6288888888888889,0.6835748792270532,0.6772486772486772,0.5688888888888889,0.6183574879227052,0.5079365079365079,0.4266666666666667,0.463768115942029
OaF,Country,genre,disklavier,Country_03,0.95776092966995,0.7614979047880744,0.8484271554858214,0.9556962025316456,0.9607635206786852,0.958223162347964,0.6719409282700421,0.6755037115588547,0.6737176097303014,0.6002109704641351,0.6033934252386002,0.6017979904812268,0.3955696202531645,0.3976670201484623,0.3966155473294553
OaF,Country,genre,disklavier,Country_04,0.9292463536129396,0.8488373361849787,0.8872237049202765,0.9642184557438794,0.7013698630136986,0.8120539254559872,0.6440677966101694,0.4684931506849315,0.542426645519429,0.6440677966101694,0.4684931506849315,0.542426645519429,0.4293785310734463,0.3123287671232876,0.3616177636796193
OaF,Country,genre,disklavier,Country_05,0.9583126216373332,0.8428927126406118,0.8969046558297423,0.9688524590163936,0.987468671679198,0.9780719900703352,0.830327868852459,0.8462823725981621,0.8382292097641706,0.3532786885245901,0.3600668337510442,0.3566404633843607,0.2967213114754098,0.302422723475355,0.2995448903599503
OaF,Country,genre,disklavier,Country_06,0.8943633207393036,0.9208326762340324,0.9074050091947474,0.9760765550239234,0.888243831640058,0.9300911854103344,0.7432216905901117,0.6763425253991292,0.7082066869300913,0.6156299840510366,0.5602322206095791,0.5866261398176291,0.4800637958532695,0.4368650217706821,0.4574468085106383
OaF,Country,genre,disklavier,Country_07,0.910106873542017,0.8448264285234675,0.8762524919257254,0.9880434782608696,0.9419689119170984,0.9644562334217506,0.7445652173913043,0.7098445595854922,0.7267904509283819,0.4130434782608695,0.3937823834196891,0.403183023872679,0.2576086956521739,0.2455958549222797,0.2514588859416446
OaF,Country,genre,disklavier,Country_08,0.8876228967810359,0.7785320109112394,0.8295061108320776,0.9862745098039216,0.983702737940026,0.9849869451697127,0.7392156862745098,0.7372881355932204,0.7382506527415145,0.4490196078431372,0.4478487614080834,0.4484334203655352,0.3418300653594771,0.3409387222946545,0.3413838120104439
OaF,Country,genre,disklavier,Country_09,0.8810796317812137,0.9104039303326376,0.8955017803938669,0.9889589905362776,0.842741935483871,0.9100145137880986,0.7429022082018928,0.6330645161290323,0.683599419448476,0.3186119873817035,0.271505376344086,0.2931785195936139,0.2444794952681388,0.2083333333333333,0.2249637155297532
OaF,Country,genre,disklavier,Country_10,0.8766044187269858,0.9386987748204478,0.9065895953757224,0.991304347826087,0.991304347826087,0.991304347826087,0.782608695652174,0.782608695652174,0.782608695652174,0.6417391304347826,0.6417391304347826,0.6417391304347826,0.5182608695652174,0.5182608695652174,0.5182608695652174
OaF,Folk,genre,disklavier,Folk_01,0.9553547415416062,0.7896936552398738,0.8646609220583225,0.971217105263158,0.9866332497911444,0.9788644840447576,0.765625,0.7777777777777778,0.7716535433070867,0.3601973684210526,0.3659147869674185,0.3630335681723995,0.2763157894736842,0.2807017543859649,0.2784915043514298
OaF,Folk,genre,disklavier,Folk_02,0.9750246548323472,0.6949042347566333,0.8114701959577306,0.9782608695652174,0.9726224783861672,0.9754335260115607,0.7101449275362319,0.7060518731988472,0.708092485549133,0.6768115942028986,0.6729106628242075,0.6748554913294798,0.4739130434782608,0.4711815561959654,0.472543352601156
OaF,Folk,genre,disklavier,Folk_03,0.9512005075859612,0.8207164809834806,0.8811540702320616,0.9664292980671414,0.949050949050949,0.9576612903225806,0.797558494404883,0.7832167832167832,0.7903225806451614,0.745676500508647,0.7322677322677322,0.7389112903225806,0.6266531027466938,0.6153846153846154,0.6209677419354839
OaF,Folk,genre,disklavier,Folk_04,0.9534080793013016,0.8579671549045716,0.9031732374543444,0.8456521739130435,0.9476248477466503,0.8937392303273981,0.6641304347826087,0.7442143727161997,0.7018954623779438,0.6032608695652174,0.6760048721071864,0.6375646180356117,0.4652173913043478,0.5213154689403167,0.491671453187823
OaF,Folk,genre,disklavier,Folk_05,0.9648693350975852,0.9043032532760116,0.9336050444375686,0.9761388286334056,0.907258064516129,0.9404388714733544,0.8524945770065075,0.7923387096774194,0.8213166144200627,0.2928416485900217,0.2721774193548387,0.2821316614420063,0.3101952277657266,0.2883064516129032,0.2988505747126436
OaF,Folk,genre,disklavier,Folk_06,0.8874075300872254,0.8173024367301801,0.8509134701277734,0.6524137931034483,0.5934755332496863,0.621550591327201,0.5186206896551724,0.4717691342534504,0.4940867279894875,0.4731034482758621,0.4303638644918444,0.4507227332457293,0.3737931034482759,0.3400250941028858,0.3561103810775296
OaF,Folk,genre,disklavier,Folk_07,0.8468183733670459,0.9186810674895708,0.8812871748485596,0.9897013388259528,0.9458661417322834,0.9672873678912934,0.7147270854788877,0.6830708661417323,0.6985405133366885,0.831101956745623,0.7942913385826772,0.8122798188223452,0.5849639546858908,0.5590551181102362,0.571716155007549
OaF,Folk,genre,disklavier,Folk_08,0.9638110836978832,0.9231586472585738,0.9430469621665484,0.8261327713382508,0.9775561097256856,0.8954882924043404,0.6575342465753424,0.7780548628428927,0.7127355796687606,0.5869336143308747,0.6945137157107232,0.6362078812107368,0.4836670179135932,0.5723192019950125,0.5242718446601942
OaF,Folk,genre,disklavier,Folk_09,0.953670890045788,0.8847661790699535,0.917927258594602,0.9398148148148148,0.9144144144144144,0.9269406392694064,0.8333333333333334,0.8108108108108109,0.8219178082191781,0.6759259259259259,0.6576576576576577,0.6666666666666667,0.6099537037037037,0.5934684684684685,0.6015981735159817
OaF,Folk,genre,disklavier,Folk_10,0.8681723615078105,0.9352871903965962,0.9004809538613463,0.9744186046511628,0.9088937093275488,0.9405162738496072,0.7372093023255814,0.6876355748373102,0.7115600448933783,0.5395348837209303,0.5032537960954447,0.5207631874298542,0.4325581395348837,0.403470715835141,0.4175084175084175
OaF,Jazz,genre,disklavier,Jazz_01,0.8767027348811149,0.7392446924734993,0.8021273869024734,0.9837067209775968,0.8886844526218951,0.9337844369260512,0.7362525458248472,0.6651333946642134,0.6988883518608022,0.8523421588594705,0.7700091996320148,0.8090865152247463,0.6496945010183299,0.5869365225390984,0.6167230546157564
OaF,Jazz,genre,disklavier,Jazz_02,0.8694333348312587,0.7533779837233753,0.8072558100721826,0.9488084730803178,0.8641479099678456,0.9045014724442576,0.7166813768755517,0.6527331189710611,0.6832141354648718,0.8693733451015004,0.7918006430868167,0.8287757677745057,0.6540158870255958,0.5956591639871383,0.6234749684476231
OaF,Jazz,genre,disklavier,Jazz_03,0.8449593832349674,0.7988551897378878,0.8212607425595867,0.9511614055985704,0.8356881214024071,0.8896935933147632,0.795116140559857,0.6985871271585558,0.7437325905292478,0.7748659916617034,0.6807953950811093,0.7247910863509749,0.6605122096486004,0.5803244374672946,0.6178272980501393
OaF,Jazz,genre,disklavier,Jazz_04,0.8622874349468261,0.7996933010492333,0.8298116462735443,0.9821348816435908,0.8566419945461629,0.9151061173533084,0.8200089325591782,0.7152317880794702,0.7640449438202247,0.9004019651630192,0.7853525516166732,0.8389513108614232,0.757034390352836,0.6603038566419945,0.7053682896379526
OaF,Jazz,genre,disklavier,Jazz_05,0.9298116817388016,0.7429914848985831,0.8259694575780482,0.9536981358989778,0.8559093362115489,0.9021615472127418,0.6289837642814191,0.5644900161899622,0.5949943117178612,0.7841250751653638,0.7037236913113869,0.7417519908987485,0.5171377029464823,0.464112250404749,0.4891922639362913
OaF,Jazz,genre,disklavier,Jazz_06,0.8417488274145688,0.8077294020391292,0.8243883003656135,0.9591057797164668,0.8392175572519084,0.8951653944020357,0.7780806979280261,0.6808206106870229,0.7262086513994911,0.7709923664122137,0.674618320610687,0.7195928753180663,0.6297709923664122,0.5510496183206107,0.5877862595419847
OaF,Jazz,genre,disklavier,Jazz_07,0.8844374285558761,0.7590158829025225,0.8169408294436576,0.955758426966292,0.8432465923172243,0.8959842001316657,0.7212078651685393,0.6363073110285006,0.6761026991441738,0.6811797752808989,0.6009913258983891,0.6385780118499013,0.5308988764044944,0.4684014869888476,0.4976958525345622
OaF,Jazz,genre,disklavier,Jazz_08,0.9516739373672102,0.7332403452183768,0.8282981912879824,0.9155080213903743,0.872579001019368,0.8935281837160751,0.6106951871657754,0.582059123343527,0.5960334029227558,0.6973262032085561,0.6646279306829765,0.6805845511482254,0.4770053475935829,0.454638124362895,0.4655532359081419
OaF,Jazz,genre,disklavier,Jazz_09,0.8461105482382079,0.6681185830481354,0.7466534210853097,0.983010533469249,0.9714573539288112,0.9771997973315316,0.6156982670744139,0.6084620550705171,0.6120587738557676,0.6221542643560992,0.6148421759570182,0.6184766086809661,0.3856608902480462,0.3811282740094023,0.3833811856105388
OaF,Jazz,genre,disklavier,Jazz_10,0.9168090693118828,0.7629281940414119,0.8328201115626341,0.9724409448818898,0.861484803188839,0.9136063408190224,0.7699662542182227,0.682112605879422,0.7233817701453104,0.8470191226096738,0.750373692077728,0.795772787318362,0.6732283464566929,0.5964125560538116,0.6324966974900925
OaF,Latin,genre,disklavier,Latin_01,0.9405985919849548,0.6264379181911072,0.7520266694364894,0.9797441364605544,0.8331822302810517,0.9005389514943655,0.6066098081023454,0.5158658204895739,0.5575698187163155,0.4829424307036247,0.4106980961015412,0.4439000489955904,0.3059701492537313,0.2601994560290118,0.2812346888780009
OaF,Latin,genre,disklavier,Latin_02,0.9261752446336624,0.9696396900961448,0.9474092230519296,0.986,0.90625,0.9444444444444444,0.904,0.8308823529411765,0.8659003831417624,0.656,0.6029411764705882,0.6283524904214559,0.6,0.5514705882352942,0.574712643678161
OaF,Latin,genre,disklavier,Latin_03,0.94125445955067,0.900956402358126,0.9206646742942698,0.9716840536512668,0.8968363136176066,0.9327610872675252,0.8286140089418778,0.7647867950481431,0.7954220314735336,0.3248882265275707,0.2998624484181568,0.3118741058655221,0.2906110283159464,0.2682255845942228,0.2789699570815451
OaF,Latin,genre,disklavier,Latin_04,0.8937111628939192,0.9118221442318578,0.902675819557299,0.9656283566058004,0.9771739130434782,0.971366828741221,0.7508055853920516,0.7597826086956522,0.7552674230145867,0.765843179377014,0.775,0.7703943814154511,0.5972073039742213,0.6043478260869565,0.6007563479200432
OaF,Latin,genre,disklavier,Latin_05,0.9222846757093331,0.8994141105804736,0.91070582859042,0.97678916827853,0.9132007233273056,0.9439252336448598,0.8336557059961315,0.779385171790235,0.805607476635514,0.8491295938104448,0.7938517179023508,0.8205607476635514,0.7446808510638298,0.6962025316455697,0.719626168224299
OaF,Latin,genre,disklavier,Latin_06,0.9187651331719128,0.8979116956873262,0.9082187272491548,0.9776223776223776,0.9161205766710354,0.945872801082544,0.8671328671328671,0.8125819134993447,0.8389715832205683,0.6125874125874126,0.5740498034076016,0.5926928281461434,0.5524475524475524,0.5176933158584535,0.5345060893098782
OaF,Latin,genre,disklavier,Latin_07,0.9764464925755248,0.859210265467587,0.914084669069714,0.94321206743567,0.8635255889520714,0.9016115351993214,0.6903283052351376,0.6320064987814785,0.6598812553011026,0.8748890860692103,0.8009748172217709,0.8363019508057676,0.6379769299023957,0.5840779853777417,0.6098388464800678
OaF,Latin,genre,disklavier,Latin_08,0.9805465911398976,0.9237785431815284,0.951316437681318,0.9757142857142858,0.8734015345268542,0.921727395411606,0.8242857142857143,0.7378516624040921,0.7786774628879891,0.7957142857142857,0.7122762148337596,0.7516869095816464,0.6685714285714286,0.59846547314578,0.631578947368421
OaF,Latin,genre,disklavier,Latin_09,0.8636646822649868,0.8819340131125524,0.8727037448304202,0.9919839679358716,0.953757225433526,0.9724950884086444,0.7434869739478958,0.7148362235067437,0.7288801571709234,0.781563126252505,0.7514450867052023,0.7662082514734774,0.591182364729459,0.5684007707129094,0.5795677799607072
OaF,Latin,genre,disklavier,Latin_10,0.9465717184174408,0.8390401297693773,0.8895680864387928,0.9846678023850084,0.7675962815405046,0.8626865671641791,0.8347529812606473,0.650730411686587,0.7313432835820896,0.807495741056218,0.6294820717131474,0.7074626865671643,0.7103918228279387,0.5537848605577689,0.6223880597014925
OaF,Pop,genre,disklavier,Pop_01,0.9468535510439996,0.8163832305488071,0.8767913293637519,0.990990990990991,0.9217877094972068,0.9551374819102748,0.8018018018018018,0.7458100558659218,0.7727930535455861,0.90990990990991,0.8463687150837989,0.8769898697539797,0.7417417417417418,0.6899441340782123,0.7149059334298118
OaF,Pop,genre,disklavier,Pop_02,0.8426298303899283,0.9113242904052126,0.8756318345501999,0.987034035656402,0.9500780031201248,0.9682034976152624,0.6677471636952999,0.6427457098283932,0.6550079491255962,0.7779578606158833,0.748829953198128,0.7631160572337042,0.5445705024311183,0.5241809672386896,0.534181240063593
OaF,Pop,genre,disklavier,Pop_03,0.9220635950681376,0.7919936680638544,0.8520935030044257,0.9709443099273608,0.9021372328458944,0.9352769679300292,0.7167070217917676,0.6659167604049494,0.6903790087463557,0.6876513317191283,0.6389201349831272,0.6623906705539359,0.4987893462469733,0.4634420697412823,0.480466472303207
OaF,Pop,genre,disklavier,Pop_04,0.9731091955668834,0.6915007275206301,0.8084845672953954,0.95,0.8605072463768116,0.903041825095057,0.578,0.5235507246376812,0.5494296577946769,0.864,0.782608695652174,0.8212927756653993,0.519,0.4701086956521739,0.4933460076045627
OaF,Pop,genre,disklavier,Pop_05,0.9371757634773266,0.8837890470385206,0.909699814217268,0.9823529411764704,0.9043321299638988,0.9417293233082706,0.8196078431372549,0.7545126353790613,0.7857142857142857,0.8549019607843137,0.7870036101083032,0.819548872180451,0.7215686274509804,0.6642599277978339,0.6917293233082706
OaF,Pop,genre,disklavier,Pop_06,0.8467219152854512,0.809967585089141,0.8279370453072102,0.9817158931082982,0.9426063470627954,0.961763692731657,0.6856540084388185,0.6583389601620526,0.6717189114708921,0.80098452883263,0.7690749493585415,0.7847054770926627,0.5738396624472574,0.550979068197164,0.562177058215639
OaF,Pop,genre,disklavier,Pop_07,0.9539266097931518,0.9235185970866922,0.9384763519825244,0.9938366718027736,0.967016491754123,0.9802431610942248,0.9491525423728814,0.9235382308845578,0.9361702127659576,0.5469953775038521,0.5322338830584707,0.5395136778115501,0.5130970724191063,0.4992503748125937,0.5060790273556232
OaF,Pop,genre,disklavier,Pop_08,0.9411871028739068,0.8552279159086315,0.8961509184180043,0.9887640449438202,0.924924924924925,0.9557796741660202,0.8314606741573034,0.7777777777777778,0.8037238169123351,0.7110754414125201,0.6651651651651652,0.687354538401862,0.6147672552166934,0.575075075075075,0.5942591155934833
OaF,Pop,genre,disklavier,Pop_09,0.94413290982053,0.8816263258754745,0.9118096320141388,0.9630086313193588,0.926453143534994,0.9443772672309552,0.782983970406905,0.7532621589561092,0.7678355501813785,0.7299630086313194,0.7022538552787663,0.7158403869407497,0.5955610357583231,0.5729537366548043,0.5840386940749699
OaF,Pop,genre,disklavier,Pop_10,0.9585135666535588,0.9255743307385608,0.9417560127499276,0.9466666666666668,0.9466666666666668,0.9466666666666668,0.82,0.82,0.82,0.6466666666666666,0.6466666666666666,0.6466666666666666,0.54,0.54,0.54
OaF,Rock,genre,disklavier,Rock_01,0.9402652422177196,0.8374401207428309,0.8858789025215627,0.9708454810495628,0.7161290322580646,0.8242574257425742,0.7084548104956269,0.5225806451612903,0.6014851485148515,0.4489795918367347,0.3311827956989247,0.3811881188118812,0.3877551020408163,0.2860215053763441,0.3292079207920792
OaF,Rock,genre,disklavier,Rock_02,0.9567963195315768,0.925170526542827,0.940717692855968,0.992548435171386,0.9340813464235624,0.96242774566474,0.819672131147541,0.7713884992987378,0.7947976878612716,0.5827123695976155,0.5483870967741935,0.565028901734104,0.4679582712369597,0.4403927068723702,0.4537572254335261
OaF,Rock,genre,disklavier,Rock_03,0.8812993482062423,0.9337313321106412,0.9067580215726008,0.8738948348068869,0.9174401563263312,0.8951382268827455,0.7961842717543043,0.835857352222765,0.8155386081982842,0.7664029781293625,0.8045920859794822,0.7850333651096283,0.7021870637505817,0.7371763556424035,0.719256434699714
OaF,Rock,genre,disklavier,Rock_04,0.888188403019967,0.7588199662753957,0.8184233991648201,0.9198542805100182,0.815831987075929,0.8647260273972603,0.604735883424408,0.5363489499192245,0.5684931506849314,0.4735883424408014,0.420032310177706,0.4452054794520548,0.3442622950819672,0.3053311793214863,0.3236301369863014
OaF,Rock,genre,disklavier,Rock_05,0.9233709631323236,0.7754061229693852,0.8429446152090077,0.9547657512116317,0.8954545454545455,0.9241594996090696,0.7382875605815832,0.6924242424242424,0.7146207974980454,0.592891760904685,0.556060606060606,0.5738858483189992,0.4394184168012924,0.4121212121212121,0.4253322908522282
OaF,Rock,genre,disklavier,Rock_06,0.9165355000638108,0.8803939195815627,0.8981012526313595,0.9912554653341662,0.9396092362344582,0.964741641337386,0.768894440974391,0.7288336293664891,0.7483282674772037,0.750156152404747,0.7110716400236826,0.7300911854103342,0.5865084322298564,0.5559502664298401,0.5708206686930091
OaF,Rock,genre,disklavier,Rock_07,0.9135088820235566,0.889799228888471,0.9014981897865854,0.97224709042077,0.9679144385026738,0.9700759267530148,0.8111011638316921,0.8074866310160428,0.8092898615453327,0.6463742166517458,0.64349376114082,0.644930772666369,0.5452103849597135,0.5427807486631016,0.5439928539526574
OaF,Rock,genre,disklavier,Rock_08,0.9780901376904192,0.8872377280837708,0.930451410230144,0.9982788296041308,0.9177215189873418,0.9563066776586976,0.8640275387263339,0.7943037974683544,0.8276999175597692,0.7263339070567987,0.6677215189873418,0.6957955482275351,0.6316695352839932,0.5806962025316456,0.6051112943116241
OaF,Rock,genre,disklavier,Rock_09,0.9487152548478116,0.7678506353101237,0.848754615642833,0.9500594530321046,0.9345029239766082,0.9422169811320754,0.7288941736028538,0.7169590643274854,0.7228773584905661,0.7419738406658739,0.7298245614035088,0.7358490566037735,0.5766944114149821,0.5672514619883041,0.5719339622641509
OaF,Rock,genre,disklavier,Rock_10,0.9590518337657052,0.8595003646973013,0.906551268181272,0.9876923076923076,0.8469656992084432,0.911931818181818,0.8215384615384616,0.7044854881266491,0.7585227272727273,0.7184615384615385,0.6160949868073878,0.6633522727272728,0.5723076923076923,0.4907651715039577,0.5284090909090909
OaF,Soul,genre,disklavier,Soul_01,0.9650057764692728,0.9596175464169684,0.9623041189222667,0.9832904884318766,0.9770114942528736,0.980140935297886,0.9190231362467868,0.913154533844189,0.9160794362588084,0.7403598971722365,0.735632183908046,0.737988468930173,0.7043701799485861,0.6998722860791826,0.7021140294682895
OaF,Soul,genre,disklavier,Soul_02,0.93961776529896,0.7102340556379554,0.8089799674479614,0.9252669039145908,0.7152682255845942,0.8068269976726145,0.6316725978647687,0.4883081155433287,0.5508145849495734,0.4306049822064057,0.3328748280605227,0.3754848719937936,0.2900355871886121,0.2242090784044016,0.2529092319627619
OaF,Soul,genre,disklavier,Soul_03,0.9134144953919672,0.8658533662488316,0.8889982589650993,0.969626168224299,0.9367945823927766,0.9529276693455798,0.7511682242990654,0.7257336343115124,0.7382319173363949,0.3446261682242991,0.3329571106094808,0.338691159586682,0.2546728971962617,0.2460496613995485,0.2502870264064294
OaF,Soul,genre,disklavier,Soul_04,0.8792455763102671,0.7708451631953119,0.8214847626655047,0.9488372093023256,0.7838616714697406,0.8584955286691216,0.5790697674418605,0.4783861671469741,0.5239347711730667,0.6918604651162791,0.5715658021133525,0.625986322987901,0.4593023255813953,0.3794428434197887,0.4155707522356655
OaF,Soul,genre,disklavier,Soul_05,0.9761372465077932,0.6379689119170985,0.7716285744724855,0.9662921348314608,0.9684684684684683,0.967379077615298,0.8426966292134831,0.8445945945945946,0.843644544431946,0.6134831460674157,0.6148648648648649,0.6141732283464567,0.5573033707865168,0.5585585585585585,0.5579302587176602
OaF,Soul,genre,disklavier,Soul_06,0.9550686539737636,0.7721504621987455,0.8539237386760378,0.9708333333333332,0.8062283737024222,0.8809073724007561,0.6388888888888888,0.5305651672433679,0.5797101449275363,0.8125,0.6747404844290658,0.7372400756143668,0.5319444444444444,0.4417531718569781,0.4826717076244486
OaF,Soul,genre,disklavier,Soul_07,0.908516117830893,0.9261641027153792,0.9172552313479164,0.9841605068637804,0.9282868525896414,0.955407483341876,0.8120380147835269,0.7659362549800797,0.788313685289595,0.7180570221752904,0.6772908366533864,0.6970784213223988,0.617740232312566,0.5826693227091634,0.5996924654023578
OaF,Soul,genre,disklavier,Soul_08,0.9713591640691728,0.6995558324945278,0.8133507330642876,0.97429718875502,0.8978534418948927,0.9345146379044684,0.6730923694779116,0.6202812731310141,0.6456086286594762,0.7534136546184739,0.694300518134715,0.7226502311248073,0.5333333333333333,0.4914877868245744,0.5115562403697996
OaF,Soul,genre,disklavier,Soul_09,0.8943467665599258,0.9252229352446038,0.9095228829788324,0.9875346260387812,0.9609164420485176,0.9740437158469945,0.8019390581717452,0.7803234501347709,0.7909836065573771,0.6662049861495845,0.6482479784366577,0.657103825136612,0.5401662049861495,0.5256064690026954,0.5327868852459016
OaF,Soul,genre,disklavier,Soul_10,0.8937819538482796,0.8849289955399896,0.8893334433261838,0.9099485420240138,0.970722781335773,0.9393536963258078,0.7161234991423671,0.7639524245196706,0.7392651615759185,0.4202401372212693,0.4483074107959743,0.4338202744577246,0.330188679245283,0.3522415370539798,0.3408587870739265
OaF,World,genre,disklavier,World_01,0.9648723290857116,0.795128768217209,0.8718150774888364,0.9840182648401826,0.931891891891892,0.957245974458634,0.839041095890411,0.7945945945945946,0.8162132148806218,0.9143835616438356,0.865945945945946,0.889505830094392,0.7773972602739726,0.7362162162162162,0.7562465297057189
OaF,World,genre,disklavier,World_02,0.9682750145527456,0.8548221321304174,0.90801843876994,0.9826839826839828,0.9728571428571428,0.977745872218234,0.7821067821067821,0.7742857142857142,0.7781765972720747,0.5064935064935064,0.5014285714285714,0.5039483129935391,0.4069264069264069,0.4028571428571428,0.4048815506101939
OaF,World,genre,disklavier,World_03,0.8564904721446778,0.7983397677937578,0.8263934126258006,0.9916083916083916,0.8921979865771812,0.9392801943033782,0.8079254079254079,0.7269295302013423,0.7652903510708766,0.7296037296037297,0.6564597315436241,0.691101788474277,0.6186480186480187,0.5566275167785235,0.5860013247957606
OaF,World,genre,disklavier,World_04,0.888789960858098,0.7847141882471597,0.833515821314071,0.9805680119581464,0.8986301369863013,0.9378127233738384,0.7040358744394619,0.6452054794520548,0.6733380986418871,0.7548579970104634,0.6917808219178082,0.7219442458899215,0.5351270553064275,0.4904109589041096,0.511794138670479
OaF,World,genre,disklavier,World_05,0.9359509765933324,0.9059187954049812,0.9206900446100852,0.9796650717703348,0.9808383233532936,0.9802513464991024,0.8301435406698564,0.8311377245508982,0.8306403351286654,0.819377990430622,0.8203592814371258,0.8198683423099941,0.6842105263157895,0.6850299401197605,0.6846199880311191
OaF,World,genre,disklavier,World_06,0.912713720618523,0.94483738874412,0.9284977884199672,0.9913606911447084,0.9913606911447084,0.9913606911447084,0.8552915766738661,0.8552915766738661,0.8552915766738661,0.8012958963282938,0.8012958963282938,0.8012958963282938,0.6673866090712743,0.6673866090712743,0.6673866090712743
OaF,World,genre,disklavier,World_07,0.955593520022938,0.7910576181339873,0.8655758638227877,0.9598214285714286,0.8431372549019608,0.8977035490605428,0.7276785714285714,0.6392156862745098,0.6805845511482255,0.5892857142857143,0.5176470588235295,0.5511482254697286,0.4583333333333333,0.4026143790849673,0.4286708420320111
OaF,World,genre,disklavier,World_08,0.9329767675079392,0.8139003645200487,0.869380126674281,0.9715099715099716,0.4703448275862069,0.6338289962825279,0.2706552706552707,0.1310344827586207,0.1765799256505576,0.5270655270655271,0.2551724137931034,0.3438661710037174,0.131054131054131,0.0634482758620689,0.0855018587360594
OaF,World,genre,disklavier,World_09,0.9369757890185906,0.8478888117291498,0.8902090254209005,0.9555106167846308,0.9662576687116564,0.9608540925266904,0.7391304347826086,0.7474437627811861,0.7432638535841383,0.6865520728008089,0.6942740286298569,0.6903914590747331,0.5035389282103134,0.50920245398773,0.5063548551093034
OaF,World,genre,disklavier,World_10,0.9087576324296206,0.935737696555418,0.922050341178984,0.9973718791064388,0.9844357976653696,0.9908616187989556,0.8028909329829172,0.7924773022049286,0.7976501305483029,0.721419185282523,0.7120622568093385,0.716710182767624,0.5781865965834428,0.5706874189364461,0.5744125326370756
Kong,Blues,genre,disklavier,Blues_01,0.7505695269576094,0.8059379346731258,0.7772689425478767,0.9576101468624834,0.941581883820151,0.9495283799437366,0.7313084112149533,0.7190679356744338,0.7251365215952341,0.5744325767690254,0.5648178536265179,0.5695846433890451,0.4465954606141522,0.4391204463406629,0.4428264107231507
Kong,Blues,genre,disklavier,Blues_02,0.8445805843543827,0.8209991067133924,0.8326229108352012,0.838659392049883,0.9397379912663756,0.886326194398682,0.5705378020265004,0.6393013100436681,0.6029654036243823,0.6149649259547935,0.6890829694323144,0.6499176276771006,0.4247856586126267,0.4759825327510917,0.4489291598023064
Kong,Blues,genre,disklavier,Blues_03,0.8340636505319269,0.8359612881317562,0.8350113911957081,0.9803990199509977,0.9939673527324344,0.9871365638766518,0.5887294364718236,0.5968772178850248,0.5927753303964758,0.5386769338466924,0.5461320085166785,0.5423788546255507,0.3164158207910395,0.3207948899929028,0.3185903083700441
Kong,Blues,genre,disklavier,Blues_04,0.7930893966219824,0.8522998399323488,0.8216292543744723,0.962401055408971,0.9636723910171732,0.963036303630363,0.724934036939314,0.725891677675033,0.7254125412541255,0.5827836411609498,0.5835535006605019,0.5831683168316831,0.4340369393139842,0.4346103038309115,0.4343234323432343
Kong,Blues,genre,disklavier,Blues_05,0.8571743130809518,0.8711776083377292,0.8641192325986999,0.9824793388429752,0.9986559139784946,0.9905015830694884,0.725289256198347,0.7372311827956989,0.731211464755874,0.4981818181818181,0.5063844086021505,0.5022496250624896,0.3543801652892562,0.3602150537634409,0.3572737877020496
Kong,Blues,genre,disklavier,Blues_06,0.7901911697769686,0.7863079466449261,0.7882447756450276,0.952346570397112,0.9648866130212144,0.9585755813953488,0.6761732851985559,0.6850768105340161,0.680595930232558,0.5386281588447653,0.5457205559619605,0.5421511627906977,0.3956678700361011,0.4008778346744696,0.3982558139534884
Kong,Blues,genre,disklavier,Blues_07,0.9570357091517914,0.9559363835232312,0.956485730463369,0.8839590443686007,0.965697240865026,0.9230220955096222,0.7761092150170649,0.8478747203579419,0.8104062722736992,0.7535836177474403,0.8232662192393736,0.7868852459016394,0.6607508532423209,0.7218493661446681,0.6899501069137562
Kong,Blues,genre,disklavier,Blues_08,0.9890557797922318,0.9068824928408484,0.9461883691929838,0.9796696315120712,0.9589552238805972,0.9692017598994344,0.8792884371029225,0.8606965174129353,0.8698931489629165,0.5717916137229987,0.5597014925373134,0.5656819610307983,0.5146124523506989,0.503731343283582,0.5091137649277183
Kong,Blues,genre,disklavier,Blues_09,0.8712698412698413,0.9227042804529548,0.8962497309573466,0.987810595405532,0.9943369513921662,0.991063029162747,0.7609001406469761,0.7659273242095328,0.7634054562558796,0.6033755274261603,0.6073619631901841,0.6053621825023519,0.4786685419596812,0.4818310523831996,0.480244590780809
Kong,Blues,genre,disklavier,Blues_10,0.8879120366591654,0.9404137079345476,0.9134090609219254,0.9761241543971348,0.9730265767552558,0.9745729042510928,0.8241146040588938,0.8214994049980167,0.8228049264998014,0.6462395543175488,0.6441888139627132,0.645212554628526,0.5475527258257064,0.5458151527171757,0.5466825586015097
Kong,Classical,genre,disklavier,Classical_01,0.844325738580617,0.9007010898458266,0.8716027748526964,0.9395750332005312,0.9638964577656676,0.9515803631472765,0.7430278884462151,0.7622615803814714,0.7525218560860794,0.6308100929614874,0.6471389645776566,0.6388702084734365,0.5,0.5129427792915532,0.5063887020847343
Kong,Classical,genre,disklavier,Classical_02,0.931652058348891,0.9067056740318732,0.9190096058555922,0.9536628420123566,0.9690582959641256,0.9612989323843416,0.8437775816416593,0.8573991031390135,0.8505338078291815,0.6999117387466902,0.7112107623318386,0.7055160142348754,0.6103265666372463,0.6201793721973095,0.6152135231316725
Kong,Classical,genre,disklavier,Classical_03,0.9407915021433616,0.9749636669106052,0.9575728125854164,0.915576694411415,0.7692307692307693,0.8360477741585233,0.5552913198573127,0.4665334665334665,0.5070575461454941,0.3210463733650416,0.2697302697302697,0.2931596091205211,0.1902497027348395,0.1598401598401598,0.1737242128121607
Kong,Classical,genre,disklavier,Classical_04,0.8591267953961762,0.7956930305403289,0.8261941182150353,0.9538188277087034,0.8325581395348837,0.8890728476821191,0.7371225577264654,0.6434108527131783,0.6870860927152318,0.4902309058614564,0.427906976744186,0.4569536423841059,0.3818827708703374,0.3333333333333333,0.3559602649006622
Kong,Classical,genre,disklavier,Classical_05,0.925906443734736,0.7894475500953052,0.8522492456402764,0.9815980629539952,0.9740509370494954,0.9778099372889532,0.8246973365617434,0.818356559346468,0.8215147129763628,0.8203389830508474,0.814031715521384,0.8171731789676797,0.6886198547215496,0.6833253243632869,0.6859623733719248
Kong,Classical,genre,disklavier,Classical_06,0.9533009494369618,0.9458245706274098,0.9495480437220964,0.892972972972973,0.9775147928994082,0.9333333333333332,0.7545945945945945,0.8260355029585799,0.7887005649717513,0.5621621621621622,0.6153846153846154,0.5875706214689266,0.4724324324324324,0.5171597633136095,0.4937853107344633
Kong,Classical,genre,disklavier,Classical_07,0.9330805290279054,0.8821828019663693,0.9069181110018202,0.8479408658922915,0.8193877551020409,0.8334198235599378,0.7286166842661035,0.7040816326530612,0.7161390762843798,0.7539598732840549,0.7285714285714285,0.7410482615464452,0.6515311510031679,0.6295918367346939,0.640373637778931
Kong,Classical,genre,disklavier,Classical_08,0.8779299986345638,0.92869523350987,0.902599377646756,0.9368956743002544,0.9283913262733232,0.9326241134751772,0.7816793893129771,0.7745839636913767,0.7781155015197568,0.4987277353689567,0.4942007060010085,0.4964539007092199,0.4157760814249364,0.4120020171457387,0.4138804457953394
Kong,Classical,genre,disklavier,Classical_09,0.8694625031084585,0.8316880468949113,0.8501558795689215,0.9144838212634824,0.9269816477938304,0.920690323831685,0.7303543913713405,0.740335806325654,0.7353112274578243,0.6590909090909091,0.668098399062866,0.6635640876478572,0.5273497688751926,0.534556813744631,0.5309288345937562
Kong,Classical,genre,disklavier,Classical_10,0.8951678780135308,0.6986529784868895,0.7847954827158794,0.8801791713325868,0.7298050139275766,0.797969543147208,0.5235162374020157,0.4340761374187558,0.4746192893401015,0.6730123180291153,0.5580315691736305,0.6101522842639594,0.4008958566629339,0.3324048282265552,0.3634517766497462
Kong,Country,genre,disklavier,Country_01,0.9062404092071612,0.931819775596073,0.918852104762728,0.7807652533609101,0.8426339285714286,0.8105206655931294,0.6804550155118925,0.734375,0.7063875469672571,0.5170630816959669,0.5580357142857143,0.5367686527106817,0.4756980351602896,0.5133928571428571,0.4938271604938271
Kong,Country,genre,disklavier,Country_02,0.943717552967588,0.9227906498139224,0.9331367873401258,0.9577114427860696,0.8555555555555555,0.9037558685446008,0.7910447761194029,0.7066666666666667,0.7464788732394366,0.6965174129353234,0.6222222222222222,0.6572769953051644,0.5771144278606966,0.5155555555555555,0.5446009389671361
Kong,Country,genre,disklavier,Country_03,0.9758667437548596,0.8406350896475923,0.9032171754915258,0.935318275154004,0.966065747613998,0.9504434011476264,0.7186858316221766,0.7423117709437964,0.7303077725612938,0.5739219712525667,0.5927889713679746,0.5832029212310902,0.4414784394250513,0.4559915164369035,0.4486176317162233
Kong,Country,genre,disklavier,Country_04,0.950472908989264,0.9090492454415504,0.9292996898913504,0.9640933572710952,0.7356164383561644,0.8344988344988344,0.6983842010771992,0.5328767123287671,0.6045066045066045,0.6642728904847397,0.5068493150684932,0.574980574980575,0.4721723518850987,0.3602739726027397,0.4087024087024087
Kong,Country,genre,disklavier,Country_05,0.9701291268453692,0.9169519659715738,0.9427912912626908,0.9253499222395024,0.9941520467836256,0.9585179218687072,0.8118195956454122,0.8721804511278195,0.8409182440596054,0.3716951788491446,0.3993316624895572,0.3850181232380185,0.3125972006220839,0.3358395989974937,0.3238018525976641
Kong,Country,genre,disklavier,Country_06,0.888264430143653,0.9450796404352626,0.9157916855034351,0.9106628242074928,0.9172714078374457,0.9139551699204628,0.6714697406340058,0.6763425253991292,0.6738973246565438,0.5576368876080692,0.5616835994194485,0.559652928416486,0.4121037463976945,0.4150943396226415,0.4135936370209689
Kong,Country,genre,disklavier,Country_07,0.9105121663042176,0.8925837641845162,0.9014588331030507,0.929633300297324,0.9720207253886012,0.950354609929078,0.7185332011892963,0.7512953367875648,0.734549138804458,0.4925668979187314,0.5150259067357513,0.5035460992907801,0.3468780971258672,0.3626943005181347,0.3546099290780142
Kong,Country,genre,disklavier,Country_08,0.850658675157645,0.8563688702844716,0.8535042221052895,0.950501253132832,0.9889178617992176,0.969329073482428,0.7268170426065163,0.7561929595827901,0.7412140575079872,0.3872180451127819,0.4028683181225554,0.394888178913738,0.3233082706766917,0.3363754889178618,0.3297124600638977
Kong,Country,genre,disklavier,Country_09,0.9039869246952864,0.9602534030253218,0.9312710467865588,0.9772727272727272,0.8669354838709677,0.9188034188034188,0.7106060606060606,0.6303763440860215,0.6680911680911681,0.2469696969696969,0.2190860215053763,0.2321937321937322,0.1939393939393939,0.1720430107526881,0.1823361823361823
Kong,Country,genre,disklavier,Country_10,0.9140929877026648,0.9599070553443178,0.936440008517712,0.9896373056994818,0.9965217391304348,0.9930675909878685,0.853195164075993,0.8591304347826086,0.8561525129982669,0.7426597582037997,0.7478260869565218,0.7452339688041595,0.6493955094991365,0.6539130434782608,0.6516464471403813
Kong,Folk,genre,disklavier,Folk_01,0.9735323102914262,0.8711262282690854,0.9194867362542384,0.937844217151849,0.9958228905597326,0.965964343598055,0.8088119590873328,0.858813700918964,0.833063209076175,0.3674272226593233,0.390142021720969,0.3784440842787682,0.3107789142407553,0.3299916457811194,0.320097244732577
Kong,Folk,genre,disklavier,Folk_02,0.9782908402419072,0.9351607801792304,0.9562397247352012,0.9212283044058746,0.9942363112391932,0.9563409563409564,0.7837116154873164,0.845821325648415,0.8135828135828136,0.636849132176235,0.6873198847262247,0.661122661122661,0.5514018691588785,0.5951008645533141,0.5724185724185723
Kong,Folk,genre,disklavier,Folk_03,0.9137210828874346,0.8823568958893584,0.897765139300128,0.8970163618864293,0.9310689310689312,0.9137254901960784,0.78055822906641,0.8101898101898102,0.7950980392156863,0.685274302213667,0.7112887112887113,0.6980392156862745,0.6005774783445621,0.6233766233766234,0.611764705882353
Kong,Folk,genre,disklavier,Folk_04,0.8675927743962302,0.9566973033245644,0.909968954812004,0.7707317073170732,0.9622411693057248,0.8559046587215601,0.6663414634146342,0.8319123020706456,0.7399783315276274,0.5697560975609756,0.7113276492082826,0.6327193932827735,0.4878048780487805,0.6090133982947625,0.5417118093174431
Kong,Folk,genre,disklavier,Folk_05,0.976450205338809,0.9435533876234964,0.9597199739315072,0.975,0.9435483870967742,0.9590163934426232,0.8333333333333334,0.8064516129032258,0.819672131147541,0.3104166666666667,0.3004032258064516,0.305327868852459,0.2520833333333333,0.2439516129032258,0.2479508196721311
Kong,Folk,genre,disklavier,Folk_06,0.8801013471758744,0.9051492926237114,0.8924496023962752,0.8883553421368547,0.9284818067754078,0.9079754601226996,0.7478991596638656,0.7816813048933501,0.7644171779141105,0.6554621848739496,0.685069008782936,0.6699386503067485,0.5582232893157263,0.5834378920953576,0.5705521472392637
Kong,Folk,genre,disklavier,Folk_07,0.8884020085381679,0.8998418957273749,0.8940853600832781,0.9839195979899498,0.9635826771653544,0.973644952759821,0.7768844221105528,0.7608267716535433,0.7687717553455992,0.8351758793969849,0.8179133858267716,0.8264545002486325,0.6663316582914572,0.6525590551181102,0.6593734460467428
Kong,Folk,genre,disklavier,Folk_08,0.8798891478238962,0.9709672935242368,0.9231873044044692,0.6833477135461605,0.9875311720698254,0.8077511473737888,0.4616048317515099,0.6670822942643392,0.5456399796022438,0.4736842105263157,0.6845386533665836,0.5599184089750128,0.3019844693701466,0.4364089775561097,0.3569607343192248
Kong,Folk,genre,disklavier,Folk_09,0.9670078889423568,0.964735919462892,0.9658705681441644,0.9688888888888888,0.981981981981982,0.9753914988814316,0.9055555555555556,0.9177927927927928,0.9116331096196868,0.71,0.7195945945945946,0.7147651006711409,0.6588888888888889,0.6677927927927928,0.6633109619686801
Kong,Folk,genre,disklavier,Folk_10,0.7977581307230818,0.9597705515879046,0.8712970307273167,0.9679633867276888,0.9175704989154012,0.9420935412026726,0.7986270022883295,0.7570498915401301,0.7772828507795099,0.5606407322654462,0.5314533622559653,0.5456570155902004,0.4874141876430206,0.4620390455531453,0.4743875278396436
Kong,Jazz,genre,disklavier,Jazz_01,0.8813070496238813,0.875217763604689,0.8782518518518518,0.9636871508379888,0.952161913523459,0.957889865802869,0.7318435754189944,0.7230910763569457,0.7274409995372513,0.8817504655493482,0.8712051517939282,0.876446089773253,0.6703910614525139,0.6623735050597976,0.6663581675150393
Kong,Jazz,genre,disklavier,Jazz_02,0.8473009128108279,0.8385576885635294,0.842906628569192,0.9311449159327462,0.934887459807074,0.9330124348174887,0.7526020816653323,0.7556270096463023,0.7541115122342559,0.8702962369895917,0.8737942122186495,0.8720417168070598,0.7045636509207366,0.707395498392283,0.7059767348576013
Kong,Jazz,genre,disklavier,Jazz_03,0.8613803960560112,0.856219243519262,0.8587920655080904,0.9496402877697842,0.8979591836734694,0.923076923076923,0.8090758162700609,0.7650444793301936,0.7864443249058635,0.7852794687327062,0.7425431711145997,0.7633136094674556,0.6834532374100719,0.6462585034013606,0.6643356643356644
Kong,Jazz,genre,disklavier,Jazz_04,0.8694477085781434,0.836045197740113,0.8524193548387096,0.9684426229508196,0.9205298013245032,0.9438785700019972,0.8147540983606557,0.7744448772886638,0.7940882764130217,0.910655737704918,0.8656018698870277,0.8875574196125424,0.7709016393442623,0.7327619789637709,0.7513481126423008
Kong,Jazz,genre,disklavier,Jazz_05,0.9128967172514032,0.8485591879544202,0.879552982039128,0.9349726775956284,0.9233675121424716,0.9291338582677166,0.6693989071038251,0.6610901241230437,0.665218571816454,0.7743169398907104,0.7647058823529411,0.7694814010317675,0.5519125683060109,0.5450620615218564,0.5484659245180559
Kong,Jazz,genre,disklavier,Jazz_06,0.8246780224345659,0.8660558464223386,0.8448606086401362,0.9239881539980256,0.8931297709923665,0.9082969432314412,0.7541954590325765,0.7290076335877863,0.7413876758854925,0.6846001974333662,0.6617366412213741,0.6729742843279961,0.5616979269496545,0.5429389312977099,0.5521591460456088
Kong,Jazz,genre,disklavier,Jazz_07,0.86220140667034,0.8284490812830894,0.8449883264774549,0.8873576992210904,0.9175960346964064,0.9022235759975632,0.732174955062912,0.7571251548946716,0.744441060006092,0.639904134212103,0.6617100371747212,0.650624428876028,0.5350509286998203,0.5532837670384139,0.5440146207736826
Kong,Jazz,genre,disklavier,Jazz_08,0.951726194025401,0.7730315094102035,0.8531219600842357,0.9324596774193548,0.9429153924566768,0.937658388241257,0.6481854838709677,0.6554536187563711,0.6517992904206792,0.7036290322580645,0.7115188583078491,0.7075519513431323,0.4879032258064516,0.4933741080530071,0.4906234161175875
Kong,Jazz,genre,disklavier,Jazz_09,0.8490467937608319,0.79839103960176,0.8229401299564012,0.9599211563731932,0.9811954331766286,0.9704417137163732,0.6849540078843627,0.7001343183344526,0.6924609764197941,0.5818002628120894,0.5946944257891202,0.5881766854865493,0.421484888304862,0.4308260577568838,0.4261042842909333
Kong,Jazz,genre,disklavier,Jazz_10,0.8997496502466681,0.8476247731135184,0.8729097587255853,0.957680250783699,0.9133034379671152,0.9349655700076512,0.803030303030303,0.7658196312904834,0.7839836776332569,0.85423197492163,0.8146487294469357,0.8339709257842386,0.7199582027168234,0.6865969108121575,0.7028819178780924
Kong,Latin,genre,disklavier,Latin_01,0.9320428257336776,0.8034295790896206,0.86297053539028,0.912593984962406,0.8803263825929284,0.8961698200276881,0.6701127819548872,0.6464188576609248,0.658052607291186,0.4633458646616541,0.4469628286491387,0.4550069220119981,0.3430451127819549,0.3309156844968268,0.3368712505768343
Kong,Latin,genre,disklavier,Latin_02,0.9525229357798164,0.969149631289088,0.9607643547864712,0.9940944881889764,0.9283088235294118,0.9600760456273764,0.9350393700787402,0.8731617647058824,0.9030418250950571,0.6673228346456693,0.6231617647058824,0.6444866920152091,0.6240157480314961,0.5827205882352942,0.6026615969581749
Kong,Latin,genre,disklavier,Latin_03,0.9390865839884084,0.9495956344674028,0.9443118718737092,0.9534883720930232,0.9023383768913342,0.927208480565371,0.8125,0.7689133425034388,0.7901060070671377,0.2950581395348837,0.2792297111416781,0.2869257950530035,0.2369186046511628,0.2242090784044016,0.2303886925795053
Kong,Latin,genre,disklavier,Latin_04,0.8970518080335845,0.931365334540926,0.9138865938582666,0.9432404540763674,0.9934782608695653,0.9677077818951828,0.7647058823529411,0.8054347826086956,0.7845420857596611,0.6996904024767802,0.7369565217391304,0.7178401270513499,0.5737874097007224,0.6043478260869565,0.5886712546320805
Kong,Latin,genre,disklavier,Latin_05,0.919987806443332,0.941050005744014,0.9303997209174028,0.9830188679245284,0.9421338155515372,0.9621421975992612,0.8547169811320755,0.8191681735985533,0.8365650969529086,0.8433962264150944,0.8083182640144665,0.8254847645429362,0.7433962264150943,0.7124773960216998,0.7276084949215142
Kong,Latin,genre,disklavier,Latin_06,0.947743615174808,0.9044783183135808,0.925605658530679,0.987603305785124,0.9397116644823068,0.9630624580255204,0.8939393939393939,0.8505897771952818,0.8717259905977166,0.5771349862258953,0.5491480996068152,0.5627938213566152,0.5509641873278237,0.5242463958060288,0.5372733378106112
Kong,Latin,genre,disklavier,Latin_07,0.980610116882487,0.9109881593886856,0.9445178890918348,0.9126365054602184,0.950446791226645,0.931157978511739,0.7308892355694228,0.7611697806661251,0.7457222443294866,0.8486739469578783,0.8838342810722989,0.8658973338639078,0.6786271450858035,0.7067424857839155,0.6923995224830879
Kong,Latin,genre,disklavier,Latin_08,0.9821172410073884,0.9679912403793,0.975003078438616,0.9572763684913218,0.9168797953964194,0.9366427171783148,0.8477970627503337,0.8120204603580563,0.829523187459177,0.7716955941255007,0.7391304347826086,0.7550620509470933,0.69826435246996,0.6687979539641944,0.6832135858915742
Kong,Latin,genre,disklavier,Latin_09,0.8805729107192378,0.953929347730044,0.91578447339848,0.9902534113060428,0.978805394990366,0.9844961240310078,0.8109161793372319,0.8015414258188824,0.8062015503875969,0.7563352826510721,0.7475915221579962,0.751937984496124,0.6237816764132553,0.6165703275529865,0.6201550387596899
Kong,Latin,genre,disklavier,Latin_10,0.9493540103518838,0.8343589110656605,0.8881496218164072,0.9900497512437813,0.7928286852589641,0.8805309734513275,0.8258706467661692,0.6613545816733067,0.7345132743362832,0.824212271973466,0.6600265604249668,0.7330383480825958,0.6782752902155887,0.5431606905710491,0.6032448377581121
Kong,Pop,genre,disklavier,Pop_01,0.94353136616784,0.8632903507132623,0.901629105293291,0.9727403156384504,0.946927374301676,0.9596602972399152,0.8350071736011477,0.8128491620111732,0.8237791932059447,0.890961262553802,0.86731843575419,0.8789808917197454,0.7618364418938307,0.7416201117318436,0.7515923566878981
Kong,Pop,genre,disklavier,Pop_02,0.8984486833782749,0.9279660288479722,0.9129688358915812,0.982484076433121,0.9625585023400935,0.9724192277383766,0.8296178343949044,0.8127925117004681,0.8211189913317574,0.7452229299363057,0.7301092043681747,0.7375886524822695,0.643312101910828,0.6302652106084243,0.6367218282111899
Kong,Pop,genre,disklavier,Pop_03,0.9129601922379398,0.8978975296530812,0.905366215547862,0.915217391304348,0.9471316085489314,0.9309010503040356,0.7130434782608696,0.7379077615298087,0.7252625760088447,0.6206521739130435,0.6422947131608548,0.6312880044223329,0.4815217391304348,0.4983127109111361,0.4897733554449972
Kong,Pop,genre,disklavier,Pop_04,0.9692147769070846,0.7399953194476948,0.8392349190779793,0.9140480591497228,0.8958333333333334,0.9048490393412626,0.5739371534195934,0.5625,0.5681610247026533,0.8354898336414048,0.8188405797101449,0.8270814272644098,0.5175600739371534,0.5072463768115942,0.5123513266239709
Kong,Pop,genre,disklavier,Pop_05,0.9549883150653368,0.918715663146562,0.9365008916827384,0.98635477582846,0.9133574007220217,0.9484536082474226,0.8499025341130604,0.7870036101083032,0.8172446110590441,0.8304093567251462,0.7689530685920578,0.7985004686035614,0.7212475633528265,0.6678700361010831,0.6935332708528584
Kong,Pop,genre,disklavier,Pop_06,0.9144420494113744,0.8744098372207737,0.8939780085192222,0.9680489462950372,0.9615124915597568,0.9647696476964768,0.760707002039429,0.7555705604321404,0.758130081300813,0.8123725356900068,0.8068872383524646,0.8096205962059619,0.6356220258327668,0.6313301823092505,0.633468834688347
Kong,Pop,genre,disklavier,Pop_07,0.9884145095864826,0.9579974543911752,0.972968314613197,0.9940209267563528,0.9970014992503748,0.995508982035928,0.9626307922272048,0.9655172413793104,0.9640718562874252,0.5635276532137519,0.5652173913043478,0.5643712574850298,0.5500747384155455,0.5517241379310345,0.5508982035928144
Kong,Pop,genre,disklavier,Pop_08,0.9163566929524376,0.9337224580553872,0.9249580736402092,0.9890965732087228,0.9534534534534534,0.970948012232416,0.8348909657320872,0.8048048048048048,0.8195718654434251,0.7040498442367601,0.6786786786786787,0.6911314984709481,0.5919003115264797,0.5705705705705706,0.581039755351682
Kong,Pop,genre,disklavier,Pop_09,0.9261723206244372,0.9414112563623712,0.9337296158642148,0.9423529411764706,0.9501779359430604,0.9462492616656824,0.8094117647058824,0.8161328588374852,0.8127584170112226,0.7294117647058823,0.7354685646500593,0.7324276432368577,0.6247058823529412,0.6298932384341637,0.6272888363851151
Kong,Pop,genre,disklavier,Pop_10,0.9399445642131198,0.965761660654389,0.9526782369833936,1.0,0.96,0.979591836734694,0.8541666666666666,0.82,0.836734693877551,0.75,0.72,0.7346938775510204,0.6319444444444444,0.6066666666666667,0.6190476190476191
Kong,Rock,genre,disklavier,Rock_01,0.942115531427602,0.911034188595052,0.9263142092226088,0.9419889502762432,0.7333333333333333,0.8246674727932286,0.7292817679558011,0.567741935483871,0.6384522370012091,0.4419889502762431,0.3440860215053763,0.3869407496977026,0.3176795580110497,0.2473118279569892,0.2781136638452237
Kong,Rock,genre,disklavier,Rock_02,0.9685523421811176,0.9557439810196544,0.9621055345596168,0.9432432432432432,0.9789621318373072,0.9607708189951824,0.8067567567567567,0.8373071528751753,0.8217481073640743,0.6013513513513513,0.6241234221598878,0.6125258086717136,0.5148648648648648,0.5343618513323983,0.5244322092222987
Kong,Rock,genre,disklavier,Rock_03,0.9473428070858476,0.9107497099225212,0.9286859280180144,0.9722885809842332,0.9941377625793844,0.9830917874396136,0.9679885332059244,0.9897410845139228,0.978743961352657,0.8346870520783565,0.8534440644846116,0.8439613526570049,0.8303870043000477,0.84904738641915,0.8396135265700484
Kong,Rock,genre,disklavier,Rock_04,0.886329411375333,0.8768397099029189,0.8815590229771546,0.9341637010676156,0.8481421647819063,0.8890770533446233,0.6868327402135231,0.6235864297253635,0.6536833192209992,0.4288256227758007,0.3893376413570275,0.4081287044877222,0.3807829181494662,0.345718901453958,0.3624047417442845
Kong,Rock,genre,disklavier,Rock_05,0.9203745610612564,0.8845905770471147,0.9021278548591884,0.9793650793650792,0.9348484848484848,0.9565891472868217,0.7968253968253968,0.7606060606060606,0.7782945736434109,0.5841269841269842,0.5575757575757576,0.5705426356589147,0.4873015873015873,0.4651515151515151,0.475968992248062
Kong,Rock,genre,disklavier,Rock_06,0.901938623550686,0.923953906505394,0.9128135429002046,0.906439185470556,0.9751332149200712,0.939532230462065,0.6967528893780958,0.7495559502664298,0.7221905305191101,0.6389653274628508,0.6873889875666075,0.6622932116371935,0.5107319757842598,0.5494375370041444,0.52937820878494
Kong,Rock,genre,disklavier,Rock_07,0.9116318656377668,0.9442942448749296,0.9276756432167768,0.9530842745438748,0.9777183600713012,0.965244170699516,0.8218940052128584,0.8431372549019608,0.8323801143862736,0.6707211120764552,0.6880570409982175,0.6792784865816103,0.5742832319721981,0.589126559714795,0.581610206775187
Kong,Rock,genre,disklavier,Rock_08,0.9869043097916476,0.9815058412888604,0.9841976727481684,0.9932546374367622,0.9319620253164556,0.9616326530612244,0.9342327150084316,0.8765822784810127,0.9044897959183674,0.7234401349072512,0.6787974683544303,0.7004081632653061,0.6762225969645869,0.634493670886076,0.6546938775510205
Kong,Rock,genre,disklavier,Rock_09,0.9165870241105236,0.9203615072520104,0.9184703878581432,0.8449144008056395,0.9812865497076024,0.908008658008658,0.7381671701913394,0.8573099415204678,0.7932900432900434,0.6717019133937563,0.7801169590643274,0.7218614718614718,0.594159113796576,0.6900584795321637,0.6385281385281385
Kong,Rock,genre,disklavier,Rock_10,0.9404930897032604,0.9438480123997084,0.9421675644620908,0.9646539027982328,0.8641160949868074,0.9116214335421016,0.8100147275405007,0.7255936675461742,0.7654836464857342,0.6730486008836525,0.6029023746701847,0.6360473208072374,0.5478645066273933,0.4907651715039577,0.5177453027139874
Kong,Soul,genre,disklavier,Soul_01,0.9674486046768822,0.9725636496151994,0.9699993839709234,0.9808917197452228,0.983397190293742,0.9821428571428572,0.9273885350318471,0.929757343550447,0.9285714285714288,0.6853503184713375,0.6871008939974457,0.6862244897959183,0.6585987261146496,0.6602809706257982,0.659438775510204
Kong,Soul,genre,disklavier,Soul_02,0.921510527483716,0.851282422313063,0.8850054532462485,0.9135399673735726,0.7702888583218707,0.835820895522388,0.6476345840130505,0.546079779917469,0.5925373134328358,0.4388254486133768,0.3700137551581843,0.4014925373134328,0.3197389885807504,0.2696011004126547,0.2925373134328358
Kong,Soul,genre,disklavier,Soul_03,0.9198441614660364,0.916724588356542,0.9182817254770148,0.9502824858757062,0.9492099322799096,0.9497459062676452,0.768361581920904,0.7674943566591422,0.7679277244494637,0.3186440677966101,0.3182844243792325,0.318464144551101,0.2576271186440678,0.2573363431151241,0.2574816487859966
Kong,Soul,genre,disklavier,Soul_04,0.8867816775728733,0.8464578554069094,0.866150699577,0.9095744680851064,0.8213256484149856,0.8632004038364463,0.6265957446808511,0.5658021133525456,0.5946491670873296,0.6734042553191489,0.6080691642651297,0.6390711761736497,0.4734042553191489,0.4274735830931796,0.4492680464411913
Kong,Soul,genre,disklavier,Soul_05,0.9794948449656968,0.7944870466321243,0.877343754470084,0.953020134228188,0.9594594594594594,0.956228956228956,0.8993288590604027,0.9054054054054054,0.9023569023569022,0.639821029082774,0.6441441441441441,0.6419753086419753,0.5973154362416108,0.6013513513513513,0.5993265993265993
Kong,Soul,genre,disklavier,Soul_06,0.9471672243911508,0.841005694948828,0.8909351228469005,0.9573333333333334,0.8281430219146482,0.8880643166357451,0.6493333333333333,0.5617070357554786,0.6023500309214594,0.8053333333333333,0.6966551326412919,0.7470624613481757,0.5453333333333333,0.4717416378316032,0.5058750773036488
Kong,Soul,genre,disklavier,Soul_07,0.909742500663658,0.9098364282659036,0.9097894620404854,0.9510556621880998,0.9870517928286852,0.9687194525904202,0.744721689059501,0.7729083665338645,0.758553274682307,0.7341650671785028,0.7619521912350598,0.7478005865102639,0.6257197696737045,0.649402390438247,0.6373411534701858
Kong,Soul,genre,disklavier,Soul_08,0.9646842944379268,0.7685615683267027,0.8555269511398045,0.9188426252646436,0.9637305699481864,0.9407514450867052,0.6570218772053634,0.689119170984456,0.6726878612716762,0.6781933662667607,0.7113249444855663,0.694364161849711,0.4940014114326041,0.5181347150259067,0.5057803468208093
Kong,Soul,genre,disklavier,Soul_09,0.904364894278607,0.9695599633302776,0.9358283392993604,0.9110012360939432,0.9932614555256064,0.950354609929078,0.7725587144622992,0.8423180592991913,0.8059316569954867,0.6019777503090235,0.6563342318059299,0.6279819471308833,0.5092707045735476,0.555256064690027,0.5312701482914249
Kong,Soul,genre,disklavier,Soul_10,0.8790029318133202,0.9557145593345556,0.9157550453243494,0.9056603773584906,0.9661482159194876,0.9349269588313412,0.7667238421955404,0.817932296431839,0.7915006640106244,0.4236706689536878,0.4519670631290027,0.4373616644532979,0.3619210977701543,0.3860933211344922,0.3736166445329792
Kong,World,genre,disklavier,World_01,0.9651134287115032,0.864613695348373,0.9121035339707678,0.9609544468546638,0.9578378378378378,0.9593936112615052,0.851409978308026,0.8486486486486486,0.8500270709258256,0.9088937093275488,0.905945945945946,0.9074174336762316,0.8091106290672451,0.8064864864864865,0.8077964266377908
Kong,World,genre,disklavier,World_02,0.969877091459281,0.9394640172062658,0.9544283359357252,0.9440654843110504,0.9885714285714284,0.9658060013956736,0.82537517053206,0.8642857142857143,0.8443824145150034,0.514324693042292,0.5385714285714286,0.5261688764829031,0.4311050477489768,0.4514285714285714,0.4410327983251919
Kong,World,genre,disklavier,World_03,0.903009931709988,0.8396193062096079,0.870161656724949,0.9753353526611857,0.945469798657718,0.9601703940362089,0.8078753786239723,0.7831375838926175,0.7953141640042599,0.7680657723929035,0.7445469798657718,0.7561235356762513,0.6555603634790134,0.635486577181208,0.645367412140575
Kong,World,genre,disklavier,World_04,0.8911555435467892,0.880528610839192,0.885810205908684,0.9022364217252395,0.9671232876712328,0.9335537190082646,0.7022364217252396,0.7527397260273972,0.7266115702479339,0.7610223642172524,0.8157534246575342,0.7874380165289256,0.6063897763578274,0.65,0.6274380165289256
Kong,World,genre,disklavier,World_05,0.950531259090972,0.9531191398924864,0.9518234404694196,0.9185022026431718,0.9988023952095808,0.9569707401032702,0.7874449339207048,0.8562874251497006,0.8204245553643144,0.6960352422907489,0.7568862275449102,0.7251864601262191,0.5925110132158591,0.644311377245509,0.6173264486517498
Kong,World,genre,disklavier,World_06,0.9285506214396686,0.9708788791498866,0.9492431135743238,0.9829424307036247,0.9956803455723542,0.9892703862660944,0.9253731343283582,0.937365010799136,0.9313304721030043,0.7185501066098081,0.7278617710583153,0.723175965665236,0.6908315565031983,0.6997840172786177,0.6952789699570816
Kong,World,genre,disklavier,World_07,0.9429568072227352,0.9089740293134482,0.9256536276840028,0.8813349814585909,0.9320261437908496,0.9059720457433292,0.723114956736712,0.7647058823529411,0.7433290978398984,0.5414091470951793,0.5725490196078431,0.5565438373570522,0.4548825710754017,0.4810457516339869,0.4675984752223634
Kong,World,genre,disklavier,World_08,0.9226792218175358,0.8413608748481166,0.8801457503601389,0.956772334293948,0.4579310344827586,0.6194029850746269,0.2824207492795389,0.1351724137931034,0.1828358208955223,0.4985590778097982,0.2386206896551724,0.3227611940298507,0.1469740634005763,0.0703448275862069,0.0951492537313433
Kong,World,genre,disklavier,World_09,0.915089625882206,0.859821402372825,0.8865950269027316,0.932419196865818,0.9734151329243352,0.9524762381190596,0.7433888344760039,0.7760736196319018,0.7593796898449223,0.6973555337904016,0.7280163599182005,0.7123561780890446,0.5533790401567091,0.5777096114519428,0.5652826413206603
Kong,World,genre,disklavier,World_10,0.9285101408906076,0.9522400622345784,0.9402253982245168,0.9808184143222506,0.9948119325551232,0.987765614938828,0.840153452685422,0.8521400778210116,0.8461043142305216,0.6687979539641944,0.6783398184176395,0.6735350933676755,0.578005115089514,0.5862516212710766,0.5820991629104957
T5,Blues,genre,disklavier,Blues_01,0.5530348207109337,0.5115353254352727,0.5314761981885457,0.939581187778922,0.8982605841811618,0.9184563758389264,0.6254720219704771,0.5979652116836233,0.6114093959731544,0.5386199794026777,0.514932720708894,0.526510067114094,0.3669756265018881,0.3508368887430259,0.3587248322147651
T5,Blues,genre,disklavier,Blues_02,0.7200443786982249,0.7135298563869993,0.7167723157277129,0.7782705099778271,0.919650655021834,0.8430744595676543,0.5048041389504804,0.5965065502183406,0.5468374699759808,0.5794530672579453,0.6847161572052402,0.6277021617293834,0.3880266075388026,0.4585152838427948,0.4203362690152121
T5,Blues,genre,disklavier,Blues_03,0.641113193499525,0.565329107476371,0.6008409174300889,0.952826916406521,0.974804826117814,0.9636905805998948,0.3673257023933403,0.3757984386089425,0.3715137695141203,0.4984391259105099,0.5099361249112846,0.5041220838449394,0.1786333680194242,0.1827537260468417,0.1806700578845816
T5,Blues,genre,disklavier,Blues_04,0.5788348261115146,0.6499501676180122,0.6123346137430644,0.9591492234976368,0.9382430647291942,0.9485809682804676,0.6539500337609723,0.6396961690885072,0.646744574290484,0.6049966239027684,0.5918097754293263,0.598330550918197,0.4209993247805537,0.4118229854689564,0.4163606010016695
T5,Blues,genre,disklavier,Blues_05,0.5318869600965428,0.6411227800955898,0.5814186103822682,0.9479578392621872,0.9670698924731184,0.957418496340652,0.5553359683794467,0.5665322580645161,0.560878243512974,0.4344532279314888,0.4432123655913978,0.4387890884896873,0.2496706192358366,0.2547043010752688,0.2521623419827012
T5,Blues,genre,disklavier,Blues_06,0.7051434194911574,0.5517132051543356,0.6190633496810916,0.954730983302412,0.9411119239209949,0.947872536378707,0.5807050092764379,0.5724213606437454,0.5765334315711917,0.5499072356215213,0.5420629114850036,0.5459568981396205,0.3424860853432282,0.3376005852231163,0.3400257874378339
T5,Blues,genre,disklavier,Blues_07,0.8694195588346006,0.7803238257726125,0.8224658485451414,0.7620178041543026,0.9574944071588368,0.8486450760079313,0.5222551928783383,0.6562266964951529,0.5816259087904825,0.6332344213649852,0.7956748695003728,0.7052214144084601,0.4468842729970326,0.5615212527964206,0.4976867151354924
T5,Blues,genre,disklavier,Blues_08,0.6408790747385297,0.8149177304276076,0.7174953526634047,0.8457269700332963,0.9477611940298508,0.893841642228739,0.634850166481687,0.7114427860696517,0.6709677419354838,0.4994450610432852,0.5597014925373134,0.5278592375366569,0.3884572697003329,0.4353233830845771,0.4105571847507331
T5,Blues,genre,disklavier,Blues_09,0.7717871077567376,0.7829209774286718,0.7773141756057594,0.9866666666666668,0.977819726285984,0.9822232756577388,0.6514285714285715,0.6455875412930627,0.6484949040056885,0.6428571428571429,0.6370929683813119,0.6399620763214032,0.4252380952380952,0.4214252005663048,0.4233230623370467
T5,Blues,genre,disklavier,Blues_10,0.5783631350642586,0.7952948440876814,0.6696997743367893,0.9481245011971268,0.942483141610472,0.9452954048140044,0.6711891460494812,0.6671955573185244,0.6691863934752337,0.6703910614525139,0.6664022213407378,0.6683906902725284,0.4608938547486033,0.4581515271717572,0.4595185995623632
T5,Classical,genre,disklavier,Classical_01,0.6644695090290198,0.7653674906964381,0.7113585127080696,0.8867059593975115,0.9223433242506812,0.9041736227045076,0.679109364767518,0.7064032697547684,0.6924874791318865,0.6319580877537656,0.6573569482288828,0.6444073455759599,0.4918140144073346,0.5115803814713896,0.5015025041736227
T5,Classical,genre,disklavier,Classical_02,0.7846452576549664,0.8088690430364154,0.7965730315781492,0.9301249421564092,0.9013452914798208,0.9155089956729674,0.7533549282739472,0.7300448430493274,0.7415167387838763,0.7644608977325312,0.7408071748878924,0.7524481894784787,0.6270245256825544,0.6076233183856502,0.6171714871327716
T5,Classical,genre,disklavier,Classical_03,0.8018650501607468,0.8535132293674434,0.8268834222890153,0.8688147295742232,0.7542457542457542,0.8074866310160428,0.3901035673187571,0.3386613386613387,0.3625668449197861,0.287686996547756,0.2497502497502497,0.267379679144385,0.1254315304948216,0.1088911088911089,0.1165775401069518
T5,Classical,genre,disklavier,Classical_04,0.5510992824261255,0.847239624119029,0.6678111389299313,0.9449378330373002,0.8248062015503876,0.8807947019867549,0.7531083481349912,0.6573643410852713,0.7019867549668873,0.4760213143872113,0.4155038759689922,0.4437086092715231,0.4067495559502664,0.3550387596899225,0.3791390728476821
T5,Classical,genre,disklavier,Classical_05,0.4914825753101004,0.6663997052746232,0.5657290880535214,0.9379579872984856,0.9226333493512734,0.9302325581395348,0.7274059599413776,0.7155213839500241,0.7214147286821706,0.7757694186614558,0.7630946660259491,0.7693798449612403,0.6179775280898876,0.6078808265257087,0.6128875968992248
T5,Classical,genre,disklavier,Classical_06,0.7347905241642746,0.7206011216263583,0.7276266528045834,0.7114210985178727,0.9656804733727812,0.8192771084337349,0.3452484742807323,0.4686390532544379,0.3975903614457831,0.4838709677419355,0.6568047337278107,0.5572289156626506,0.2336530078465562,0.3171597633136094,0.2690763052208835
T5,Classical,genre,disklavier,Classical_07,0.655656999641962,0.8861309373247259,0.7536677875419158,0.7912713472485768,0.8510204081632653,0.8200589970501474,0.6669829222011385,0.7173469387755103,0.6912487708947886,0.7115749525616698,0.7653061224489796,0.7374631268436577,0.6138519924098672,0.6602040816326531,0.6361848574237955
T5,Classical,genre,disklavier,Classical_08,0.8266577017897736,0.828727331086503,0.8276912226710263,0.9063146997929606,0.8830055471507816,0.894508301404853,0.7070393374741201,0.6888552697932425,0.6978288633461047,0.59472049689441,0.5794251134644478,0.5869731800766284,0.4466873706004141,0.4351991931417044,0.4408684546615581
T5,Classical,genre,disklavier,Classical_09,0.4893514515132798,0.6730609124118596,0.566689317263331,0.9018255578093306,0.868020304568528,0.884600079586152,0.6588235294117647,0.6341272940257712,0.6462395543175489,0.724949290060852,0.6977743069113628,0.7111022682053324,0.5403651115618662,0.5201093322920735,0.5300437723836053
T5,Classical,genre,disklavier,Classical_10,0.6791612057667104,0.5929837180409337,0.6331535494231205,0.8714733542319749,0.6453110492107706,0.7415310749533208,0.4940438871473354,0.3658310120705664,0.420378767671379,0.7147335423197492,0.5292479108635098,0.6081621765804215,0.4018808777429467,0.2975858867223769,0.3419578554281142
T5,Country,genre,disklavier,Country_01,0.4647751456928615,0.8193373071528752,0.5931063365356549,0.5954465849387041,0.7589285714285714,0.6673209028459274,0.4054290718038529,0.5167410714285714,0.4543670264965652,0.3905429071803853,0.4977678571428571,0.4376840039254171,0.286339754816112,0.3649553571428571,0.3209028459273798
T5,Country,genre,disklavier,Country_02,0.766431907480169,0.8865183762369445,0.822113014297756,0.8952164009111617,0.8733333333333333,0.8841394825646793,0.7198177676537585,0.7022222222222222,0.7109111361079864,0.6332574031890661,0.6177777777777778,0.625421822272216,0.4988610478359909,0.4866666666666667,0.4926884139482565
T5,Country,genre,disklavier,Country_03,0.6533295247616667,0.7856100157999588,0.713389553629562,0.8090586145648313,0.966065747613998,0.8806186563557274,0.5266429840142096,0.6288441145281018,0.5732237796036732,0.475133214920071,0.5673382820784729,0.5171580473658772,0.2850799289520426,0.3404029692470838,0.3102948284195263
T5,Country,genre,disklavier,Country_04,0.6950512706197057,0.8675949063212685,0.7717971616610689,0.8652597402597403,0.7301369863013699,0.7919762258543833,0.6233766233766234,0.5260273972602739,0.5705794947994056,0.5827922077922078,0.4917808219178082,0.5334323922734026,0.4285714285714285,0.3616438356164383,0.3922734026745914
T5,Country,genre,disklavier,Country_05,0.774469407230413,0.7758066189438738,0.7751374363720499,0.8526850507982583,0.9816207184628236,0.9126213592233008,0.6161103047895501,0.7092731829573935,0.6594174757281553,0.3715529753265602,0.4277360066833751,0.3976699029126213,0.218432510885341,0.2514619883040935,0.2337864077669903
T5,Country,genre,disklavier,Country_06,0.7369138027202128,0.9028675813488934,0.8114930309473186,0.8475033738191633,0.911465892597968,0.8783216783216783,0.6680161943319838,0.7184325108853411,0.6923076923076923,0.4939271255060729,0.5312046444121916,0.5118881118881119,0.3846153846153846,0.4136429608127721,0.3986013986013986
T5,Country,genre,disklavier,Country_07,0.6736337111435304,0.8061169677029477,0.7339446736970808,0.7388843977364592,0.9471502590673576,0.8301544050862852,0.4713015359741309,0.6041450777202072,0.5295186194368756,0.4130962004850445,0.5295336787564767,0.4641235240690282,0.2449474535165723,0.3139896373056995,0.2752043596730246
T5,Country,genre,disklavier,Country_08,0.5817845156810554,0.6319468014229865,0.6058290803261007,0.8885560215698023,0.9667535853976532,0.9260068685607244,0.4991012582384661,0.5430247718383312,0.5201373712144864,0.3648891551827442,0.3970013037809648,0.3802684982828598,0.2156980227681246,0.2346805736636245,0.2247892600686856
T5,Country,genre,disklavier,Country_09,0.6515143357114013,0.8939475093733262,0.7537159452788614,0.9480712166172108,0.8588709677419355,0.9012693935119886,0.7151335311572701,0.6478494623655914,0.6798307475317348,0.2774480712166172,0.2513440860215054,0.2637517630465444,0.2077151335311572,0.1881720430107527,0.1974612129760225
T5,Country,genre,disklavier,Country_10,0.4340408570004982,0.9200675961132236,0.5898300494278557,0.9044585987261148,0.9878260869565216,0.9443059019118868,0.6926751592356688,0.7565217391304347,0.7231920199501247,0.6210191082802548,0.6782608695652174,0.6483790523690773,0.482484076433121,0.5269565217391304,0.5037406483790524
T5,Folk,genre,disklavier,Folk_01,0.7985672782266088,0.7434677574733597,0.7700331183010272,0.8904214559386974,0.9707602339181286,0.9288569144684252,0.6114942528735632,0.6666666666666666,0.6378896882494004,0.3563218390804598,0.3884711779448621,0.3717026378896882,0.2444444444444444,0.2664995822890559,0.254996003197442
T5,Folk,genre,disklavier,Folk_02,0.7409605288100949,0.7898436127218416,0.7646215803596869,0.6510516252390057,0.9812680115273776,0.7827586206896552,0.3183556405353728,0.4798270893371757,0.3827586206896552,0.4206500956022944,0.6340057636887608,0.5057471264367815,0.2198852772466539,0.3314121037463977,0.264367816091954
T5,Folk,genre,disklavier,Folk_03,0.6957624405978381,0.8141663465232424,0.7503219610637327,0.8292237442922374,0.9070929070929072,0.8664122137404582,0.6337899543378995,0.6933066933066933,0.6622137404580153,0.5908675799086758,0.6463536463536463,0.6173664122137404,0.4547945205479452,0.4975024975024975,0.4751908396946565
T5,Folk,genre,disklavier,Folk_04,0.5643553189569611,0.8125426260920399,0.6660809605580182,0.5157967032967034,0.9147381242387332,0.6596398770311814,0.3427197802197802,0.607795371498173,0.4382960035133948,0.2967032967032967,0.5261875761266748,0.3794466403162055,0.206043956043956,0.3654080389768575,0.2635046113306983
T5,Folk,genre,disklavier,Folk_05,0.7339380575323243,0.9080856516886444,0.8117770961900891,0.9663157894736842,0.9254032258064516,0.9454170957775488,0.7978947368421052,0.7641129032258065,0.7806385169927909,0.3157894736842105,0.3024193548387097,0.3089598352214212,0.2589473684210526,0.2479838709677419,0.2533470648815654
T5,Folk,genre,disklavier,Folk_06,0.7057802006968334,0.8162346989360756,0.7569995402407252,0.8939580764488286,0.9096612296110416,0.9017412935323382,0.6584463625154131,0.6700125470514429,0.6641791044776119,0.6695437731196054,0.6813048933500627,0.6753731343283582,0.4907521578298397,0.4993726474278545,0.4950248756218905
T5,Folk,genre,disklavier,Folk_07,0.643201966119547,0.8375335733470484,0.7276157378676926,0.9231499051233396,0.9576771653543308,0.9400966183574878,0.6584440227703985,0.6830708661417323,0.6705314009661836,0.786527514231499,0.8159448818897638,0.8009661835748793,0.5749525616698292,0.5964566929133859,0.5855072463768116
T5,Folk,genre,disklavier,Folk_08,0.5653284792321694,0.8480151716742459,0.678401359868779,0.4718217562254259,0.8977556109725686,0.6185567010309279,0.2477064220183486,0.4713216957605985,0.3247422680412371,0.2837483617300131,0.5399002493765586,0.3719931271477663,0.1572739187418086,0.2992518703241895,0.2061855670103093
T5,Folk,genre,disklavier,Folk_09,0.7883456675812393,0.8422717981916975,0.8144170376778568,0.8531468531468531,0.9617117117117115,0.904182106934886,0.6563436563436563,0.7398648648648649,0.6956061408152462,0.6023976023976024,0.6790540540540541,0.6384330333509795,0.4695304695304695,0.5292792792792793,0.4976177871889888
T5,Folk,genre,disklavier,Folk_10,0.7185996325566475,0.9360849414982524,0.8130495751876597,0.917391304347826,0.915401301518438,0.9163952225841476,0.7217391304347827,0.720173535791757,0.720955483170467,0.5043478260869565,0.5032537960954447,0.503800217155266,0.4130434782608695,0.4121475054229935,0.4125950054288816
T5,Jazz,genre,disklavier,Jazz_01,0.5683841159098159,0.815469335931733,0.6698683548295161,0.9314179796107508,0.9245630174793008,0.92797783933518,0.6617238183503243,0.6568537258509659,0.6592797783933518,0.8739573679332715,0.8675252989880404,0.8707294552169897,0.6181649675625579,0.6136154553817847,0.6158818097876269
T5,Jazz,genre,disklavier,Jazz_02,0.6926293381989584,0.7095128694365485,0.7009694544894975,0.8767550702028081,0.9035369774919614,0.8899445764053839,0.6388455538221529,0.6583601286173634,0.6484560570071258,0.8135725429017161,0.8384244372990354,0.8258115597783057,0.5959438377535101,0.6141479099678456,0.6049089469517023
T5,Jazz,genre,disklavier,Jazz_03,0.386827109728861,0.7631725245537093,0.5134189839664786,0.9170588235294118,0.815803244374673,0.8634727222376073,0.7741176470588236,0.6886446886446886,0.7288839656604819,0.7341176470588235,0.6530612244897959,0.6912212683467183,0.6282352941176471,0.5588697017268446,0.5915258931044032
T5,Jazz,genre,disklavier,Jazz_04,0.4155645842990756,0.7380145278450363,0.5317237409067914,0.9282735613010842,0.8671601090767432,0.8966767371601206,0.7585487906588824,0.7086092715231788,0.7327291037260825,0.8507089241034195,0.7947019867549668,0.8217522658610271,0.6997497914929107,0.6536813400857031,0.6759315206445116
T5,Jazz,genre,disklavier,Jazz_05,0.4519843707515533,0.7978685581213446,0.5770664849505638,0.9105922551252849,0.8629249865083648,0.886118038237739,0.6127562642369021,0.5806799784133837,0.5962870601274591,0.7351936218678815,0.696708041014571,0.7154336381269051,0.4982915717539863,0.4722072315164597,0.484898863951233
T5,Jazz,genre,disklavier,Jazz_06,0.39570524470567,0.7049692293561128,0.5068892356209392,0.8759730150492995,0.8053435114503816,0.8391747452150137,0.6979761286974572,0.6416984732824428,0.6686552324136217,0.6196159833938765,0.5696564885496184,0.5935868754660701,0.5044110015568241,0.4637404580152672,0.4832214765100671
T5,Jazz,genre,disklavier,Jazz_07,0.4817028027498678,0.7092027405792588,0.5737229955281224,0.8011594202898551,0.8562577447335812,0.8277927523210541,0.5652173913043478,0.604089219330855,0.5840071877807727,0.5391304347826087,0.5762081784386617,0.5570530098831985,0.3872463768115942,0.4138785625774473,0.4001197963462114
T5,Jazz,genre,disklavier,Jazz_08,0.5151896397289591,0.729830781003303,0.604008176680428,0.916,0.9337410805300712,0.9247854618879354,0.569,0.5800203873598369,0.5744573447753659,0.666,0.6788990825688074,0.6723876829883897,0.406,0.4138634046890928,0.4098939929328622
T5,Jazz,genre,disklavier,Jazz_09,0.6909837150801006,0.5412536853489784,0.607021799813904,0.9511051574012056,0.9536601746138348,0.9523809523809524,0.4956463496316142,0.4969778374748153,0.4963112005365526,0.5853985264567984,0.5869711215580927,0.5861837692823608,0.2940388479571333,0.2948287441235728,0.2944332662642522
T5,Jazz,genre,disklavier,Jazz_10,0.4224787033231871,0.7012266321375308,0.5272793657417068,0.9344262295081968,0.852017937219731,0.8913213448006255,0.7158469945355191,0.6527154957648231,0.6828251237946312,0.8142076502732241,0.7424015944195317,0.7766484232473287,0.6240437158469946,0.5690084703537618,0.5952567109721136
T5,Latin,genre,disklavier,Latin_01,0.5797133210516584,0.6975180460793039,0.6331828569077655,0.8185726569217541,0.8631006346328196,0.8402471315092674,0.4969905417024935,0.5240253853127833,0.5101500441306267,0.4144453998280309,0.4369900271985494,0.4254192409532215,0.2570937231298366,0.271078875793291,0.263901147396293
T5,Latin,genre,disklavier,Latin_02,0.5694129893513764,0.9446233548025764,0.7105256229101026,0.8942652329749103,0.9172794117647058,0.9056261343012704,0.7759856630824373,0.7959558823529411,0.7858439201451904,0.6218637992831542,0.6378676470588235,0.6297640653357532,0.5483870967741935,0.5625,0.5553539019963702
T5,Latin,genre,disklavier,Latin_03,0.5068849480790272,0.8497906067213512,0.6350023276263383,0.7982989064398542,0.9037138927097662,0.847741935483871,0.5783718104495748,0.6547455295735901,0.6141935483870968,0.2709599027946537,0.3067400275103163,0.2877419354838709,0.2004860267314702,0.2269601100412654,0.2129032258064516
T5,Latin,genre,disklavier,Latin_04,0.7184657494949978,0.8506311558926752,0.7789822908499486,0.8121597096188747,0.9728260869565216,0.8852621167161225,0.5753176043557169,0.6891304347826087,0.6271018793273986,0.604355716878403,0.7239130434782609,0.6587537091988132,0.4310344827586206,0.5163043478260869,0.4698318496538081
T5,Latin,genre,disklavier,Latin_05,0.5529047000674459,0.9013998982488964,0.685397324548268,0.8954703832752613,0.929475587703436,0.912156166814552,0.7334494773519163,0.7613019891500904,0.7471162377994677,0.7456445993031359,0.7739602169981917,0.7595385980479148,0.60801393728223,0.6311030741410488,0.6193433895297249
T5,Latin,genre,disklavier,Latin_06,0.6648340363682324,0.8298396797538995,0.7382288962178092,0.9889958734525448,0.9423328964613368,0.9651006711409396,0.8624484181568088,0.8217562254259502,0.8416107382550336,0.562585969738652,0.5360419397116645,0.5489932885906041,0.5061898211829436,0.4823066841415465,0.4939597315436241
T5,Latin,genre,disklavier,Latin_07,0.7596678921062415,0.8286085028925694,0.7926419819066541,0.8516819571865444,0.9049553208773355,0.8775108310358409,0.5986238532110092,0.636068237205524,0.6167782591571485,0.7966360856269113,0.8464662875710804,0.8207955888144938,0.558868501529052,0.5938261575954509,0.5758172508861757
T5,Latin,genre,disklavier,Latin_08,0.7844833005541036,0.9286154696602458,0.850486079671306,0.8765586034912718,0.8989769820971867,0.8876262626262625,0.7194513715710723,0.7378516624040921,0.7285353535353534,0.7082294264339152,0.7263427109974424,0.7171717171717171,0.5935162094763092,0.6086956521739131,0.601010101010101
T5,Latin,genre,disklavier,Latin_09,0.5184233076263924,0.9087776344390054,0.6602174834062986,0.90990990990991,0.9730250481695568,0.9404096834264432,0.7657657657657657,0.8188824662813102,0.7914338919925512,0.6144144144144145,0.6570327552986512,0.6350093109869647,0.527927927927928,0.5645472061657033,0.5456238361266295
T5,Latin,genre,disklavier,Latin_10,0.8986366330764671,0.8419846251498695,0.8693887025346702,0.9917898193760264,0.8021248339973439,0.8869309838472834,0.8686371100164204,0.702523240371846,0.7767988252569752,0.8210180623973727,0.6640106241699867,0.7342143906020557,0.722495894909688,0.5843293492695883,0.6461086637298091
T5,Pop,genre,disklavier,Pop_01,0.5229146352273735,0.8084345605182832,0.635058427450136,0.9023066485753052,0.9287709497206704,0.915347556779078,0.7327001356852103,0.7541899441340782,0.7432897453544391,0.7978290366350068,0.8212290502793296,0.8093599449415003,0.649932157394844,0.6689944134078212,0.6593255333792154
T5,Pop,genre,disklavier,Pop_02,0.6667748093984353,0.918665222548868,0.7727101830696705,0.9871589085072232,0.9594383775351014,0.9731012658227848,0.9004815409309791,0.875195007800312,0.8876582278481012,0.7688603531300161,0.7472698907956318,0.7579113924050633,0.7014446227929374,0.6817472698907956,0.6914556962025317
T5,Pop,genre,disklavier,Pop_03,0.6839792499504211,0.7305136894675822,0.7064810172981655,0.6914623837700761,0.9201349831271092,0.7895752895752896,0.3770076077768385,0.5016872890888638,0.4305019305019305,0.4032121724429416,0.5365579302587177,0.4604247104247104,0.2442941673710904,0.3250843644544432,0.2789575289575289
T5,Pop,genre,disklavier,Pop_04,0.7352169929547058,0.7103653883332146,0.7225775735370221,0.8481818181818181,0.845108695652174,0.8466424682395645,0.5018181818181818,0.5,0.5009074410163339,0.7454545454545455,0.7427536231884058,0.7441016333938293,0.4427272727272727,0.4411231884057971,0.4419237749546279
T5,Pop,genre,disklavier,Pop_05,0.5846831411543353,0.8806858662782413,0.7027884117297755,0.8902439024390244,0.9223826714801444,0.9060283687943262,0.7125435540069687,0.7382671480144405,0.725177304964539,0.7543554006968641,0.7815884476534296,0.7677304964539008,0.6045296167247387,0.6263537906137184,0.6152482269503546
T5,Pop,genre,disklavier,Pop_06,0.5167371965359572,0.6948241843421887,0.5926922181064084,0.9071428571428573,0.9432815665091154,0.9248593181065872,0.5811688311688312,0.6043214044564483,0.5925190334326382,0.7597402597402597,0.7900067521944631,0.7745779543197616,0.4753246753246753,0.4942606347062795,0.4846077457795432
T5,Pop,genre,disklavier,Pop_07,0.7051153688617849,0.8764531183708103,0.7815033858337221,0.9849170437405732,0.9790104947526236,0.9819548872180452,0.8778280542986425,0.8725637181409296,0.8751879699248121,0.5686274509803921,0.5652173913043478,0.5669172932330826,0.4901960784313725,0.487256371814093,0.4887218045112781
T5,Pop,genre,disklavier,Pop_08,0.588132234497657,0.8736608045279968,0.7030107100558631,0.9580209895052474,0.9594594594594594,0.9587396849212304,0.7481259370314842,0.7492492492492493,0.7486871717929482,0.6896551724137931,0.6906906906906907,0.6901725431357839,0.5322338830584707,0.5330330330330331,0.5326331582895724
T5,Pop,genre,disklavier,Pop_09,0.7382070737484443,0.8977748483405958,0.8102091285118664,0.8790593505039194,0.9311981020166074,0.9043778801843316,0.7010078387458006,0.7425860023724793,0.7211981566820277,0.6483762597984323,0.6868327402135231,0.6670506912442397,0.522956326987682,0.5539739027283511,0.5380184331797234
T5,Pop,genre,disklavier,Pop_10,0.9645743099101428,0.944307322321372,0.9543332267348896,0.9477124183006536,0.9666666666666668,0.9570957095709572,0.8169934640522876,0.8333333333333334,0.8250825082508251,0.6013071895424836,0.6133333333333333,0.6072607260726072,0.5098039215686274,0.52,0.5148514851485149
T5,Rock,genre,disklavier,Rock_01,0.74695904474947,0.8784697158606207,0.8073942281595851,0.8775510204081632,0.7397849462365591,0.8028004667444574,0.6581632653061225,0.5548387096774193,0.6021003500583431,0.4413265306122449,0.3720430107526882,0.4037339556592765,0.3112244897959184,0.2623655913978495,0.2847141190198367
T5,Rock,genre,disklavier,Rock_02,0.841919763846653,0.8919818823973471,0.8662281132384225,0.7440811724915445,0.9256661991584852,0.825,0.5016910935738444,0.6241234221598878,0.55625,0.5028184892897407,0.6255259467040674,0.5575000000000001,0.3686583990980834,0.4586255259467041,0.40875
T5,Rock,genre,disklavier,Rock_03,0.8388017399177279,0.7975633491784258,0.8176629157433255,0.8548601864181092,0.9408891060087934,0.8958139534883722,0.8339991122947181,0.9179286761113824,0.873953488372093,0.7283621837549934,0.8016609672691744,0.7632558139534884,0.7261429205503773,0.7992183683439179,0.7609302325581395
T5,Rock,genre,disklavier,Rock_04,0.5806512439159488,0.8066074030417628,0.6752274969849797,0.75,0.8384491114701131,0.7917620137299772,0.4985549132947977,0.5573505654281099,0.5263157894736842,0.3930635838150289,0.4394184168012924,0.4149504195270785,0.2976878612716763,0.332794830371567,0.3142639206712433
T5,Rock,genre,disklavier,Rock_05,0.4980920438691317,0.8086309568452158,0.6164621665199145,0.6792873051224945,0.9242424242424242,0.7830551989730423,0.4465478841870824,0.6075757575757575,0.5147625160462131,0.4265033407572383,0.5803030303030303,0.4916559691912708,0.2828507795100223,0.3848484848484848,0.3260590500641848
T5,Rock,genre,disklavier,Rock_06,0.5966416701384067,0.7022583632995533,0.6451560427459518,0.6530190239867659,0.9348727057430432,0.7689310932554176,0.2224979321753515,0.3185316755476613,0.2619917214511809,0.4797353184449958,0.6867969212551805,0.5648892135378623,0.1563275434243176,0.2238010657193605,0.1840759678597516
T5,Rock,genre,disklavier,Rock_07,0.8046037792862307,0.876398815121309,0.8389681267054885,0.8963815789473685,0.9714795008912656,0.932420872540633,0.712171052631579,0.7718360071301248,0.7408041060735673,0.5879934210526315,0.6372549019607843,0.611633875106929,0.4712171052631579,0.5106951871657754,0.4901625320786997
T5,Rock,genre,disklavier,Rock_08,0.7192973630994899,0.9311678670504422,0.8116336886557912,0.9496753246753248,0.9256329113924052,0.9375,0.8392857142857143,0.8180379746835443,0.8285256410256411,0.7402597402597403,0.7215189873417721,0.7307692307692307,0.6607142857142857,0.6439873417721519,0.6522435897435898
T5,Rock,genre,disklavier,Rock_09,0.689146651718339,0.7765603362406162,0.73024685011937,0.566759388038943,0.953216374269006,0.7108591365023986,0.2899860917941586,0.487719298245614,0.363715656345399,0.4242002781641168,0.7134502923976608,0.5320540776275621,0.2336578581363004,0.3929824561403509,0.2930658525948539
T5,Rock,genre,disklavier,Rock_10,0.6195474175686071,0.9270263493800146,0.7427214828680347,0.9565846599131692,0.8720316622691293,0.9123533471359558,0.8147612156295224,0.7427440633245382,0.7770876466528641,0.7004341534008683,0.6385224274406333,0.6680469289164942,0.5933429811866859,0.5408970976253298,0.5659075224292615
T5,Soul,genre,disklavier,Soul_01,0.6134912032018678,0.9088955046880212,0.7325331912923572,0.7983367983367984,0.9808429118773946,0.8802292263610316,0.6278586278586279,0.7713920817369093,0.6922636103151862,0.581081081081081,0.7139208173690932,0.6406876790830944,0.4501039501039501,0.5530012771392082,0.4962750716332379
T5,Soul,genre,disklavier,Soul_02,0.6112577206473521,0.7792690132523001,0.6851133303649047,0.8832,0.7592847317744154,0.8165680473372782,0.5776,0.4965612104539202,0.5340236686390533,0.44,0.3782668500687758,0.4068047337278107,0.3168,0.2723521320495186,0.2928994082840237
T5,Soul,genre,disklavier,Soul_03,0.4593474649134715,0.851520743954174,0.5967707392865392,0.7667584940312213,0.9424379232505644,0.8455696202531646,0.5252525252525253,0.6455981941309256,0.579240506329114,0.2571166207529844,0.3160270880361174,0.2835443037974683,0.1808999081726354,0.2223476297968397,0.1994936708860759
T5,Soul,genre,disklavier,Soul_04,0.4642720280294528,0.7704931065028278,0.5794112372216956,0.765409383624655,0.7992315081652257,0.7819548872180451,0.4636614535418583,0.484149855907781,0.4736842105263157,0.5289788408463661,0.5523535062439962,0.5404135338345863,0.327506899724011,0.3419788664745437,0.3345864661654136
T5,Soul,genre,disklavier,Soul_05,0.732351709824252,0.851979274611399,0.7876491523881148,0.9217391304347826,0.954954954954955,0.9380530973451328,0.8478260869565217,0.8783783783783784,0.8628318584070798,0.7108695652173913,0.7364864864864865,0.7234513274336284,0.6565217391304348,0.6801801801801802,0.668141592920354
T5,Soul,genre,disklavier,Soul_06,0.8247693447370193,0.7581091119181248,0.7900355871886121,0.9274406332453826,0.8108419838523645,0.8652307692307694,0.600263852242744,0.52479815455594,0.56,0.7902374670184696,0.6908881199538639,0.7372307692307692,0.5079155672823219,0.4440599769319492,0.4738461538461538
T5,Soul,genre,disklavier,Soul_07,0.5673903624897704,0.8692163601233056,0.6865970733525958,0.7993311036789298,0.952191235059761,0.869090909090909,0.580267558528428,0.6912350597609562,0.6309090909090909,0.5903010033444817,0.703187250996016,0.641818181818182,0.4356187290969899,0.5189243027888446,0.4736363636363636
T5,Soul,genre,disklavier,Soul_08,0.7228535573604769,0.6626244228219016,0.691429857539408,0.7162315550510783,0.9341228719467062,0.8107934468358496,0.3530079455164586,0.46039970392302,0.3996145197558625,0.4704880817253121,0.613619541080681,0.5326052039832958,0.2531214528944381,0.3301258327165063,0.286540314808866
T5,Soul,genre,disklavier,Soul_09,0.5703530174446017,0.8065463788649054,0.6681913902026445,0.5524904214559387,0.9716981132075472,0.7044455300439668,0.2176245210727969,0.3827493261455525,0.2774792379091353,0.3685823754789272,0.6482479784366577,0.4699560332193453,0.1471264367816092,0.2587601078167116,0.1875915974596971
T5,Soul,genre,disklavier,Soul_10,0.6563871076611543,0.8514515555312338,0.7413018879161455,0.8060512024825446,0.9505946935041172,0.8723761544920234,0.6167571761055082,0.727355901189387,0.6675062972292192,0.3576415826221877,0.4217749313815188,0.3870696893366918,0.2723041117145073,0.3211344922232388,0.2947103274559194
T5,World,genre,disklavier,World_01,0.7799333625424126,0.7640746656019165,0.7719225707557872,0.9276729559748428,0.9567567567567568,0.9419904204364024,0.7148846960167715,0.7372972972972973,0.7259180415114423,0.8805031446540881,0.9081081081081082,0.8940926024481108,0.6855345911949685,0.707027027027027,0.6961149547631719
T5,World,genre,disklavier,World_02,0.625777956233688,0.7119282818477702,0.6660790127414055,0.6,0.9771428571428572,0.7434782608695651,0.2868421052631579,0.4671428571428571,0.3554347826086956,0.312280701754386,0.5085714285714286,0.3869565217391305,0.1526315789473684,0.2485714285714285,0.1891304347826087
T5,World,genre,disklavier,World_03,0.3381603921292953,0.7483065348662905,0.4658174583612099,0.9246315789473684,0.9211409395973156,0.922882958604749,0.7216842105263158,0.7189597315436241,0.7203193948308468,0.744,0.7411912751677853,0.7425929817188485,0.6037894736842105,0.6015100671140939,0.6026476150451776
T5,World,genre,disklavier,World_04,0.5685049818685153,0.7371036160303759,0.6419183797363713,0.7775255391600454,0.9383561643835616,0.8504034761018001,0.4948921679909194,0.5972602739726027,0.5412787088764742,0.5856980703745743,0.7068493150684931,0.6405959031657356,0.3671963677639046,0.4431506849315068,0.4016139044072004
T5,World,genre,disklavier,World_05,0.8671326794842553,0.8977511077773611,0.8821762987633426,0.7980582524271844,0.9844311377245508,0.8815013404825738,0.6320388349514563,0.7796407185628742,0.6981233243967828,0.5679611650485437,0.7005988023952096,0.6273458445040213,0.4572815533980582,0.5640718562874252,0.5050938337801609
T5,World,genre,disklavier,World_06,0.5100677120456165,0.8718569156316627,0.6436039321983087,0.8494423791821561,0.9870410367170628,0.9130869130869133,0.6282527881040892,0.7300215982721382,0.6753246753246753,0.5817843866171004,0.6760259179265659,0.6253746253746253,0.4702602230483271,0.5464362850971922,0.5054945054945054
T5,World,genre,disklavier,World_07,0.5780546428136789,0.7516070969400874,0.6535045101596828,0.743139407244786,0.8849673202614379,0.8078758949880668,0.4840834248079034,0.5764705882352941,0.5262529832935561,0.4401756311745334,0.5241830065359477,0.4785202863961814,0.2886937431394072,0.3437908496732026,0.3138424821002387
T5,World,genre,disklavier,World_08,0.6192259675405742,0.6991008505467801,0.6567436763765866,0.9148936170212766,0.4744827586206896,0.6248864668483196,0.351063829787234,0.1820689655172414,0.2397820163487738,0.4654255319148936,0.2413793103448276,0.3178928247048138,0.1835106382978723,0.0951724137931034,0.1253405994550408
T5,World,genre,disklavier,World_09,0.7335881653865938,0.8090198648291781,0.7694597548780203,0.7738486842105263,0.9621676891615542,0.8577939835916134,0.5435855263157895,0.6758691206543967,0.602552415679125,0.5666118421052632,0.7044989775051125,0.6280765724703737,0.40625,0.5051124744376279,0.4503190519598906
T5,World,genre,disklavier,World_10,0.7056443882050693,0.93874740157882,0.8056739762161452,0.9477611940298508,0.9883268482490272,0.9676190476190476,0.804726368159204,0.8391699092088197,0.8215873015873016,0.6455223880597015,0.6731517509727627,0.6590476190476191,0.5621890547263682,0.5862516212710766,0.573968253968254
Toyama,Blues,genre,disklavier,Blues_01,0.8670872573222395,0.6822869202359826,0.7636661342925015,0.9750512645249488,0.9363308171972432,0.9552988448016072,0.7713602187286398,0.7407285854939285,0.7557341369496066,0.5748462064251538,0.5520183787331802,0.5632010714883642,0.4613807245386193,0.4430587463078437,0.4520341536916122
Toyama,Blues,genre,disklavier,Blues_02,0.9465752332349892,0.8157081014223871,0.8762825717871116,0.9450171821305842,0.960698689956332,0.952793417063664,0.7396907216494846,0.7519650655021834,0.7457773928107406,0.7173539518900344,0.7292576419213974,0.7232568211346904,0.5549828178694158,0.5641921397379913,0.559549588566479
Toyama,Blues,genre,disklavier,Blues_03,0.9566735413046656,0.6668289093893259,0.7858781782769936,0.9668279198341396,0.992902767920511,0.9796918767507004,0.5317899101589495,0.5461320085166785,0.5388655462184875,0.4968901174844506,0.5102909865152591,0.5035014005602242,0.2729785763648928,0.2803406671398155,0.2766106442577031
Toyama,Blues,genre,disklavier,Blues_04,0.9268187772498876,0.7158346168946875,0.8077771813681636,0.9794957983193278,0.9623513870541612,0.970847909378644,0.7267226890756302,0.7140026420079261,0.7203065134099617,0.6208403361344538,0.6099735799207398,0.6153589871730801,0.4591596638655462,0.4511228533685601,0.4551057804431118
Toyama,Blues,genre,disklavier,Blues_05,0.9446351843095332,0.734474655924807,0.8264028776978417,0.975107865914371,0.9872311827956988,0.981132075471698,0.7192167275141056,0.7281586021505376,0.7236600434129237,0.4729505476269499,0.4788306451612903,0.4758724327934546,0.3614337869233322,0.3659274193548387,0.3636667223242611
Toyama,Blues,genre,disklavier,Blues_06,0.9261725155788784,0.6395135539099124,0.7566010690315753,0.9858103061986556,0.9656181419166056,0.975609756097561,0.6751306945481703,0.6613021214337966,0.6681448632668145,0.5601194921583271,0.548646671543526,0.5543237250554324,0.3902165795369678,0.3822238478419897,0.3861788617886179
Toyama,Blues,genre,disklavier,Blues_07,0.9934078532530812,0.8196829311553502,0.8982224916585295,0.9667924528301888,0.9552572706935124,0.9609902475618906,0.8249056603773585,0.8150633855331841,0.8199549887471868,0.8150943396226416,0.8053691275167785,0.8102025506376593,0.6958490566037736,0.6875466070096943,0.6916729182295573
Toyama,Blues,genre,disklavier,Blues_08,0.9929768989569336,0.7531548803572296,0.8565967430306377,0.9586466165413534,0.9514925373134328,0.9550561797752808,0.7406015037593985,0.7350746268656716,0.7378277153558052,0.4661654135338345,0.4626865671641791,0.4644194756554307,0.3508771929824561,0.3482587064676617,0.3495630461922597
Toyama,Blues,genre,disklavier,Blues_09,0.9534926776887046,0.7870318015801457,0.862302218501465,0.986897519887693,0.9952807928268051,0.9910714285714286,0.6626111371080955,0.6682397357243983,0.6654135338345866,0.6083294337856808,0.6134969325153374,0.6109022556390977,0.4122601778193729,0.415762151958471,0.4140037593984962
Toyama,Blues,genre,disklavier,Blues_10,0.9643046085116388,0.8103612225995678,0.8806560061198607,0.9854486661277284,0.9670765569218563,0.9761761761761762,0.746160064672595,0.732249107497025,0.7391391391391391,0.6042845594179467,0.5930186433954779,0.5985985985985987,0.4506871463217461,0.4422848076160254,0.4464464464464464
Toyama,Classical,genre,disklavier,Classical_01,0.9251675559904728,0.8324694311536417,0.876374034787019,0.979591836734694,0.9482288828337876,0.9636552440290758,0.8254750175932442,0.7990463215258855,0.8120456905503634,0.6783954961294862,0.6566757493188011,0.6673589477327796,0.5784658691062632,0.5599455040871935,0.569055036344756
Toyama,Classical,genre,disklavier,Classical_02,0.972117703810902,0.7757333128031412,0.8628928663184037,0.9627272727272728,0.9497757847533632,0.9562076749435666,0.7563636363636363,0.7461883408071749,0.7512415349887133,0.7022727272727273,0.6928251121076233,0.6975169300225733,0.5490909090909091,0.5417040358744395,0.545372460496614
Toyama,Classical,genre,disklavier,Classical_03,0.9841888049214972,0.916830723878828,0.9493164281369064,0.9870466321243524,0.7612387612387612,0.8595600676818951,0.616580310880829,0.4755244755244755,0.5369430344049634,0.2655440414507772,0.2047952047952048,0.2312464749012972,0.1502590673575129,0.1158841158841158,0.1308516638465877
Toyama,Classical,genre,disklavier,Classical_04,0.957564297397942,0.8079776820673453,0.8764340813650384,0.9801801801801802,0.8434108527131783,0.9066666666666668,0.8198198198198198,0.7054263565891473,0.7583333333333334,0.4666666666666667,0.4015503875968992,0.4316666666666666,0.4036036036036036,0.3472868217054263,0.3733333333333333
Toyama,Classical,genre,disklavier,Classical_05,0.976612679512622,0.7330813217792442,0.8375025161491024,0.9847665847665849,0.9629985583853916,0.9737609329446064,0.7965601965601966,0.7789524267179241,0.7876579203109816,0.7764127764127764,0.7592503604036521,0.7677356656948494,0.6324324324324324,0.6184526669870255,0.6253644314868805
Toyama,Classical,genre,disklavier,Classical_06,0.9905566385098548,0.7514129863301787,0.8545695760225722,0.962920046349942,0.983431952662722,0.9730679156908664,0.6593279258400927,0.6733727810650888,0.6662763466042154,0.7415990730011588,0.757396449704142,0.7494145199063232,0.5318655851680185,0.5431952662721894,0.5374707259953162
Toyama,Classical,genre,disklavier,Classical_07,0.983215027035338,0.8439111834508243,0.9082527001035656,0.9099307159353348,0.8040816326530612,0.8537378114842904,0.8314087759815243,0.7346938775510204,0.7800650054171181,0.8175519630484989,0.7224489795918367,0.7670639219934995,0.7424942263279446,0.6561224489795918,0.6966413867822319
Toyama,Classical,genre,disklavier,Classical_08,0.97142742405076,0.7764403787514043,0.8630578077475405,0.9595959595959596,0.9102370146243066,0.9342650103519669,0.7251461988304093,0.6878466969238527,0.7060041407867494,0.5587453482190324,0.5300050428643469,0.5439958592132504,0.4199893673577884,0.3983862834089763,0.4089026915113871
Toyama,Classical,genre,disklavier,Classical_09,0.9517299168669652,0.7333276696967123,0.8283751103604469,0.9448361675653256,0.8894962905115189,0.916331456154465,0.7519701368726669,0.7079265911753222,0.7292839903459373,0.7245956034840315,0.6821554080437329,0.7027353177795655,0.5773537951057652,0.5435376805935181,0.5599356395816573
Toyama,Classical,genre,disklavier,Classical_10,0.9790039204297952,0.5511018112862094,0.705220329055404,0.9600266489007327,0.6689879294336118,0.7885088919288645,0.5856095936042638,0.4080779944289693,0.480984952120383,0.7621585609593604,0.531104921077066,0.6259917920656636,0.4623584277148567,0.3221912720519962,0.3797537619699042
Toyama,Country,genre,disklavier,Country_01,0.9513109425785482,0.76968793828892,0.8509157864134123,0.837037037037037,0.7566964285714286,0.794841735052755,0.6728395061728395,0.6082589285714286,0.6389214536928487,0.5259259259259259,0.4754464285714285,0.4994138335287221,0.437037037037037,0.3950892857142857,0.4150058616647128
Toyama,Country,genre,disklavier,Country_02,0.9879620177584314,0.8796926718002367,0.9306891171027324,0.9921875,0.8466666666666667,0.9136690647482014,0.7994791666666666,0.6822222222222222,0.7362110311750599,0.6927083333333334,0.5911111111111111,0.6378896882494004,0.5416666666666666,0.4622222222222222,0.4988009592326139
Toyama,Country,genre,disklavier,Country_03,0.9912014395637152,0.7709864669918253,0.8673341737547032,0.9569327731092436,0.966065747613998,0.9614775725593668,0.7111344537815126,0.7179215270413574,0.7145118733509235,0.5063025210084033,0.5111346765641569,0.5087071240105541,0.3560924369747899,0.35949098621421,0.3577836411609499
Toyama,Country,genre,disklavier,Country_04,0.961508487372446,0.8616151806466397,0.90882513739821,0.9669117647058824,0.7205479452054795,0.8257456828885401,0.7242647058823529,0.5397260273972603,0.618524332810047,0.6360294117647058,0.473972602739726,0.543171114599686,0.46875,0.3493150684931507,0.4003139717425432
Toyama,Country,genre,disklavier,Country_05,0.9780019829812272,0.6651697716123487,0.7918068866963354,0.9483306836248012,0.996658312447786,0.9718940936863544,0.6311605723370429,0.6633249791144528,0.6468431771894094,0.397456279809221,0.4177109440267335,0.4073319755600815,0.2416534181240063,0.2539682539682539,0.2476578411405295
Toyama,Country,genre,disklavier,Country_06,0.9654311426816568,0.950231298953898,0.9577709191580676,0.9768160741885626,0.9172714078374457,0.9461077844311376,0.8547140649149922,0.8026124818577649,0.8278443113772455,0.5718701700154559,0.5370101596516691,0.5538922155688623,0.4930448222565687,0.4629898403483309,0.4775449101796407
Toyama,Country,genre,disklavier,Country_07,0.9618048575449112,0.8834519572953736,0.9209649053731264,0.9709241952232608,0.9689119170984456,0.9699170124481328,0.8515057113187954,0.8497409326424871,0.8506224066390042,0.4766355140186916,0.4756476683937823,0.4761410788381742,0.3904465212876428,0.3896373056994818,0.3900414937759336
Toyama,Country,genre,disklavier,Country_08,0.9524019752117466,0.7321969554122513,0.8279072411857096,0.968529222864483,0.9830508474576272,0.9757360077644774,0.6473988439306358,0.6571056062581486,0.6522161112908443,0.3436095054592164,0.3487614080834419,0.3461662892267875,0.2633269107257546,0.2672750977835723,0.2652863151083791
Toyama,Country,genre,disklavier,Country_09,0.9747311935606592,0.8991189996860166,0.9353995734296638,0.9877300613496932,0.8655913978494624,0.9226361031518624,0.8312883435582822,0.728494623655914,0.7765042979942695,0.3389570552147239,0.2970430107526882,0.3166189111747851,0.2822085889570552,0.2473118279569892,0.2636103151862464
Toyama,Country,genre,disklavier,Country_10,0.9782227349589898,0.8716941275876637,0.9218911733823824,0.9930675909878682,0.9965217391304348,0.9947916666666666,0.8474870017331022,0.8504347826086956,0.8489583333333334,0.587521663778163,0.5895652173913043,0.5885416666666666,0.5181975736568457,0.52,0.5190972222222221
Toyama,Folk,genre,disklavier,Folk_01,0.9886786058481514,0.6917878262416077,0.8140071238920691,0.9697465249386754,0.9908103592314118,0.9801652892561984,0.6737530662305805,0.6883876357560568,0.6809917355371901,0.3646770237121831,0.3725981620718462,0.368595041322314,0.2469337694194603,0.252297410192147,0.2495867768595041
Toyama,Folk,genre,disklavier,Folk_02,0.992181863342283,0.7370057986294148,0.8457656767506692,0.9715504978662872,0.984149855907781,0.9778095919828202,0.7155049786628734,0.7247838616714697,0.7201145311381532,0.6642958748221907,0.6729106628242075,0.6685755189692197,0.4893314366998577,0.4956772334293948,0.4924838940586972
Toyama,Folk,genre,disklavier,Folk_03,0.971672163941844,0.7837303111794084,0.867640257095922,0.923154701718908,0.912087912087912,0.9175879396984924,0.7401415571284126,0.7312687312687313,0.735678391959799,0.5854398382204247,0.5784215784215784,0.5819095477386935,0.4721941354903943,0.4665334665334665,0.4693467336683418
Toyama,Folk,genre,disklavier,Folk_04,0.957139300385908,0.8323536098210516,0.8903956503361262,0.8698092031425365,0.943970767356882,0.905373831775701,0.7351290684624018,0.7978075517661388,0.7651869158878504,0.5454545454545454,0.5919610231425091,0.5677570093457943,0.4691358024691358,0.5091352009744214,0.4883177570093457
Toyama,Folk,genre,disklavier,Folk_05,0.992049003122748,0.8536025794717044,0.9176332044616272,0.9891304347826086,0.9173387096774194,0.9518828451882846,0.8065217391304348,0.7479838709677419,0.7761506276150627,0.2108695652173913,0.1955645161290322,0.202928870292887,0.1739130434782608,0.1612903225806451,0.1673640167364017
Toyama,Folk,genre,disklavier,Folk_06,0.9619956442951904,0.7355315173316724,0.8336574894469176,0.9718875502008032,0.9109159347553324,0.9404145077720208,0.7402945113788487,0.6938519447929736,0.7163212435233162,0.6492637215528781,0.6085319949811794,0.6282383419689118,0.5622489959839357,0.5269761606022585,0.5440414507772021
Toyama,Folk,genre,disklavier,Folk_07,0.947782350251486,0.7896832199935234,0.8615397404324739,0.9731075697211156,0.9616141732283464,0.9673267326732672,0.7709163346613546,0.7618110236220472,0.7663366336633662,0.602589641434263,0.5954724409448819,0.599009900990099,0.4960159362549801,0.4901574803149606,0.493069306930693
Toyama,Folk,genre,disklavier,Folk_08,0.9866903490423828,0.838393867784022,0.906517223054254,0.8915525114155252,0.9738154613466334,0.930870083432658,0.6963470319634704,0.7605985037406484,0.7270560190703219,0.5422374429223744,0.5922693266832918,0.5661501787842669,0.4463470319634703,0.4875311720698254,0.4660309892729439
Toyama,Folk,genre,disklavier,Folk_09,0.986270365624324,0.8621660350458622,0.9200520075294484,0.9731843575418996,0.980855855855856,0.977005047672462,0.8335195530726257,0.8400900900900901,0.8367919237240605,0.5899441340782123,0.5945945945945946,0.5922602355580483,0.5050279329608939,0.509009009009009,0.5070106561974201
Toyama,Folk,genre,disklavier,Folk_10,0.8914050157081373,0.9323621030238566,0.9114236642993084,0.9584295612009238,0.9002169197396963,0.9284116331096198,0.7644341801385681,0.7180043383947939,0.7404921700223713,0.4595842956120092,0.4316702819956616,0.4451901565995526,0.3856812933025404,0.3622559652928416,0.3736017897091722
Toyama,Jazz,genre,disklavier,Jazz_01,0.9450624779662344,0.7123896418342339,0.8123947740588592,0.9766136576239476,0.9604415823367064,0.9684601113172542,0.6819457436856876,0.6706531738730451,0.676252319109462,0.8662301216089804,0.8518859245630175,0.8589981447124304,0.6052385406922357,0.5952161913523459,0.6001855287569574
Toyama,Jazz,genre,disklavier,Jazz_02,0.9609567979029088,0.7422802850356295,0.8375807372907421,0.9790969899665553,0.9413183279742764,0.9598360655737704,0.7374581939799331,0.7090032154340836,0.722950819672131,0.907190635451505,0.8721864951768489,0.8893442622950819,0.6822742474916388,0.6559485530546624,0.6688524590163933
Toyama,Jazz,genre,disklavier,Jazz_03,0.9115667074663404,0.7360553462227438,0.8144629370151397,0.9726807057484348,0.8942961800104657,0.9318429661941112,0.8019351166761526,0.7373103087388801,0.7682660850599783,0.7751849743881616,0.7127158555729984,0.7426390403489641,0.64314171883893,0.5913134484563056,0.6161395856052345
Toyama,Jazz,genre,disklavier,Jazz_04,0.9363445031363486,0.7325100887812752,0.8219790968536599,0.9792703150912108,0.9201402415270744,0.9487848965655754,0.8051409618573798,0.7565251266069342,0.7800763205462945,0.8424543946932007,0.7915855083755357,0.8162281582647118,0.6936152570480929,0.6517335410985586,0.6720224944768026
Toyama,Jazz,genre,disklavier,Jazz_05,0.9709600067478824,0.7162195794002097,0.8243586792501088,0.972926267281106,0.9114948731786292,0.9412092504876012,0.6422811059907834,0.6017269293038316,0.6213429924770131,0.7402073732718893,0.6934700485698867,0.716076901643912,0.4890552995391705,0.4581759309228278,0.4731122875452772
Toyama,Jazz,genre,disklavier,Jazz_06,0.92358907524932,0.7485762836410398,0.8269240525594845,0.9611197511664076,0.8845419847328244,0.9212422360248446,0.7962674961119751,0.732824427480916,0.7632298136645963,0.63867288750648,0.5877862595419847,0.6121739130434782,0.5266977708657335,0.4847328244274809,0.5048447204968943
Toyama,Jazz,genre,disklavier,Jazz_07,0.9608344854625368,0.7250545001557147,0.8264569891995988,0.9680213191205864,0.9002478314745973,0.9329052969502408,0.7668221185876083,0.7131350681536555,0.7390048154093098,0.6182544970019986,0.5749690210656754,0.5958266452648475,0.5036642238507661,0.4684014869888476,0.4853932584269662
Toyama,Jazz,genre,disklavier,Jazz_08,0.982747578779522,0.7283197241352589,0.8366175243393603,0.9811715481171548,0.9561671763506626,0.9685080020650492,0.643305439330544,0.6269113149847095,0.6350025813113063,0.6129707112970711,0.5973496432212029,0.6050593701600413,0.399581589958159,0.3893985728848114,0.3944243675787299
Toyama,Jazz,genre,disklavier,Jazz_09,0.9507575757575758,0.6358949286634962,0.7620848536500918,0.9776443109776444,0.9838817998656816,0.9807531380753138,0.6376376376376376,0.6417058428475487,0.6396652719665272,0.5875875875875876,0.5913364674278039,0.5894560669456067,0.3873873873873873,0.3898589657488247,0.3886192468619246
Toyama,Jazz,genre,disklavier,Jazz_10,0.9601461051523734,0.717204064880863,0.8210816105037456,0.986566362170876,0.9147982062780268,0.9493278179937952,0.7361633530360021,0.6826108619830593,0.7083764219234746,0.8167651800107469,0.7573492775286498,0.7859358841778696,0.6066630843632456,0.5625311410064773,0.5837642192347466
Toyama,Latin,genre,disklavier,Latin_01,0.9619150927975988,0.5334223276970236,0.6862758609722611,0.9285024154589372,0.8712601994560291,0.8989710009354536,0.5545893719806764,0.5203989120580236,0.5369504209541628,0.4618357487922705,0.4333635539437896,0.4471468662301216,0.2763285024154589,0.2592928377153218,0.2675397567820393
Toyama,Latin,genre,disklavier,Latin_02,0.9292539421040245,0.9214039018015496,0.9253122729722764,0.9636711281070746,0.9264705882352942,0.9447047797563262,0.8680688336520076,0.8345588235294118,0.8509840674789129,0.5009560229445507,0.4816176470588235,0.4910965323336457,0.4455066921606118,0.4283088235294117,0.436738519212746
Toyama,Latin,genre,disklavier,Latin_03,0.9827168430422312,0.9170618027434556,0.948754826427638,0.9718100890207716,0.9009628610729024,0.9350463954318344,0.8189910979228486,0.7592847317744154,0.7880085653104926,0.2908011869436201,0.2696011004126547,0.2798001427551749,0.2611275964391691,0.2420907840440165,0.251249107780157
Toyama,Latin,genre,disklavier,Latin_04,0.9667811799850636,0.9159685271142308,0.940689174066592,0.9880043620501636,0.9847826086956522,0.9863908546543276,0.8854961832061069,0.8826086956521739,0.884050081654872,0.7022900763358778,0.7,0.7011431682090364,0.6335877862595419,0.6315217391304347,0.632553075666848
Toyama,Latin,genre,disklavier,Latin_05,0.9668298548484068,0.9237030837149,0.9447745660858764,0.9866666666666668,0.9367088607594936,0.961038961038961,0.8914285714285715,0.8462929475587704,0.8682745825602969,0.72,0.6835443037974683,0.7012987012987013,0.6571428571428571,0.6238698010849909,0.6400742115027829
Toyama,Latin,genre,disklavier,Latin_06,0.9467751504364776,0.8811500463410306,0.9127845812863228,0.9889958734525448,0.9423328964613368,0.9651006711409396,0.8830811554332875,0.8414154652686763,0.861744966442953,0.5997248968363136,0.5714285714285714,0.5852348993288591,0.5447042640990372,0.5190039318479686,0.5315436241610738
Toyama,Latin,genre,disklavier,Latin_07,0.9922298378640884,0.8100906518644007,0.891956919688258,0.9669771380186284,0.9277010560519904,0.9469320066334992,0.7298899237933955,0.7002437043054427,0.714759535655058,0.8958509737510584,0.859463850528026,0.8772802653399667,0.6756985605419137,0.6482534524776604,0.6616915422885573
Toyama,Latin,genre,disklavier,Latin_08,0.9862158494128754,0.8883679891142577,0.9347382314614407,0.969738651994498,0.90153452685422,0.9343936381709742,0.8266850068775791,0.768542199488491,0.7965540092776674,0.7180192572214581,0.6675191815856778,0.6918489065606362,0.6231086657496562,0.5792838874680307,0.6003976143141153
Toyama,Latin,genre,disklavier,Latin_09,0.9412887828162292,0.9409228267976744,0.9411057692307692,0.990272373540856,0.9807321772639692,0.9854791868344628,0.8910505836575876,0.882466281310212,0.8867376573088094,0.6361867704280155,0.630057803468208,0.633107454017425,0.5603112840466926,0.5549132947976878,0.5575992255566311
Toyama,Latin,genre,disklavier,Latin_10,0.9703506847242188,0.9045154806403836,0.9362771937509126,0.9770491803278688,0.7915006640106241,0.8745414526779163,0.8147540983606557,0.6600265604249668,0.7292736610418195,0.6868852459016394,0.5564409030544488,0.6148202494497432,0.5868852459016394,0.4754316069057105,0.5253118121790169
Toyama,Pop,genre,disklavier,Pop_01,0.9759361590467076,0.7877281505014639,0.8717899221653075,0.9752906976744186,0.9371508379888268,0.9558404558404556,0.8270348837209303,0.7946927374301676,0.8105413105413106,0.7543604651162791,0.7248603351955307,0.7393162393162392,0.626453488372093,0.6019553072625698,0.6139601139601139
Toyama,Pop,genre,disklavier,Pop_02,0.9733547762203256,0.9156566438014682,0.9436245415729144,0.9887640449438202,0.9609984399375976,0.9746835443037974,0.8812199036918138,0.8564742589703588,0.8686708860759493,0.6966292134831461,0.6770670826833073,0.6867088607594937,0.6099518459069021,0.592823712948518,0.6012658227848102
Toyama,Pop,genre,disklavier,Pop_03,0.9718159018504712,0.7991393917774012,0.8770592589420624,0.9614485981308412,0.9257592800899888,0.9432664756446992,0.7908878504672897,0.7615298087739033,0.7759312320916906,0.5817757009345794,0.5601799775028121,0.5707736389684814,0.4544392523364486,0.437570303712036,0.4458452722063036
Toyama,Pop,genre,disklavier,Pop_04,0.9793775615125052,0.6881124146562337,0.8083069383852268,0.9235181644359464,0.875,0.8986046511627908,0.5458891013384322,0.5172101449275363,0.5311627906976746,0.751434034416826,0.7119565217391305,0.7311627906976745,0.4407265774378585,0.4175724637681159,0.4288372093023256
Toyama,Pop,genre,disklavier,Pop_05,0.9624639076034648,0.9341207390636628,0.9480805386382992,0.9806201550387597,0.9133574007220217,0.9457943925233644,0.8624031007751938,0.8032490974729242,0.8317757009345794,0.7868217054263565,0.7328519855595668,0.7588785046728973,0.687984496124031,0.6407942238267148,0.6635514018691588
Toyama,Pop,genre,disklavier,Pop_06,0.9607609988109392,0.7686561905433021,0.8540390299281646,0.9818941504178272,0.952059419311276,0.9667466575248542,0.7555710306406686,0.7326130992572586,0.743914981145012,0.8474930362116991,0.8217420661715057,0.834418923551594,0.6511142061281338,0.6313301823092505,0.6410695920466233
Toyama,Pop,genre,disklavier,Pop_07,0.9789803354714368,0.9195021920520436,0.9483095592310608,0.9730538922155688,0.974512743628186,0.9737827715355806,0.937125748502994,0.9385307346326835,0.9378277153558052,0.5284431137724551,0.5292353823088456,0.5288389513108614,0.5029940119760479,0.5037481259370314,0.503370786516854
Toyama,Pop,genre,disklavier,Pop_08,0.9669231636507132,0.866800586213867,0.914128494150878,0.9844961240310076,0.9534534534534534,0.9687261632341724,0.8465116279069768,0.8198198198198198,0.8329519450800915,0.5705426356589147,0.5525525525525525,0.5614035087719298,0.4852713178294573,0.46996996996997,0.4774980930587337
Toyama,Pop,genre,disklavier,Pop_09,0.981993422987461,0.8966396914326168,0.9373775784295586,0.9802712700369912,0.9430604982206404,0.9613059250302296,0.8581997533908755,0.8256227758007118,0.841596130592503,0.7225647348951911,0.6951364175563464,0.7085852478839177,0.6337854500616523,0.6097271648873073,0.6215235792019347
Toyama,Pop,genre,disklavier,Pop_10,0.9838273108675056,0.9201316372381496,0.950914025965532,0.993006993006993,0.9466666666666668,0.969283276450512,0.8811188811188811,0.84,0.8600682593856654,0.6783216783216783,0.6466666666666666,0.6621160409556314,0.5664335664335665,0.54,0.5529010238907851
Toyama,Rock,genre,disklavier,Rock_01,0.9671513289511288,0.8882636655948553,0.9260304429622028,0.9439775910364144,0.7247311827956989,0.8199513381995133,0.7366946778711485,0.5655913978494623,0.6399026763990268,0.3865546218487395,0.2967741935483871,0.3357664233576642,0.2801120448179272,0.2150537634408602,0.24330900243309
Toyama,Rock,genre,disklavier,Rock_02,0.956034323675955,0.8380604459302796,0.8931685942101861,0.9578059071729956,0.9551192145862551,0.9564606741573032,0.7144866385372715,0.7124824684431977,0.7134831460674158,0.5232067510548524,0.5217391304347826,0.5224719101123596,0.4135021097046413,0.4123422159887798,0.4129213483146067
Toyama,Rock,genre,disklavier,Rock_03,0.9629153162959848,0.7284126211775274,0.8294070640882212,0.9732647814910026,0.9247679531021006,0.9483967935871744,0.8827763496143959,0.8387884709330727,0.8602204408817635,0.8488431876606684,0.8065461651196874,0.8271543086172345,0.7732647814910025,0.734733756717147,0.7535070140280562
Toyama,Rock,genre,disklavier,Rock_04,0.9377009646302252,0.8402665226003961,0.8863139899325673,0.9508196721311476,0.8432956381260097,0.8938356164383561,0.75591985428051,0.6704361873990307,0.7106164383561644,0.4408014571948998,0.3909531502423263,0.4143835616438356,0.3770491803278688,0.3344103392568659,0.3544520547945205
Toyama,Rock,genre,disklavier,Rock_05,0.9694126289778608,0.8709256453717732,0.9175338374380732,0.9854368932038836,0.9227272727272728,0.9530516431924884,0.8770226537216829,0.8212121212121212,0.8482003129890454,0.5598705501618123,0.5242424242424243,0.5414710485133021,0.4951456310679611,0.4636363636363636,0.4788732394366197
Toyama,Rock,genre,disklavier,Rock_06,0.9873479636090912,0.8248610657077476,0.8988200371057513,0.9677226539151226,0.9585553582001184,0.9631171921475312,0.8206814106395697,0.812907045589106,0.816775728732897,0.6551105797967722,0.6489046773238603,0.6519928613920285,0.5684399282725643,0.5630550621669627,0.5657346817370613
Toyama,Rock,genre,disklavier,Rock_07,0.9453699441382484,0.8931963513259357,0.9185428742391916,0.9758064516129032,0.9705882352941176,0.9731903485254692,0.8611111111111112,0.85650623885918,0.8588025022341376,0.6245519713261649,0.6212121212121212,0.6228775692582663,0.5564516129032258,0.553475935828877,0.5549597855227881
Toyama,Rock,genre,disklavier,Rock_08,0.9934270341168228,0.8680793425456819,0.926532938543448,0.9982964224872232,0.9272151898734176,0.9614438063986874,0.8449744463373083,0.7848101265822784,0.8137817883511075,0.5587734241908007,0.5189873417721519,0.5381460213289581,0.4838160136286201,0.4493670886075949,0.4659557013945857
Toyama,Rock,genre,disklavier,Rock_09,0.9856057151542787,0.7876752265494036,0.875594144971373,0.9727488151658767,0.960233918128655,0.966450853443202,0.7867298578199052,0.776608187134503,0.7816362566215422,0.7334123222748815,0.7239766081871345,0.7286639199529135,0.5888625592417062,0.5812865497076023,0.5850500294290759
Toyama,Rock,genre,disklavier,Rock_10,0.992423076923077,0.8822141684901532,0.934079061685491,0.9939668174962292,0.8693931398416886,0.9275158339197748,0.7858220211161387,0.6873350923482849,0.7332864180154821,0.5852187028657617,0.5118733509234829,0.546094299788881,0.4524886877828054,0.3957783641160949,0.422237860661506
Toyama,Soul,genre,disklavier,Soul_01,0.9868143459915611,0.9013971414806488,0.9421737305916912,0.9847133757961783,0.9872286079182632,0.985969387755102,0.8560509554140128,0.8582375478927203,0.8571428571428572,0.6815286624203821,0.6832694763729247,0.6823979591836735,0.5859872611464968,0.5874840357598978,0.586734693877551
Toyama,Soul,genre,disklavier,Soul_02,0.9488242619588309,0.7809330873397726,0.8567308709916394,0.9478991596638656,0.7757909215955984,0.853252647503782,0.7008403361344537,0.5735900962861072,0.6308623298033283,0.4285714285714285,0.3507565337001375,0.3857791225416035,0.3260504201680672,0.2668500687757909,0.2934947049924357
Toyama,Soul,genre,disklavier,Soul_03,0.9599808446475028,0.888850274428972,0.923047246887231,0.9745075318655853,0.9492099322799096,0.9616923956546598,0.8227114716106605,0.801354401805869,0.8118925100057175,0.283893395133256,0.2765237020316027,0.2801600914808461,0.2317497103128621,0.2257336343115124,0.2287021154945683
Toyama,Soul,genre,disklavier,Soul_04,0.9628779077621376,0.8094805460285733,0.8795409674234946,0.9196035242290748,0.8021133525456292,0.8568496664956387,0.7081497797356828,0.6176753121998079,0.6598255515649051,0.5947136563876652,0.5187319884726225,0.5541303232426885,0.4449339207048458,0.388088376560999,0.4145715751667522
Toyama,Soul,genre,disklavier,Soul_05,0.9723681905762832,0.6903108808290156,0.807415398041307,0.9361233480176212,0.9572072072072072,0.9465478841870824,0.8325991189427313,0.8513513513513513,0.841870824053452,0.5616740088105727,0.5743243243243243,0.5679287305122495,0.5,0.5112612612612613,0.5055679287305123
Toyama,Soul,genre,disklavier,Soul_06,0.9750904406562454,0.753600610762628,0.8501562509092815,0.9818435754189944,0.8108419838523645,0.8881869867340493,0.6480446927374302,0.5351787773933102,0.5862286797220467,0.8254189944134078,0.6816608996539792,0.7466835123183828,0.5600558659217877,0.4625144175317185,0.5066329753632344
Toyama,Soul,genre,disklavier,Soul_07,0.977944079537705,0.8037434180445139,0.8823277013625214,0.950485436893204,0.9750996015936256,0.9626352015732548,0.6728155339805825,0.6902390438247012,0.6814159292035399,0.6621359223300971,0.6792828685258964,0.670599803343166,0.516504854368932,0.5298804780876494,0.5231071779744346
Toyama,Soul,genre,disklavier,Soul_08,0.9955122129472086,0.6964322804326639,0.8195385172198225,0.963984674329502,0.931162102146558,0.947289156626506,0.6697318007662836,0.6469282013323464,0.658132530120482,0.5134099616858238,0.4959289415247964,0.5045180722891567,0.3517241379310344,0.3397483345669874,0.3456325301204819
Toyama,Soul,genre,disklavier,Soul_09,0.9649141269574002,0.955183765313776,0.9600242911588558,0.9878706199460916,0.9878706199460916,0.9878706199460916,0.935309973045822,0.935309973045822,0.935309973045822,0.623989218328841,0.623989218328841,0.623989218328841,0.5902964959568733,0.5902964959568733,0.5902964959568733
Toyama,Soul,genre,disklavier,Soul_10,0.9498314495340076,0.917448764604482,0.9333593141075603,0.954054054054054,0.9688929551692588,0.961416250567408,0.8792792792792793,0.8929551692589204,0.8860644575578757,0.4315315315315315,0.4382433668801463,0.4348615524285065,0.3891891891891892,0.3952424519670631,0.392192464820699
Toyama,World,genre,disklavier,World_01,0.9817096626090408,0.7897284887203034,0.8753160110417162,0.9836423118865868,0.9751351351351352,0.979370249728556,0.7895310796074155,0.7827027027027027,0.7861020629750272,0.8909487459105779,0.8832432432432432,0.8870792616720956,0.7142857142857143,0.7081081081081081,0.7111834961997828
Toyama,World,genre,disklavier,World_02,0.9871434593227484,0.8023182778507395,0.8851860018269444,0.955617198335645,0.9842857142857144,0.9697396199859254,0.7295423023578363,0.7514285714285714,0.7403237156931738,0.4674063800277392,0.4814285714285714,0.474313863476425,0.3536754507628294,0.3642857142857142,0.3589021815622801
Toyama,World,genre,disklavier,World_03,0.9472239550842172,0.751544977585451,0.8381144632465424,0.980819529206626,0.9437919463087248,0.9619495510902096,0.7515257192676548,0.7231543624161074,0.7370671227020095,0.7401918047079338,0.712248322147651,0.7259512612227448,0.5793374019180471,0.5574664429530202,0.5681915348439504
Toyama,World,genre,disklavier,World_04,0.9776872226749976,0.8006733707098573,0.8803705243931277,0.965782122905028,0.9472602739726028,0.9564315352697096,0.7856145251396648,0.7705479452054794,0.7780082987551866,0.7835195530726257,0.7684931506849315,0.7759336099585062,0.6431564245810056,0.6308219178082192,0.6369294605809128
Toyama,World,genre,disklavier,World_05,0.9709243366783212,0.8910558264227473,0.9292771258872954,0.9788484136310224,0.9976047904191616,0.9881376037959668,0.8578143360752056,0.874251497005988,0.8659549228944246,0.5699177438307873,0.5808383233532934,0.5753262158956108,0.5029377203290247,0.5125748502994012,0.5077105575326215
Toyama,World,genre,disklavier,World_06,0.9772274164718824,0.9621137771159768,0.9696117051209904,0.9935344827586208,0.9956803455723542,0.9946062567421792,0.9482758620689656,0.9503239740820736,0.9492988133764833,0.6745689655172413,0.6760259179265659,0.6752966558791802,0.6530172413793104,0.6544276457883369,0.6537216828478964
Toyama,World,genre,disklavier,World_07,0.9869409162549831,0.7369602626738138,0.84382590577351,0.9548104956268222,0.8562091503267973,0.9028256374913852,0.7215743440233237,0.6470588235294118,0.6822880771881461,0.5641399416909622,0.5058823529411764,0.5334252239834598,0.4489795918367347,0.4026143790849673,0.4245348035837353
Toyama,World,genre,disklavier,World_08,0.9642304149271868,0.7970190360469825,0.8726872793713303,0.9401709401709402,0.4551724137931034,0.6133828996282529,0.301994301994302,0.1462068965517241,0.1970260223048327,0.4957264957264957,0.24,0.3234200743494423,0.1794871794871795,0.0868965517241379,0.1171003717472119
Toyama,World,genre,disklavier,World_09,0.9495192859273536,0.8094795629933197,0.8739249114322372,0.9351669941060904,0.9734151329243352,0.9539078156312626,0.6807465618860511,0.7085889570552147,0.6943887775551102,0.5923379174852652,0.6165644171779141,0.6042084168336673,0.4302554027504912,0.4478527607361963,0.438877755511022
Toyama,World,genre,disklavier,World_10,0.9727693774690096,0.910703582314157,0.9407138575841604,0.9871299871299872,0.9948119325551232,0.9909560723514212,0.8635778635778636,0.8702983138780804,0.8669250645994833,0.6267696267696268,0.6316472114137484,0.6291989664082687,0.5495495495495496,0.5538261997405967,0.5516795865633076
Edwards,Blues,genre,disklavier,Blues_01,0.7165502201041961,0.8510000479639311,0.7780092085069064,0.9639879959986662,0.9488021004266493,0.9563347667879588,0.6938979659886629,0.6829668526419429,0.6883890175322528,0.5855285095031677,0.5763045618641287,0.5808799206086669,0.4341447149049683,0.4273055464391204,0.43069798213695
Edwards,Blues,genre,disklavier,Blues_02,0.7987682226323538,0.8822694060789299,0.8384449620164993,0.8865647626709574,0.9624454148471616,0.9229480737018426,0.5494770716009654,0.5965065502183406,0.5720268006700168,0.7264682220434433,0.788646288209607,0.7562814070351759,0.4416733708769107,0.4794759825327511,0.4597989949748744
Edwards,Blues,genre,disklavier,Blues_03,0.8377346420646503,0.948689795687362,0.8897664962763615,0.9798260869565216,0.9996451383960256,0.9896363955735114,0.7241739130434782,0.7388218594748048,0.7314245564728614,0.5005217391304347,0.5106458481192335,0.505533110837871,0.3850434782608695,0.3928317955997161,0.3888986474617951
Edwards,Blues,genre,disklavier,Blues_04,0.7683528018037528,0.910845338407176,0.8335532907237866,0.97374543037554,0.9676354029062088,0.97068080172271,0.7331339315387172,0.7285336856010568,0.7308265694881564,0.6251246261216351,0.6212021136063408,0.6231571972834189,0.4762379528082419,0.4732496697490092,0.4747391088288885
Edwards,Blues,genre,disklavier,Blues_05,0.8403500610571611,0.9240237216068032,0.8802028215337998,0.9870517928286852,0.998991935483871,0.9929859719438876,0.7626162018592297,0.7718413978494624,0.7672010688042752,0.5102921646746348,0.5164650537634409,0.5133600534402138,0.3934262948207171,0.3981854838709677,0.3957915831663326
Edwards,Blues,genre,disklavier,Blues_06,0.7423637787640324,0.9015558122155036,0.8142519660881749,0.969741159314619,0.9729334308705194,0.971334672265839,0.7200145825738243,0.7223847841989759,0.7211977359868542,0.5599708348523514,0.5618141916605706,0.560890998721928,0.4283631060882246,0.4297732260424287,0.4290670074858499
Edwards,Blues,genre,disklavier,Blues_07,0.9766868617554376,0.9136295683167648,0.9441064804713069,0.9319631467044648,0.9806114839671888,0.9556686046511628,0.8221119773210489,0.8650260999254288,0.8430232558139535,0.8348688873139617,0.8784489187173751,0.8561046511627907,0.7328136073706591,0.7710663683818046,0.7514534883720931
Edwards,Blues,genre,disklavier,Blues_08,0.9741966143491998,0.9203635392903946,0.9465152555063332,0.9821428571428572,0.9577114427860696,0.9697732997481108,0.9107142857142856,0.8880597014925373,0.8992443324937027,0.5714285714285714,0.5572139303482587,0.5642317380352645,0.5280612244897959,0.5149253731343284,0.521410579345088
Edwards,Blues,genre,disklavier,Blues_09,0.8772309132973449,0.9734706664425326,0.9228484712393068,0.9938823529411764,0.9966965549787636,0.9952874646559848,0.8456470588235294,0.8480415290231241,0.84684260131951,0.6494117647058824,0.6512505899008967,0.6503298774740811,0.5538823529411765,0.5554506842850401,0.5546654099905749
Edwards,Blues,genre,disklavier,Blues_10,0.8912037300278615,0.9678048780487803,0.9279261144988455,0.983464566929134,0.9908766362554542,0.9871566884015016,0.8606299212598425,0.8671162237207457,0.8638608970559178,0.6551181102362205,0.660055533518445,0.657577553843114,0.5692913385826772,0.5735819119397064,0.5714285714285715
Edwards,Classical,genre,disklavier,Classical_01,0.837693755039871,0.9319677033492824,0.8823196338413627,0.9546666666666668,0.9754768392370572,0.9649595687331536,0.7526666666666667,0.7690735694822888,0.7607816711590297,0.6466666666666666,0.6607629427792916,0.6536388140161726,0.4973333333333333,0.5081743869209809,0.5026954177897575
Edwards,Classical,genre,disklavier,Classical_02,0.9596831440371708,0.9159288628839788,0.9372956534755652,0.9763181411974976,0.9798206278026906,0.9780662488809312,0.8990169794459338,0.9022421524663676,0.9006266786034021,0.7931188561215371,0.7959641255605381,0.7945389435989259,0.7332439678284183,0.7358744394618834,0.73455684870188
Edwards,Classical,genre,disklavier,Classical_03,0.9599120914899678,0.972428081097517,0.9661295525414356,0.9694267515923568,0.7602397602397603,0.8521836506159014,0.6178343949044586,0.4845154845154845,0.5431131019036954,0.3375796178343949,0.2647352647352647,0.2967525195968645,0.2,0.1568431568431568,0.1758118701007839
Edwards,Classical,genre,disklavier,Classical_04,0.8578598199284884,0.779698512137823,0.8169138309437368,0.9926470588235294,0.8372093023255814,0.9083263246425568,0.7242647058823529,0.6108527131782946,0.6627417998317915,0.5386029411764706,0.4542635658914729,0.4928511354079058,0.3915441176470588,0.3302325581395349,0.3582842724978974
Edwards,Classical,genre,disklavier,Classical_05,0.9200778682668952,0.8251830020342458,0.8700505813904394,0.9831487722676938,0.9812590100913022,0.9822029822029824,0.8372652864708714,0.8356559346468044,0.8364598364598363,0.8637457871930669,0.8620855358000961,0.8629148629148629,0.7356764564275398,0.7342623738587217,0.7349687349687349
Edwards,Classical,genre,disklavier,Classical_06,0.967042079901384,0.9452111812127584,0.9560020162742132,0.9881516587677726,0.98698224852071,0.9875666074600354,0.9206161137440758,0.919526627218935,0.9200710479573714,0.7428909952606635,0.7420118343195267,0.7424511545293073,0.6895734597156398,0.6887573964497041,0.689165186500888
Edwards,Classical,genre,disklavier,Classical_07,0.9731116323677248,0.9261731680761912,0.9490623873061668,0.91281512605042,0.886734693877551,0.8995859213250517,0.8434873949579832,0.8193877551020409,0.8312629399585921,0.8539915966386554,0.8295918367346938,0.841614906832298,0.7899159663865546,0.7673469387755102,0.7784679089026915
Edwards,Classical,genre,disklavier,Classical_08,0.880202192879038,0.9585459797785268,0.917705084277,0.950379746835443,0.94654563792234,0.9484588175846388,0.8151898734177215,0.8119011598587998,0.8135421930267813,0.5620253164556962,0.5597579425113465,0.5608893380495199,0.4653164556962025,0.4634392334846192,0.4643759474482062
Edwards,Classical,genre,disklavier,Classical_09,0.8489110927875054,0.892124713278396,0.8699816082050602,0.929506933744222,0.9422100741897697,0.9358153965483808,0.7519260400616333,0.7622022647403358,0.7570292805894901,0.7045454545454546,0.7141741507223741,0.7093271281752958,0.5805084745762712,0.5884420148379539,0.5844483226682179
Edwards,Classical,genre,disklavier,Classical_10,0.8921582001532052,0.6949257830379912,0.7812866141949356,0.9079616036137776,0.7465181058495822,0.8193630573248407,0.5584415584415584,0.4591457753017641,0.5039490445859873,0.766798418972332,0.6304549675023212,0.6919745222929936,0.47656691134952,0.3918291550603528,0.4300636942675159
Edwards,Country,genre,disklavier,Country_01,0.7548563194502176,0.9551367461430575,0.8432677573637533,0.8982102908277405,0.8962053571428571,0.8972067039106145,0.7628635346756152,0.7611607142857143,0.7620111731843575,0.5760626398210291,0.5747767857142857,0.5754189944134077,0.5055928411633109,0.5044642857142857,0.5050279329608938
Edwards,Country,genre,disklavier,Country_02,0.9326276592076682,0.927781303057847,0.9301981687658512,0.9792746113989638,0.84,0.9043062200956936,0.7538860103626943,0.6466666666666666,0.6961722488038278,0.7435233160621761,0.6377777777777778,0.6866028708133971,0.5751295336787565,0.4933333333333333,0.5311004784688995
Edwards,Country,genre,disklavier,Country_03,0.9714695127977072,0.8441213849007351,0.9033292594396404,0.9756613756613756,0.977730646871686,0.9766949152542374,0.7608465608465609,0.7624602332979852,0.7616525423728814,0.5671957671957671,0.5683987274655355,0.5677966101694915,0.4391534391534391,0.440084835630965,0.4396186440677966
Edwards,Country,genre,disklavier,Country_04,0.942943044770721,0.9103259386969,0.9263474649670213,0.9777365491651204,0.7219178082191781,0.830575256107171,0.6901669758812616,0.5095890410958904,0.5862884160756502,0.699443413729128,0.5164383561643836,0.5941686367218283,0.4805194805194805,0.3547945205479452,0.4081954294720252
Edwards,Country,genre,disklavier,Country_05,0.9883138300810378,0.9281490373927348,0.9572870370724214,0.9876237623762376,1.0,0.9937733499377336,0.9348184818481848,0.946532999164578,0.9406392694063926,0.4257425742574257,0.4310776942355889,0.4283935242839352,0.3968646864686468,0.4018379281537176,0.3993358239933582
Edwards,Country,genre,disklavier,Country_06,0.8475618163434139,0.9694185985386112,0.9044040116721022,0.9421364985163204,0.9216255442670536,0.9317681584739546,0.6676557863501483,0.6531204644412192,0.6603081438004401,0.5964391691394659,0.5834542815674891,0.5898752751283932,0.4198813056379822,0.4107402031930334,0.4152604548789435
Edwards,Country,genre,disklavier,Country_07,0.8633586853599682,0.9489525280333042,0.9041343462614954,0.9833159541188738,0.9772020725388602,0.9802494802494804,0.7393117831074035,0.7347150259067358,0.737006237006237,0.5453597497393118,0.5419689119170984,0.5436590436590436,0.3399374348279457,0.3378238341968912,0.3388773388773389
Edwards,Country,genre,disklavier,Country_08,0.89580583939771,0.8959409686867544,0.8958733989466672,0.9831824062095732,0.9908735332464146,0.9870129870129872,0.8221216041397154,0.8285528031290743,0.8253246753246751,0.3195342820181112,0.3220338983050847,0.3207792207792207,0.314359637774903,0.316818774445893,0.3155844155844156
Edwards,Country,genre,disklavier,Country_09,0.8723372707952355,0.9779657573462868,0.9221365005834102,0.9969135802469136,0.8682795698924731,0.9281609195402298,0.7114197530864198,0.6196236559139785,0.6623563218390806,0.2438271604938271,0.2123655913978494,0.2270114942528735,0.1959876543209876,0.1706989247311827,0.1824712643678161
Edwards,Country,genre,disklavier,Country_10,0.913189530900771,0.9723841712434868,0.9418576894484496,0.9947916666666666,0.9965217391304348,0.995655951346655,0.8263888888888888,0.8278260869565217,0.8271068635968722,0.8541666666666666,0.8556521739130435,0.8549087749782798,0.7100694444444444,0.711304347826087,0.7106863596872285
Edwards,Folk,genre,disklavier,Folk_01,0.9794239341821994,0.9068812710269292,0.9417576963181568,0.984375,1.0,0.9921259842519684,0.9095394736842104,0.9239766081871345,0.9167012018234564,0.4128289473684211,0.4193817878028404,0.4160795690012432,0.3766447368421052,0.3826232247284878,0.3796104434314132
Edwards,Folk,genre,disklavier,Folk_02,0.97472107899043,0.8635213494992092,0.915757843982204,0.9801136363636364,0.9942363112391932,0.9871244635193134,0.8224431818181818,0.8342939481268011,0.8283261802575107,0.6803977272727273,0.6902017291066282,0.6852646638054363,0.5752840909090909,0.5835734870317003,0.5793991416309013
Edwards,Folk,genre,disklavier,Folk_03,0.927964271795574,0.846139070303496,0.885164699913091,0.97239263803681,0.95004995004995,0.9610914603335018,0.8128834355828221,0.7942057942057942,0.8034360788276907,0.7443762781186094,0.7272727272727273,0.7357251136937848,0.6247443762781186,0.6103896103896104,0.6174835775644264
Edwards,Folk,genre,disklavier,Folk_04,0.8800271904549328,0.9390081517326492,0.908561462681408,0.817258883248731,0.9805115712545676,0.8914728682170543,0.7197969543147208,0.8635809987819733,0.7851605758582504,0.5299492385786801,0.6358099878197321,0.5780730897009967,0.4741116751269035,0.5688185140073082,0.5171650055370985
Edwards,Folk,genre,disklavier,Folk_05,0.9448735392988634,0.976003472365756,0.9601862583623092,0.9957446808510638,0.9435483870967742,0.968944099378882,0.8446808510638298,0.8004032258064516,0.8219461697722568,0.3340425531914893,0.3165322580645161,0.3250517598343685,0.3106382978723404,0.2943548387096774,0.3022774327122153
Edwards,Folk,genre,disklavier,Folk_06,0.8984796468857283,0.9314741137140752,0.91467943157067,0.9393173198482933,0.9322459222082812,0.9357682619647356,0.8103666245259166,0.8042659974905897,0.8073047858942065,0.6890012642225032,0.6838143036386449,0.6863979848866499,0.5903919089759798,0.5859473023839398,0.5881612090680102
Edwards,Folk,genre,disklavier,Folk_07,0.8657138863652247,0.943863458864316,0.90310116373379,0.989909182643794,0.9655511811023622,0.9775784753363228,0.7558022199798183,0.7372047244094488,0.7463876432486298,0.8819374369323916,0.860236220472441,0.8709516691579472,0.6781029263370333,0.6614173228346457,0.6696562032884903
Edwards,Folk,genre,disklavier,Folk_08,0.8938733238853156,0.9769644736580811,0.933573698942075,0.9048697621744054,0.9962593516209476,0.9483679525222553,0.8244620611551529,0.9077306733167082,0.8640949554896141,0.6500566251415628,0.71571072319202,0.6813056379821959,0.5855039637599094,0.6446384039900249,0.6136498516320474
Edwards,Folk,genre,disklavier,Folk_09,0.9744241607449154,0.9256239225470444,0.9493973566507132,0.989749430523918,0.9786036036036035,0.984144960362401,0.929384965831435,0.918918918918919,0.924122310305776,0.7312072892938497,0.722972972972973,0.7270668176670442,0.6913439635535308,0.6835585585585585,0.6874292185730464
Edwards,Folk,genre,disklavier,Folk_10,0.902982810017672,0.9608342197234464,0.9310106838196726,0.9882903981264636,0.915401301518438,0.9504504504504504,0.8173302107728337,0.7570498915401301,0.786036036036036,0.5597189695550351,0.5184381778741866,0.5382882882882882,0.4941451990632318,0.457700650759219,0.4752252252252252
Edwards,Jazz,genre,disklavier,Jazz_01,0.8964763253106811,0.8413647503469454,0.8680466703223055,0.9794776119402984,0.965961361545538,0.9726725335803612,0.7630597014925373,0.7525298988040479,0.7577582213987958,0.8908582089552238,0.8785648574057038,0.8846688281611857,0.6958955223880597,0.6862925482980681,0.6910606762389996
Edwards,Jazz,genre,disklavier,Jazz_02,0.8616208690271305,0.8675090533857716,0.8645549357264128,0.951797385620915,0.9364951768488746,0.9440842787682332,0.7393790849673203,0.727491961414791,0.733387358184765,0.9101307189542484,0.8954983922829582,0.9027552674230144,0.7050653594771242,0.6937299035369775,0.69935170178282
Edwards,Jazz,genre,disklavier,Jazz_03,0.8418715181736726,0.8899046677785327,0.8652219608628198,0.953133514986376,0.9152276295133438,0.9337960491190602,0.7743869209809264,0.7435897435897436,0.7586759209823812,0.7989100817438692,0.7671376242804814,0.782701548318206,0.6643051771117167,0.6378859236002093,0.6508275493860118
Edwards,Jazz,genre,disklavier,Jazz_04,0.8769028784152098,0.8517352703793382,0.8641358641358641,0.9703252032520324,0.929879236462797,0.949671772428884,0.8207317073170731,0.7865212310089599,0.8032623831310921,0.9117886178861788,0.8737826256330347,0.8923811418340959,0.7772357723577236,0.744838332684067,0.7606922617863537
Edwards,Jazz,genre,disklavier,Jazz_05,0.9193495106228352,0.865784935914529,0.8917635964972511,0.9586549062844544,0.9384781435509983,0.948459230979002,0.6802646085997794,0.6659471127900701,0.6730297245704936,0.8351708930540243,0.8175930922827847,0.826288519225525,0.5970231532524807,0.5844576362655154,0.5906735751295338
Edwards,Jazz,genre,disklavier,Jazz_06,0.7931422492276847,0.8902360613575825,0.8388890692113777,0.9384539635647464,0.909351145038168,0.9236733704870368,0.724766125061546,0.7022900763358778,0.7133511024957595,0.6129985228951256,0.5939885496183206,0.6033438332929488,0.4638109305760709,0.4494274809160305,0.4565059365156287
Edwards,Jazz,genre,disklavier,Jazz_07,0.8834266481115893,0.8501090003114294,0.8664476503356664,0.9449656035021888,0.936183395291202,0.9405539993775288,0.7460913070669168,0.7391573729863693,0.7426081543728603,0.7010631644777986,0.69454770755886,0.6977902272019919,0.5603502188868043,0.5551425030978935,0.5577342047930284
Edwards,Jazz,genre,disklavier,Jazz_08,0.9569398526767589,0.7990488090740903,0.8708958847997297,0.9696969696969696,0.945973496432212,0.957688338493292,0.7136886102403344,0.6962283384301733,0.7048503611971104,0.786833855799373,0.7675840978593272,0.7770897832817336,0.5705329153605015,0.5565749235474006,0.5634674922600619
Edwards,Jazz,genre,disklavier,Jazz_09,0.8015172949432748,0.8562010163414671,0.8279572203239278,0.9732231404958678,0.9885829415715244,0.9808429118773948,0.6796694214876033,0.6903962390866353,0.6849908379143761,0.6016528925619835,0.6111484217595702,0.6063634849242046,0.4314049586776859,0.4382135661517797,0.4347826086956521
Edwards,Jazz,genre,disklavier,Jazz_10,0.8933089802130898,0.8481565834653225,0.8701474303471671,0.9680082559339526,0.9347284504235176,0.9510773130544994,0.7801857585139319,0.7533632286995515,0.7665399239543725,0.8570691434468525,0.8276033881415047,0.8420785804816222,0.695046439628483,0.6711509715994021,0.6828897338403042
Edwards,Latin,genre,disklavier,Latin_01,0.9286974404467876,0.7591219222782557,0.8353910397954233,0.9552093476144108,0.8893925657298277,0.9211267605633804,0.7069133398247323,0.658204895738894,0.6816901408450705,0.50730282375852,0.4723481414324569,0.4892018779342723,0.3943524829600779,0.3671804170444243,0.3802816901408451
Edwards,Latin,genre,disklavier,Latin_02,0.9395032854438132,0.9842947820405116,0.9613775969548816,0.99412915851272,0.9338235294117648,0.9630331753554504,0.923679060665362,0.8676470588235294,0.8947867298578198,0.726027397260274,0.6819852941176471,0.7033175355450239,0.6790606653620352,0.6378676470588235,0.65781990521327
Edwards,Latin,genre,disklavier,Latin_03,0.9007647745496994,0.9525375235062704,0.925928002691488,0.9715568862275448,0.8927097661623109,0.9304659498207888,0.7724550898203593,0.7097661623108665,0.7397849462365591,0.3488023952095808,0.3204951856946355,0.3340501792114695,0.2739520958083832,0.2517193947730399,0.2623655913978495
Edwards,Latin,genre,disklavier,Latin_04,0.8754760189378346,0.962993886561757,0.9171518680252304,0.981798715203426,0.9967391304347826,0.989212513484358,0.7623126338329764,0.7739130434782608,0.7680690399137,0.7687366167023555,0.7804347826086957,0.7745415318230853,0.5985010706638115,0.6076086956521739,0.6030204962243797
Edwards,Latin,genre,disklavier,Latin_05,0.9163571723327936,0.9475325357359724,0.931684134937348,0.9866666666666668,0.9367088607594936,0.961038961038961,0.84,0.7974683544303798,0.8181818181818181,0.8761904761904762,0.8318264014466547,0.8534322820037106,0.7485714285714286,0.7106690777576854,0.7291280148423005
Edwards,Latin,genre,disklavier,Latin_06,0.9465566994228668,0.9573268127230778,0.951911293247973,0.9931412894375856,0.948885976408912,0.970509383378016,0.9012345679012346,0.8610747051114024,0.8806970509383377,0.6049382716049383,0.5779816513761468,0.5911528150134049,0.5582990397805213,0.5334207077326344,0.5455764075067026
Edwards,Latin,genre,disklavier,Latin_07,0.9832245023335084,0.8941553877484816,0.936577078269898,0.9738175675675677,0.9366368805848904,0.9548654244306418,0.8158783783783784,0.784727863525589,0.7999999999999999,0.9079391891891893,0.8732737611697806,0.8902691511387163,0.7592905405405406,0.7303005686433793,0.7445134575569358
Edwards,Latin,genre,disklavier,Latin_08,0.9935197741368962,0.950195603180678,0.971374854646424,0.9877216916780356,0.9258312020460358,0.9557755775577556,0.9004092769440655,0.8439897698209718,0.8712871287128714,0.8171896316507503,0.7659846547314578,0.7907590759075906,0.7517053206002728,0.7046035805626598,0.7273927392739273
Edwards,Latin,genre,disklavier,Latin_09,0.8739004825771881,0.9568628837012034,0.9135019317395778,0.994140625,0.9807321772639692,0.9873908826382152,0.814453125,0.8034682080924855,0.8089233753637245,0.78515625,0.7745664739884393,0.7798254122211445,0.658203125,0.649325626204239,0.6537342386032978
Edwards,Latin,genre,disklavier,Latin_10,0.9388846070235766,0.8376560406234572,0.8853862854906491,0.995049504950495,0.8007968127490039,0.8874172185430463,0.8184818481848185,0.6586985391766268,0.7299484915378955,0.8366336633663366,0.6733067729083665,0.7461368653421633,0.6996699669966997,0.5630810092961488,0.6239882266372334
Edwards,Pop,genre,disklavier,Pop_01,0.9357376469548307,0.9232168442035756,0.9294350792695164,0.9796215429403202,0.9399441340782124,0.9593727726300784,0.8122270742358079,0.7793296089385475,0.7954383464005702,0.9053857350800584,0.8687150837988827,0.8866714183891662,0.759825327510917,0.729050279329609,0.7441197434069851
Edwards,Pop,genre,disklavier,Pop_02,0.8527225236085996,0.9485103237230732,0.8980694729302992,0.9903846153846154,0.9641185647425896,0.9770750988142294,0.7772435897435898,0.7566302652106084,0.766798418972332,0.8237179487179487,0.8018720748829953,0.8126482213438735,0.6474358974358975,0.6302652106084243,0.6387351778656126
Edwards,Pop,genre,disklavier,Pop_03,0.9067386882731486,0.9094577722286632,0.9080961948385156,0.9554794520547946,0.9415073115860516,0.9484419263456092,0.7431506849315068,0.7322834645669292,0.7376770538243627,0.6552511415525114,0.6456692913385826,0.6504249291784702,0.5205479452054794,0.5129358830146231,0.5167138810198298
Edwards,Pop,genre,disklavier,Pop_04,0.9650633171244916,0.7653517028052789,0.8536828963795255,0.9477682811016144,0.9039855072463768,0.9253592953175708,0.6115859449192782,0.5833333333333334,0.5971256374594344,0.855650522317189,0.8161231884057971,0.8354195642095503,0.5384615384615384,0.5135869565217391,0.5257301808066759
Edwards,Pop,genre,disklavier,Pop_05,0.9540765281855308,0.9209955510520732,0.937244223890697,0.98828125,0.9133574007220217,0.949343339587242,0.86328125,0.7978339350180506,0.8292682926829268,0.845703125,0.7815884476534296,0.8123827392120075,0.740234375,0.6841155234657039,0.7110694183864914
Edwards,Pop,genre,disklavier,Pop_06,0.8906427686406301,0.9244239306602776,0.9072189901539578,0.98679638637943,0.9588116137744768,0.9726027397260274,0.7859624739402363,0.763673193787981,0.7746575342465754,0.8596247394023627,0.8352464550979068,0.8472602739726027,0.6851980542043086,0.6657663740715732,0.6753424657534247
Edwards,Pop,genre,disklavier,Pop_07,0.9770128087831657,0.9665393862254278,0.9717478778916836,0.9970014992503748,0.9970014992503748,0.9970014992503748,0.9490254872563718,0.9490254872563718,0.9490254872563718,0.5667166416791605,0.5667166416791605,0.5667166416791605,0.5397301349325337,0.5397301349325337,0.5397301349325337
Edwards,Pop,genre,disklavier,Pop_08,0.9561810682561642,0.9343036183545584,0.9451157559763056,0.9938080495356038,0.963963963963964,0.9786585365853658,0.868421052631579,0.8423423423423423,0.8551829268292683,0.7136222910216719,0.6921921921921922,0.7027439024390244,0.6176470588235294,0.5990990990990991,0.6082317073170733
Edwards,Pop,genre,disklavier,Pop_09,0.9262375016155372,0.9622346723302452,0.9438930063817814,0.9841656516443362,0.9584816132858838,0.971153846153846,0.8526187576126675,0.830367734282325,0.841346153846154,0.7904993909866017,0.7698695136417556,0.7800480769230769,0.6930572472594397,0.67497034400949,0.6838942307692308
Edwards,Pop,genre,disklavier,Pop_10,0.9458800585080448,0.9822163154230744,0.9637057965165016,0.993103448275862,0.96,0.976271186440678,0.896551724137931,0.8666666666666667,0.8813559322033899,0.8206896551724138,0.7933333333333333,0.8067796610169492,0.7379310344827587,0.7133333333333334,0.7254237288135593
Edwards,Rock,genre,disklavier,Rock_01,0.914360520995592,0.905210315637509,0.9097624111721158,0.9441340782122905,0.7268817204301076,0.8213851761846901,0.7094972067039106,0.546236559139785,0.6172539489671932,0.4581005586592179,0.3526881720430107,0.3985419198055893,0.3379888268156424,0.2602150537634408,0.2940461725394896
Edwards,Rock,genre,disklavier,Rock_02,0.8927003293084522,0.964735380550538,0.9273210236475544,0.985632183908046,0.9621318373071528,0.9737402413058908,0.7916666666666666,0.7727910238429172,0.7821149751596878,0.6795977011494253,0.6633941093969145,0.6713981547196592,0.5287356321839081,0.5161290322580645,0.5223562810503903
Edwards,Rock,genre,disklavier,Rock_03,0.9329409215657952,0.9669873114496388,0.9496590637578342,0.99169921875,0.9921836834391792,0.991941391941392,0.9833984375,0.9838788470933072,0.9836385836385836,0.84765625,0.8480703468490474,0.8478632478632478,0.84375,0.844162188568637,0.8439560439560438
Edwards,Rock,genre,disklavier,Rock_04,0.8475734576260511,0.8811944403516526,0.8640570194800504,0.9669117647058824,0.8497576736672051,0.9045571797076528,0.6029411764705882,0.529886914378029,0.5640584694754944,0.5238970588235294,0.4604200323101777,0.4901117798796216,0.3713235294117647,0.3263327948303716,0.3473774720550301
Edwards,Rock,genre,disklavier,Rock_05,0.8608106038455647,0.9273853630731846,0.892858690158134,0.9855072463768116,0.9272727272727272,0.955503512880562,0.6376811594202898,0.6,0.6182669789227166,0.677938808373591,0.6378787878787879,0.6572989851678376,0.4524959742351047,0.4257575757575758,0.4387197501951601
Edwards,Rock,genre,disklavier,Rock_06,0.8954234001292825,0.9434047074207256,0.9187880556624172,0.982174688057041,0.9786856127886324,0.9804270462633452,0.7813428401663696,0.7785671995263469,0.7799525504151837,0.7100415923945336,0.7075192421551214,0.7087781731909845,0.5822935234699941,0.5802249851983422,0.5812574139976275
Edwards,Rock,genre,disklavier,Rock_07,0.8782624277944091,0.9793939251457588,0.9260753584528176,0.9761904761904762,0.9866310160427808,0.9813829787234042,0.7848324514991182,0.7932263814616756,0.7890070921985817,0.6931216931216931,0.7005347593582888,0.6968085106382979,0.5555555555555556,0.5614973262032086,0.5585106382978723
Edwards,Rock,genre,disklavier,Rock_08,0.9739043641569152,0.9658118544952528,0.9698412283225656,0.9832775919732442,0.930379746835443,0.9560975609756098,0.9013377926421404,0.8528481012658228,0.8764227642276422,0.7508361204013378,0.7104430379746836,0.7300813008130081,0.6989966555183946,0.6613924050632911,0.6796747967479675
Edwards,Rock,genre,disklavier,Rock_09,0.9410090050462472,0.9355336362090328,0.9382633326226664,0.914036996735582,0.9824561403508772,0.9470124013528748,0.7671381936887922,0.8245614035087719,0.7948139797068772,0.6996735582154516,0.752046783625731,0.7249154453213078,0.6082698585418934,0.6538011695906433,0.6302142051860203
Edwards,Rock,genre,disklavier,Rock_10,0.954901652595653,0.9693540299051788,0.9620735680028956,0.9836065573770492,0.8707124010554089,0.9237228831350596,0.8554396423248882,0.7572559366754618,0.8033589923023093,0.6751117734724292,0.5976253298153035,0.6340097970608818,0.5722801788375559,0.5065963060686016,0.5374387683694891
Edwards,Soul,genre,disklavier,Soul_01,0.973938330531663,0.9805314325950266,0.9772237611572792,0.9922978177150192,0.9872286079182632,0.9897567221510885,0.9589216944801028,0.9540229885057472,0.9564660691421256,0.7201540436456996,0.7164750957854407,0.7183098591549295,0.7150192554557124,0.7113665389527458,0.7131882202304737
Edwards,Soul,genre,disklavier,Soul_02,0.8917035467181949,0.8625209516574419,0.8768695140489384,0.9574829931972788,0.7744154057771664,0.8562737642585552,0.6632653061224489,0.5364511691884457,0.5931558935361217,0.5136054421768708,0.4154057771664374,0.4593155893536121,0.3554421768707483,0.2874828060522696,0.31787072243346
Edwards,Soul,genre,disklavier,Soul_03,0.8864736994800152,0.952040840783261,0.9180881061341468,0.9756380510440836,0.9492099322799096,0.962242562929062,0.7447795823665894,0.7246049661399548,0.7345537757437071,0.3248259860788863,0.3160270880361174,0.3203661327231121,0.2494199535962877,0.2426636568848758,0.245995423340961
Edwards,Soul,genre,disklavier,Soul_04,0.8257427832603303,0.888488881822518,0.8559674834107408,0.9188311688311688,0.8155619596541787,0.86412213740458,0.5703463203463204,0.5062439961575408,0.5363867684478371,0.7445887445887446,0.6609029779058597,0.7002544529262087,0.487012987012987,0.4322766570605187,0.4580152671755725
Edwards,Soul,genre,disklavier,Soul_05,0.9811281424144304,0.7316165803108808,0.8381980185089547,0.9726651480637812,0.9617117117117115,0.9671574178935448,0.8906605922551253,0.8806306306306306,0.8856172140430352,0.6378132118451025,0.6306306306306306,0.6342015855039638,0.5831435079726651,0.5765765765765766,0.5798414496036239
Edwards,Soul,genre,disklavier,Soul_06,0.9428550029958058,0.7792794651700231,0.853298689561681,0.9833564493758667,0.817762399077278,0.8929471032745593,0.6255201109570042,0.5201845444059977,0.5680100755667506,0.8751733703190014,0.7277970011534025,0.7947103274559194,0.579750346740638,0.4821222606689734,0.526448362720403
Edwards,Soul,genre,disklavier,Soul_07,0.897805155525958,0.9544683549904864,0.9252700586944244,0.9697265625,0.9890438247011952,0.9792899408284024,0.759765625,0.7749003984063745,0.7672583826429981,0.740234375,0.7549800796812749,0.7475345167652859,0.6142578125,0.6264940239043825,0.6203155818540433
Edwards,Soul,genre,disklavier,Soul_08,0.9540506231727958,0.7925194522999249,0.8658154493327864,0.956043956043956,0.9659511472982976,0.9609720176730484,0.7098901098901099,0.7172464840858623,0.7135493372606774,0.7216117216117216,0.7290895632864545,0.7253313696612665,0.5487179487179488,0.5544041450777202,0.5515463917525774
Edwards,Soul,genre,disklavier,Soul_09,0.8666115094686523,0.9820610050837568,0.9207313499892564,0.9735099337748344,0.9905660377358492,0.9819639278557114,0.7483443708609272,0.761455525606469,0.7548430193720775,0.6490066225165563,0.660377358490566,0.6546426185704742,0.5019867549668874,0.5107816711590296,0.5063460253841015
Edwards,Soul,genre,disklavier,Soul_10,0.8633576928736083,0.9633075218212164,0.9105981247979308,0.9470377019748654,0.9652333028362304,0.9560489352061622,0.7351885098743267,0.7493138151875571,0.742183960126869,0.4461400359066427,0.454711802378774,0.450385138196647,0.3384201077199282,0.3449222323879231,0.3416402356139555
Edwards,World,genre,disklavier,World_01,0.9521244252904216,0.8909462966660012,0.9205200002062676,0.9592274678111588,0.9664864864864864,0.962843295638126,0.8476394849785408,0.8540540540540541,0.8508346795907378,0.9184549356223176,0.9254054054054054,0.921917070543888,0.8079399141630901,0.8140540540540541,0.8109854604200323
Edwards,World,genre,disklavier,World_02,0.9745920910567794,0.9191743276423228,0.9460723573691968,0.9692307692307692,0.99,0.9795053003533568,0.8517482517482518,0.87,0.8607773851590105,0.5174825174825175,0.5285714285714286,0.5229681978798587,0.4643356643356643,0.4742857142857143,0.4692579505300353
Edwards,World,genre,disklavier,World_03,0.9045578328794612,0.8924950150608799,0.8984859378003034,0.9777587681779298,0.9588926174496644,0.9682337992376112,0.8421727972626176,0.8259228187919463,0.833968657348581,0.7810094097519247,0.7659395973154363,0.7734011012282931,0.6856287425149701,0.6723993288590604,0.6789495976281237
Edwards,World,genre,disklavier,World_04,0.8684593728764197,0.9288066209842484,0.897619849636993,0.9463806970509384,0.9671232876712328,0.956639566395664,0.7071045576407506,0.7226027397260274,0.714769647696477,0.789544235924933,0.8068493150684931,0.7981029810298104,0.5857908847184986,0.5986301369863014,0.592140921409214
Edwards,World,genre,disklavier,World_05,0.9055573401863154,0.9789418121709658,0.9408207401078656,0.9412429378531072,0.9976047904191616,0.9686046511627906,0.7661016949152543,0.8119760479041916,0.7883720930232558,0.7570621468926554,0.8023952095808383,0.7790697674418605,0.6,0.6359281437125749,0.6174418604651163
Edwards,World,genre,disklavier,World_06,0.8904996769669561,0.9562421740160412,0.9222007359720624,0.9913978494623656,0.9956803455723542,0.9935344827586208,0.810752688172043,0.8142548596112311,0.8125,0.8258064516129032,0.8293736501079914,0.8275862068965518,0.6623655913978495,0.6652267818574514,0.6637931034482758
Edwards,World,genre,disklavier,World_07,0.9433389170316252,0.9245307276934944,0.9338401294627694,0.9231770833333334,0.9267973856209152,0.9249836921069798,0.77734375,0.7803921568627451,0.7788649706457926,0.5559895833333334,0.5581699346405229,0.5570776255707763,0.4739583333333333,0.4758169934640522,0.4748858447488583
Edwards,World,genre,disklavier,World_08,0.918066414459857,0.8846010530579181,0.901023102310231,0.9857142857142858,0.4758620689655172,0.641860465116279,0.2971428571428571,0.1434482758620689,0.1934883720930232,0.48,0.2317241379310345,0.3125581395348837,0.1342857142857142,0.0648275862068965,0.0874418604651162
Edwards,World,genre,disklavier,World_09,0.9154974906717356,0.8903179741982179,0.9027321862448554,0.9419291338582676,0.9785276073619632,0.9598796389167504,0.7746062992125984,0.8047034764826176,0.7893681043129389,0.702755905511811,0.7300613496932515,0.7161484453360081,0.5787401574803149,0.6012269938650306,0.5897693079237712
Edwards,World,genre,disklavier,World_10,0.9131642221687906,0.9686786629768024,0.9401026034543576,0.9986979166666666,0.9948119325551232,0.9967511371020144,0.8203125,0.8171206225680934,0.8187134502923977,0.7265625,0.7237354085603113,0.7251461988304092,0.6171875,0.6147859922178989,0.6159844054580897
