model,polyphony,dynamics,midiset,audioset,piece_id,p_frame,r_frame,f_frame,p_note_on,r_note_on,f_note_on,p_note_on_off,r_note_on_off,f_note_on_off,p_note_on_vel,r_note_on_vel,f_note_on_vel,p_note_on_off_vel,r_note_on_off_vel,f_note_on_off_vel
OaF,1,0,random,disklavier,RANDOM_P01_D0,0.8905833015630957,0.7866644216198013,0.8354045596781404,0.7777777777777778,0.9166666666666666,0.8415300546448087,0.5757575757575758,0.6785714285714286,0.6229508196721312,0.1818181818181818,0.2142857142857142,0.1967213114754098,0.1414141414141414,0.1666666666666666,0.1530054644808743
OaF,1,1,random,disklavier,RANDOM_P01_D1,0.846701030927835,0.6908066279754395,0.7608504330909259,0.7835051546391752,0.8941176470588236,0.8351648351648352,0.5360824742268041,0.611764705882353,0.5714285714285715,0.4845360824742268,0.5529411764705883,0.5164835164835164,0.3505154639175257,0.4,0.3736263736263736
OaF,1,2,random,disklavier,RANDOM_P01_D2,0.7419942723249154,0.7190312000672777,0.7303322798325788,0.7021276595744681,0.8354430379746836,0.7630057803468209,0.4468085106382978,0.5316455696202531,0.4855491329479768,0.4893617021276595,0.5822784810126582,0.5317919075144508,0.2978723404255319,0.3544303797468354,0.3236994219653179
OaF,2,0,random,disklavier,RANDOM_P02_D0,0.7941830624465355,0.5861604512164323,0.6744968880924127,0.8103448275862069,0.8597560975609756,0.8343195266272189,0.4540229885057471,0.4817073170731707,0.4674556213017751,0.1724137931034483,0.1829268292682926,0.1775147928994083,0.0804597701149425,0.0853658536585365,0.0828402366863905
OaF,2,1,random,disklavier,RANDOM_P02_D1,0.8710022033785138,0.5488240986158441,0.6733598306922004,0.845679012345679,0.8106508875739645,0.8277945619335346,0.4444444444444444,0.4260355029585799,0.4350453172205438,0.4691358024691358,0.4497041420118343,0.459214501510574,0.2901234567901234,0.2781065088757396,0.2839879154078549
OaF,2,2,random,disklavier,RANDOM_P02_D2,0.8030520337330044,0.5891166196708892,0.6796465333074384,0.8733333333333333,0.81875,0.8451612903225806,0.4733333333333333,0.44375,0.4580645161290322,0.6466666666666666,0.60625,0.6258064516129032,0.34,0.31875,0.3290322580645161
OaF,3,0,random,disklavier,RANDOM_P03_D0,0.8225653206650831,0.5833731083471376,0.6826223368431428,0.8861788617886179,0.8650793650793651,0.8755020080321285,0.4024390243902439,0.3928571428571428,0.3975903614457831,0.1910569105691057,0.1865079365079365,0.1887550200803213,0.089430894308943,0.0873015873015873,0.0883534136546184
OaF,3,1,random,disklavier,RANDOM_P03_D1,0.8190909902669882,0.5148887204961972,0.6323045373864792,0.8333333333333334,0.813953488372093,0.8235294117647058,0.3412698412698413,0.3333333333333333,0.3372549019607843,0.5238095238095238,0.5116279069767442,0.5176470588235295,0.2222222222222222,0.2170542635658914,0.2196078431372548
OaF,3,2,random,disklavier,RANDOM_P03_D2,0.8767972361936697,0.4841632767569084,0.6238432620011568,0.9020618556701032,0.7322175732217573,0.8083140877598152,0.3969072164948453,0.3221757322175732,0.3556581986143186,0.6443298969072165,0.5230125523012552,0.5773672055427251,0.2989690721649484,0.2426778242677824,0.2678983833718245
OaF,4,0,random,disklavier,RANDOM_P04_D0,0.7928498168498168,0.5692165278128418,0.6626743573729135,0.8545454545454545,0.834319526627219,0.844311377245509,0.3212121212121212,0.3136094674556213,0.3173652694610778,0.1575757575757575,0.1538461538461538,0.155688622754491,0.0696969696969697,0.0680473372781065,0.0688622754491018
OaF,4,1,random,disklavier,RANDOM_P04_D1,0.8570325711344754,0.4905934343434343,0.6239929338079816,0.886435331230284,0.8192419825072886,0.8515151515151516,0.334384858044164,0.3090379008746355,0.3212121212121212,0.526813880126183,0.4868804664723032,0.5060606060606061,0.2082018927444795,0.1924198250728863,0.2
OaF,4,2,random,disklavier,RANDOM_P04_D2,0.8024164111549131,0.4627707723722712,0.5870038318268601,0.918032786885246,0.6934984520123839,0.7901234567901234,0.4098360655737705,0.3095975232198142,0.3527336860670194,0.6598360655737705,0.4984520123839009,0.5679012345679012,0.3155737704918033,0.2383900928792569,0.271604938271605
OaF,5,0,random,disklavier,RANDOM_P05_D0,0.7993071823755171,0.540076785774425,0.6446056756974032,0.8774509803921569,0.850356294536817,0.8636911942098915,0.2794117647058823,0.2707838479809976,0.2750301568154403,0.1666666666666666,0.1615201900237529,0.1640530759951749,0.0661764705882353,0.0641330166270783,0.0651387213510253
OaF,5,1,random,disklavier,RANDOM_P05_D1,0.8063684336771408,0.4528753052117538,0.5800058229185762,0.8730569948186528,0.7910798122065728,0.8300492610837439,0.3005181347150259,0.272300469483568,0.2857142857142857,0.4870466321243523,0.4413145539906103,0.4630541871921182,0.1787564766839378,0.1619718309859155,0.1699507389162561
OaF,5,2,random,disklavier,RANDOM_P05_D2,0.8163825757575758,0.435455356691866,0.5679619645778661,0.9278350515463918,0.6650246305418719,0.7747489239598279,0.3848797250859107,0.2758620689655172,0.321377331420373,0.6632302405498282,0.4753694581280788,0.5538020086083213,0.3058419243986254,0.2192118226600985,0.2553802008608321
OaF,6,0,random,disklavier,RANDOM_P06_D0,0.765642867173551,0.5354387047896967,0.6301754385964912,0.8694779116465864,0.8506876227897839,0.8599801390268124,0.2449799196787148,0.2396856581532416,0.2423038728897715,0.1827309236947791,0.1787819253438114,0.1807348560079444,0.0502008032128514,0.0491159135559921,0.0496524329692154
OaF,6,1,random,disklavier,RANDOM_P06_D1,0.774309212175919,0.4332412070876415,0.5556085317692356,0.8691796008869179,0.7747035573122529,0.819226750261233,0.2505543237250554,0.2233201581027667,0.2361546499477533,0.4944567627494456,0.4407114624505929,0.4660397074190177,0.1618625277161862,0.1442687747035573,0.1525600835945663
OaF,6,2,random,disklavier,RANDOM_P06_D2,0.7995923336069982,0.3962957766241055,0.5299409904965616,0.8968481375358166,0.6374745417515275,0.7452380952380951,0.326647564469914,0.2321792260692464,0.2714285714285714,0.6504297994269341,0.4623217922606925,0.5404761904761904,0.2521489971346705,0.1792260692464358,0.2095238095238095
OaF,7,0,random,disklavier,RANDOM_P07_D0,0.7334860762479152,0.5236451543068819,0.6110522437809199,0.8615384615384616,0.8414023372287145,0.8513513513513513,0.2119658119658119,0.2070116861435726,0.2094594594594594,0.1846153846153846,0.1803005008347245,0.1824324324324324,0.0581196581196581,0.0567612687813021,0.0574324324324324
OaF,7,1,random,disklavier,RANDOM_P07_D1,0.7858366515418094,0.4082381238725195,0.5373339876212939,0.8519924098671727,0.7433774834437086,0.7939876215738285,0.2296015180265654,0.2003311258278145,0.2139699381078691,0.4459203036053131,0.3890728476821192,0.4155614500442087,0.1290322580645161,0.1125827814569536,0.1202475685234305
OaF,7,2,random,disklavier,RANDOM_P07_D2,0.7807121508811707,0.3643260791150655,0.4968110049023626,0.8905852417302799,0.6044905008635578,0.7201646090534979,0.3078880407124681,0.2089810017271157,0.2489711934156379,0.6564885496183206,0.4455958549222797,0.5308641975308641,0.2188295165394402,0.1485319516407599,0.1769547325102881
OaF,8,0,random,disklavier,RANDOM_P08_D0,0.7082543897599618,0.4996632075273117,0.5859483476811996,0.8597285067873304,0.8284883720930233,0.843819393042191,0.196078431372549,0.188953488372093,0.1924500370096225,0.1779788838612368,0.1715116279069767,0.1746854182087343,0.0497737556561085,0.0479651162790697,0.0488527017024426
OaF,8,1,random,disklavier,RANDOM_P08_D1,0.7408616065567621,0.4156530156993139,0.5325334501701999,0.864406779661017,0.7285714285714285,0.7906976744186046,0.2050847457627118,0.1728571428571428,0.1875968992248062,0.4915254237288136,0.4142857142857143,0.4496124031007752,0.1254237288135593,0.1057142857142857,0.1147286821705426
OaF,8,2,random,disklavier,RANDOM_P08_D2,0.7282284203343569,0.3593858522930566,0.4812643564775017,0.9077669902912622,0.56071964017991,0.6932344763670066,0.3228155339805825,0.1994002998500749,0.2465245597775718,0.6432038834951457,0.3973013493253373,0.4911955514365153,0.2305825242718446,0.1424287856071964,0.1760889712696941
OaF,9,0,random,disklavier,RANDOM_P09_D0,0.6737311351297505,0.5059614539401703,0.5779166332879382,0.8732970027247956,0.8281653746770026,0.850132625994695,0.1920980926430517,0.1821705426356589,0.1870026525198939,0.1825613079019073,0.1731266149870801,0.1777188328912466,0.0245231607629427,0.0232558139534883,0.0238726790450928
OaF,9,1,random,disklavier,RANDOM_P09_D1,0.7376212611156022,0.4095933712404608,0.5267101212237829,0.8580060422960725,0.7235668789808917,0.7850725639253628,0.2039274924471299,0.1719745222929936,0.1865929509329647,0.459214501510574,0.3872611464968153,0.4201796821008984,0.1178247734138972,0.0993630573248407,0.1078092605390463
OaF,9,2,random,disklavier,RANDOM_P09_D2,0.7529160768049767,0.3531309617326899,0.4807715568004584,0.8872340425531915,0.5515873015873016,0.6802610114192496,0.2914893617021276,0.1812169312169312,0.2234910277324633,0.6340425531914894,0.3941798941798942,0.4861337683523655,0.202127659574468,0.1256613756613756,0.1549755301794453
OaF,10,0,random,disklavier,RANDOM_P10_D0,0.6958780456271083,0.4982956984269928,0.5807413510676906,0.8762376237623762,0.8213457076566125,0.8479041916167664,0.1806930693069307,0.1693735498839907,0.1748502994011976,0.1745049504950495,0.1635730858468677,0.1688622754491018,0.0334158415841584,0.031322505800464,0.0323353293413173
OaF,10,1,random,disklavier,RANDOM_P10_D1,0.6740430782436093,0.423015091449301,0.5198090716808622,0.8478561549100968,0.696590909090909,0.7648159700561448,0.1936376210235131,0.1590909090909091,0.1746724890829694,0.4619640387275242,0.3795454545454545,0.4167186525265128,0.1217150760719225,0.1,0.1097941359950093
OaF,10,2,random,disklavier,RANDOM_P10_D2,0.7447332115291397,0.3362231499562319,0.4632870579775698,0.8715953307392996,0.5352449223416965,0.6632124352331606,0.2665369649805447,0.1636798088410991,0.2028127313101406,0.6264591439688716,0.3847072879330944,0.4766839378238341,0.1964980544747081,0.1206690561529271,0.1495188749074759
OaF,11,0,random,disklavier,RANDOM_P11_D0,0.6511903058060207,0.5222528313437405,0.5796377688600123,0.8629385964912281,0.8232217573221757,0.8426124197002142,0.1644736842105263,0.1569037656903765,0.1605995717344754,0.175438596491228,0.1673640167364016,0.171306209850107,0.0230263157894736,0.0219665271966527,0.0224839400428265
OaF,11,1,random,disklavier,RANDOM_P11_D1,0.648356956864963,0.4210059216868391,0.5105135472379035,0.8605898123324397,0.6632231404958677,0.7491248541423571,0.2010723860589812,0.1549586776859504,0.1750291715285881,0.470509383378016,0.3626033057851239,0.4095682613768961,0.1099195710455764,0.0847107438016528,0.0956826137689614
OaF,11,2,random,disklavier,RANDOM_P11_D2,0.75722761596548,0.3223428925676762,0.4521926787238497,0.8698752228163993,0.5264293419633226,0.6559139784946236,0.2709447415329768,0.1639697950377562,0.2043010752688172,0.6149732620320856,0.372168284789644,0.4637096774193548,0.1978609625668449,0.1197411003236245,0.1491935483870967
OaF,12,0,random,disklavier,RANDOM_P12_D0,0.5980314607474578,0.5143534461596729,0.5530451570088384,0.861336032388664,0.8127984718242598,0.8363636363636362,0.1548582995951417,0.1461318051575931,0.1503685503685503,0.1761133603238866,0.166189111747851,0.171007371007371,0.0222672064777327,0.0210124164278892,0.0216216216216216
OaF,12,1,random,disklavier,RANDOM_P12_D1,0.6455114012462624,0.3967244160763133,0.4914245499409189,0.8580246913580247,0.6581439393939394,0.744908896034298,0.1765432098765432,0.1354166666666666,0.1532690246516612,0.4518518518518518,0.3465909090909091,0.3922829581993569,0.091358024691358,0.0700757575757575,0.0793140407288317
OaF,12,2,random,disklavier,RANDOM_P12_D2,0.7490151358075886,0.3040419697150351,0.4325160260407572,0.8690476190476191,0.503448275862069,0.6375545851528385,0.2431972789115646,0.1408866995073891,0.1784154709918902,0.6224489795918368,0.3605911330049261,0.4566437928883343,0.1785714285714285,0.1034482758620689,0.131004366812227
OaF,13,0,random,disklavier,RANDOM_P13_D0,0.5326615705350938,0.5260775820205513,0.5293491043302918,0.8293577981651377,0.7936786654960492,0.8111260655002244,0.1348623853211009,0.1290605794556628,0.1318977119784656,0.1660550458715596,0.1589113257243195,0.1624046657694033,0.0348623853211009,0.0333625987708516,0.0340960071781067
OaF,13,1,random,disklavier,RANDOM_P13_D1,0.6522860987843805,0.3797600315986454,0.4800409249028033,0.8547619047619047,0.6281714785651793,0.724155320221886,0.1523809523809524,0.1119860017497812,0.1290973272818961,0.4357142857142857,0.3202099737532808,0.3691376701966717,0.0833333333333333,0.0612423447069116,0.0706001008572869
OaF,13,2,random,disklavier,RANDOM_P13_D2,0.7476211412241309,0.3082605514803472,0.4365301659920327,0.8446909667194928,0.4836660617059891,0.6151182919792268,0.2266244057052298,0.1297640653357532,0.1650317368724755,0.595879556259905,0.3411978221415608,0.4339296018465089,0.1695721077654516,0.0970961887477313,0.1234852856318522
OaF,14,0,random,disklavier,RANDOM_P14_D0,0.5689256377732709,0.5041958714548493,0.534608532702745,0.8407310704960835,0.7885714285714286,0.8138163437236731,0.144473455178416,0.1355102040816326,0.1398483572030328,0.1662315056570931,0.1559183673469387,0.1609098567818028,0.0295909486510008,0.0277551020408163,0.0286436394271272
OaF,14,1,random,disklavier,RANDOM_P14_D1,0.6120470453787915,0.3865511848911344,0.4738392346966988,0.8225108225108225,0.6104417670682731,0.7007837713231905,0.158008658008658,0.1172690763052208,0.1346242508068234,0.4329004329004329,0.321285140562249,0.3688335638543107,0.0854978354978355,0.0634538152610441,0.0728446288612263
OaF,14,2,random,disklavier,RANDOM_P14_D2,0.7456650086002511,0.2892765681170572,0.416841722287432,0.8516320474777448,0.4791318864774624,0.6132478632478633,0.2002967359050445,0.1126878130217028,0.1442307692307692,0.5741839762611276,0.3230383973288814,0.4134615384615384,0.1468842729970326,0.0826377295492487,0.1057692307692307
OaF,15,0,random,disklavier,RANDOM_P15_D0,0.4756660449899455,0.5123563476387143,0.4933299474284232,0.8319672131147541,0.7660377358490567,0.7976424361493125,0.1245901639344262,0.1147169811320754,0.1194499017681729,0.1745901639344262,0.160754716981132,0.1673870333988212,0.0360655737704918,0.0332075471698113,0.0345776031434184
OaF,15,1,random,disklavier,RANDOM_P15_D1,0.6254114791180094,0.3817691962281095,0.4741211652272109,0.8450106157112527,0.5958083832335329,0.6988586479367865,0.1740976645435244,0.122754491017964,0.1439859525899912,0.440552016985138,0.3106287425149701,0.3643546971027217,0.0955414012738853,0.0673652694610778,0.0790166812993854
OaF,15,2,random,disklavier,RANDOM_P15_D2,0.7423186008035926,0.28194396130929,0.4086691334932704,0.8535564853556485,0.4770070148090413,0.612,0.203626220362622,0.1137957911145752,0.146,0.5801952580195258,0.3242400623538581,0.416,0.1436541143654114,0.0802805923616523,0.103
OaF,16,0,random,disklavier,RANDOM_P16_D0,0.4528177715697862,0.5321348527415638,0.4892826563338993,0.8095238095238095,0.7595744680851064,0.7837541163556532,0.128495842781557,0.1205673758865248,0.1244054152945481,0.1655328798185941,0.1553191489361702,0.1602634467618002,0.0256991685563114,0.0241134751773049,0.0248810830589096
OaF,16,1,random,disklavier,RANDOM_P16_D1,0.3414068347830576,0.5566503240467974,0.4232341412686985,0.802943581357318,0.6871938418474458,0.7405731523378583,0.0915780866721177,0.0783764870538838,0.0844645550527903,0.2117743254292722,0.1812456263121063,0.1953242835595776,0.0220768601798855,0.0188943317004898,0.0203619909502262
OaF,16,2,random,disklavier,RANDOM_P16_D2,0.7209060877772534,0.2813466922056873,0.4047373022812177,0.8342036553524804,0.463379260333575,0.5958041958041959,0.1906005221932115,0.1058738216098622,0.1361305361305361,0.5574412532637075,0.3096446700507614,0.3981351981351981,0.1409921671018277,0.0783176214648295,0.1006993006993006
OaF,17,0,random,disklavier,RANDOM_P17_D0,0.5122241812512911,0.5278868386004347,0.5199375807670739,0.8224163027656477,0.7538358905937291,0.7866341802993387,0.1411935953420669,0.1294196130753835,0.1350504698920988,0.1652110625909752,0.1514342895263509,0.1580229725026105,0.0262008733624454,0.0240160106737825,0.0250609119387399
OaF,17,1,random,disklavier,RANDOM_P17_D1,0.5841051304695697,0.3832219085821819,0.4628049746869889,0.8397737983034873,0.5842622950819673,0.6890951276102089,0.1508011310084825,0.1049180327868852,0.1237432327919566,0.4476908576814326,0.3114754098360656,0.3673627223511215,0.0706880301602262,0.0491803278688524,0.0580046403712296
OaF,17,2,random,disklavier,RANDOM_P17_D2,0.703244523239812,0.2808681098853215,0.4014153530421244,0.8253968253968254,0.4620642515379357,0.5924627519719543,0.1733821733821733,0.0970608339029391,0.1244522348816827,0.5714285714285714,0.3198906356801094,0.4101665205959685,0.1221001221001221,0.0683526999316473,0.0876424189307625
OaF,18,0,random,disklavier,RANDOM_P18_D0,0.4285212871619855,0.53679208217179,0.476584788521833,0.8338008415147266,0.7435897435897436,0.7861157024793389,0.1164095371669004,0.1038148843026891,0.1097520661157024,0.1626928471248246,0.1450906816760475,0.1533884297520661,0.0245441795231416,0.0218886804252657,0.0231404958677685
OaF,18,1,random,disklavier,RANDOM_P18_D1,0.4709224463292886,0.3798256770911267,0.420496812417981,0.8431372549019608,0.5608695652173913,0.6736292428198434,0.1419234360410831,0.0944099378881987,0.113390525923163,0.4397759103641456,0.2925465838509317,0.3513614323013801,0.0793650793650793,0.0527950310559006,0.0634091756807161
OaF,18,2,random,disklavier,RANDOM_P18_D2,0.7113611402007611,0.2604968525810706,0.3813465330266185,0.831764705882353,0.4520460358056266,0.5857497928748964,0.1729411764705882,0.0939897698209718,0.1217895608947804,0.548235294117647,0.2979539641943734,0.3860811930405964,0.1141176470588235,0.0620204603580562,0.08036454018227
OaF,19,0,random,disklavier,RANDOM_P19_D0,0.4447809725622009,0.5393977793334456,0.487541248838625,0.7966751918158568,0.7364066193853428,0.7653562653562653,0.1035805626598465,0.0957446808510638,0.0995085995085995,0.1585677749360614,0.1465721040189125,0.1523341523341523,0.0217391304347826,0.0200945626477541,0.0208845208845208
OaF,19,1,random,disklavier,RANDOM_P19_D1,0.6235100799529112,0.3379175287878318,0.4382960994181453,0.8268359020852222,0.5355255431591309,0.6500356379187455,0.1368993653671804,0.0886670581327069,0.1076265146115466,0.4351767905711695,0.2818555490311215,0.3421240199572344,0.0616500453309156,0.0399295361127422,0.0484675694939415
OaF,19,2,random,disklavier,RANDOM_P19_D2,0.708865622898857,0.26152708072168,0.3820876976692262,0.8400460299194477,0.4400241109101868,0.5775316455696202,0.1714614499424626,0.0898131404460518,0.117879746835443,0.57307249712313,0.3001808318264014,0.3939873417721518,0.1219792865362485,0.0638939119951778,0.0838607594936708
OaF,20,0,random,disklavier,RANDOM_P20_D0,0.4745635647322038,0.5115901217730972,0.4923817356111829,0.8218649517684887,0.7171717171717171,0.7659574468085106,0.1260450160771704,0.1099887766554433,0.1174707821396464,0.1530546623794212,0.1335578002244669,0.142643092598142,0.0199356913183279,0.0173961840628507,0.0185795624812706
OaF,20,1,random,disklavier,RANDOM_P20_D1,0.5529885218832935,0.34815528750242,0.427292238634045,0.8146513680494263,0.511924570160843,0.6287465940054496,0.1385701676963812,0.0870770937326677,0.1069482288828337,0.4307149161518093,0.2706600110926234,0.332425068119891,0.0803177405119152,0.050471436494731,0.0619891008174386
OaF,20,2,random,disklavier,RANDOM_P20_D2,0.6854746519379565,0.2397547107076267,0.3552541315871531,0.744343891402715,0.3732274532047646,0.4971666037023045,0.1414027149321267,0.0709018718094157,0.0944465432565168,0.5180995475113123,0.2597844583096994,0.3460521344918775,0.0927601809954751,0.0465116279069767,0.061956932376275
OaF,21,0,random,disklavier,RANDOM_P21_D0,0.432771512686397,0.5250210446145829,0.4744537842522508,0.8263058527375708,0.698404255319149,0.7569904871720957,0.1101321585903083,0.0930851063829787,0.1008936292879792,0.1680302076777847,0.1420212765957446,0.1539348515422311,0.0213971050975456,0.0180851063829787,0.0196021908330931
OaF,21,1,random,disklavier,RANDOM_P21_D1,0.5524143397146689,0.3632183631582323,0.4382696940088421,0.808242220353238,0.5065893516078018,0.6228127025275438,0.1185870479394449,0.0743278861360042,0.0913804277381723,0.4465937762825904,0.2799156562994201,0.3441348023331173,0.0723296888141295,0.0453347390616763,0.0557355800388852
OaF,21,2,random,disklavier,RANDOM_P21_D2,0.6571404169913847,0.2467421062969242,0.3587727529710732,0.7408993576017131,0.3730458221024259,0.4962352097525995,0.1413276231263383,0.0711590296495956,0.0946575833632126,0.5096359743040685,0.2566037735849056,0.3413409824309788,0.0985010706638115,0.0495956873315363,0.0659734671925421
OaF,22,0,random,disklavier,RANDOM_P22_D0,0.4341386284476928,0.5232533666007186,0.4745485654393569,0.8223289315726291,0.6933198380566802,0.7523338824821527,0.1050420168067226,0.0885627530364372,0.0961010433827567,0.1644657863145258,0.138663967611336,0.1504667764964305,0.0192076830732292,0.0161943319838056,0.0175727622185612
OaF,22,1,random,disklavier,RANDOM_P22_D1,0.4595367497199933,0.3830738972051306,0.4178360059099977,0.8220198675496688,0.4992458521870286,0.6212073819205506,0.1241721854304635,0.0754147812971342,0.093837973099781,0.4246688741721854,0.2579185520361991,0.3209258680012511,0.0662251655629139,0.0402212166918049,0.0500469189865499
OaF,22,2,random,disklavier,RANDOM_P22_D2,0.6479743782527608,0.253949241531326,0.3648925436245116,0.7656090071647902,0.3816326530612245,0.5093632958801498,0.150460593654043,0.075,0.1001021450459652,0.5087001023541453,0.2535714285714285,0.3384405856315968,0.0992835209825998,0.0494897959183673,0.066053796390875
OaF,23,0,random,disklavier,RANDOM_P23_D0,0.4634022017595541,0.5123584650178954,0.4866522065571035,0.822637106184364,0.6805019305019305,0.7448494453248812,0.1137689614935822,0.0941119691119691,0.1030110935023771,0.1651108518086347,0.1365830115830116,0.1494981510829371,0.014585764294049,0.012065637065637,0.0132065504490227
OaF,23,1,random,disklavier,RANDOM_P23_D1,0.6097547211072469,0.3163490500781384,0.4165738933468276,0.8220198675496688,0.4780934039480019,0.6045662100456621,0.1274834437086092,0.0741454020221473,0.0937595129375951,0.4354304635761589,0.2532498796340876,0.3202435312024352,0.0736754966887417,0.0428502648050072,0.0541856925418569
OaF,23,2,random,disklavier,RANDOM_P23_D2,0.6904016913319239,0.2390743336981628,0.3551620911016431,0.765,0.3720817120622568,0.50065445026178,0.137,0.0666342412451361,0.0896596858638743,0.513,0.2495136186770428,0.3357329842931937,0.092,0.0447470817120622,0.0602094240837696
OaF,24,0,random,disklavier,RANDOM_P24_D0,0.4577721052348211,0.5069319014768651,0.4810994504744692,0.8314220183486238,0.6712962962962963,0.742827868852459,0.1141055045871559,0.0921296296296296,0.1019467213114754,0.169151376146789,0.136574074074074,0.1511270491803278,0.0194954128440367,0.0157407407407407,0.0174180327868852
OaF,24,1,random,disklavier,RANDOM_P24_D1,0.4817343313936559,0.377157787675797,0.4230795710938837,0.81656346749226,0.4888785912882298,0.6115942028985507,0.109907120743034,0.0658016682113067,0.0823188405797101,0.4086687306501548,0.2446709916589434,0.3060869565217392,0.0557275541795665,0.0333642261353104,0.0417391304347826
OaF,24,2,random,disklavier,RANDOM_P24_D2,0.7197129123009104,0.2279280227296643,0.3462128639017944,0.7638623326959847,0.3724941724941725,0.5007834534628643,0.150095602294455,0.0731934731934731,0.0984017549357568,0.5124282982791587,0.2498834498834498,0.3359448448762143,0.1032504780114722,0.0503496503496503,0.067690379191476
Kong,1,0,random,disklavier,RANDOM_P01_D0,0.7607528755663995,0.9187573665600268,0.8323227700873279,0.8144329896907216,0.9404761904761904,0.8729281767955801,0.6288659793814433,0.7261904761904762,0.6740331491712707,0.1546391752577319,0.1785714285714285,0.1657458563535911,0.1546391752577319,0.1785714285714285,0.1657458563535911
Kong,1,1,random,disklavier,RANDOM_P01_D1,0.7949120838009727,0.8935991252418202,0.8413716638948284,0.8571428571428571,0.9176470588235294,0.8863636363636362,0.6593406593406593,0.7058823529411765,0.6818181818181818,0.5274725274725275,0.5647058823529412,0.5454545454545454,0.4395604395604395,0.4705882352941176,0.4545454545454545
Kong,1,2,random,disklavier,RANDOM_P01_D2,0.7654430789133247,0.7961483474896981,0.7804938373387197,0.8072289156626506,0.8481012658227848,0.8271604938271606,0.6024096385542169,0.6329113924050633,0.6172839506172839,0.5783132530120482,0.6075949367088608,0.5925925925925926,0.4578313253012048,0.4810126582278481,0.4691358024691358
Kong,2,0,random,disklavier,RANDOM_P02_D0,0.7389875362813727,0.728722956477818,0.7338193531979825,0.7772020725388601,0.9146341463414634,0.8403361344537815,0.4818652849740932,0.5670731707317073,0.5210084033613445,0.1450777202072538,0.1707317073170731,0.1568627450980392,0.0984455958549222,0.1158536585365853,0.1064425770308123
Kong,2,1,random,disklavier,RANDOM_P02_D1,0.7464112488364117,0.6409609154781438,0.6896785875961974,0.8263473053892215,0.8165680473372781,0.8214285714285715,0.4311377245508982,0.4260355029585799,0.4285714285714285,0.5089820359281437,0.5029585798816568,0.5059523809523809,0.281437125748503,0.2781065088757396,0.2797619047619047
Kong,2,2,random,disklavier,RANDOM_P02_D2,0.8139404159640248,0.6703421573166113,0.7351950150011539,0.8701298701298701,0.8375,0.8535031847133757,0.5194805194805194,0.5,0.5095541401273885,0.6103896103896104,0.5875,0.5987261146496815,0.3961038961038961,0.38125,0.3885350318471337
Kong,3,0,random,disklavier,RANDOM_P03_D0,0.7119738264247948,0.6843080551422074,0.6978668575518969,0.8115942028985508,0.8888888888888888,0.8484848484848485,0.4420289855072464,0.4841269841269841,0.4621212121212121,0.1594202898550724,0.1746031746031746,0.1666666666666666,0.0942028985507246,0.1031746031746031,0.0984848484848485
Kong,3,1,random,disklavier,RANDOM_P03_D1,0.7348447672326365,0.630406107041621,0.6786307743436357,0.7934782608695652,0.8488372093023255,0.8202247191011235,0.3840579710144927,0.4108527131782946,0.3970037453183521,0.5,0.5348837209302325,0.5168539325842696,0.2572463768115942,0.2751937984496124,0.2659176029962546
Kong,3,2,random,disklavier,RANDOM_P03_D2,0.7769659292749879,0.5399635292467386,0.6371385537183244,0.848780487804878,0.7280334728033473,0.7837837837837837,0.4146341463414634,0.3556485355648535,0.3828828828828829,0.6536585365853659,0.5606694560669456,0.6036036036036037,0.3317073170731707,0.2845188284518828,0.3063063063063063
Kong,4,0,random,disklavier,RANDOM_P04_D0,0.7122942014140455,0.5998274846419255,0.6512408775796892,0.8126721763085399,0.8727810650887574,0.8416547788873039,0.3443526170798898,0.3698224852071006,0.3566333808844507,0.1597796143250688,0.1715976331360946,0.1654778887303851,0.0798898071625344,0.0857988165680473,0.0827389443651925
Kong,4,1,random,disklavier,RANDOM_P04_D1,0.705629045150976,0.5758627946127947,0.6341757337690178,0.7570332480818415,0.8629737609329446,0.8065395095367849,0.3145780051150895,0.358600583090379,0.335149863760218,0.4833759590792839,0.5510204081632653,0.5149863760217983,0.227621483375959,0.2594752186588921,0.2425068119891008
Kong,4,2,random,disklavier,RANDOM_P04_D2,0.7598083258460617,0.5340715323242743,0.6272483404002819,0.8181818181818182,0.7523219814241486,0.7838709677419355,0.3838383838383838,0.3529411764705882,0.3677419354838709,0.5892255892255892,0.541795665634675,0.5645161290322581,0.2996632996632997,0.2755417956656347,0.2870967741935484
Kong,5,0,random,disklavier,RANDOM_P05_D0,0.7391676473734888,0.5817027582258445,0.6510492739420096,0.8008658008658008,0.8788598574821853,0.8380520951302377,0.2987012987012987,0.3277909738717339,0.3125707814269535,0.1385281385281385,0.1520190023752969,0.1449603624009059,0.0670995670995671,0.0736342042755344,0.0702151755379388
Kong,5,1,random,disklavier,RANDOM_P05_D1,0.7217632104594153,0.5354550812494737,0.6148045745884126,0.7931034482758621,0.863849765258216,0.8269662921348314,0.2887931034482758,0.3145539906103286,0.3011235955056179,0.5107758620689655,0.5563380281690141,0.5325842696629214,0.1875,0.204225352112676,0.1955056179775281
Kong,5,2,random,disklavier,RANDOM_P05_D2,0.7676127214170693,0.5136632263061304,0.6154715192107891,0.7874015748031497,0.7389162561576355,0.7623888182973316,0.3333333333333333,0.312807881773399,0.3227445997458704,0.5590551181102362,0.5246305418719212,0.5412960609911054,0.2572178477690289,0.2413793103448276,0.2490470139771283
Kong,6,0,random,disklavier,RANDOM_P06_D0,0.6873645091359554,0.5604955245657847,0.6174806800618238,0.7982142857142858,0.8781925343811395,0.8362956033676333,0.2482142857142857,0.2730844793713163,0.2600561272217025,0.1464285714285714,0.1611001964636542,0.1534144059869036,0.0607142857142857,0.0667976424361493,0.0636108512628624
Kong,6,1,random,disklavier,RANDOM_P06_D1,0.6682675689934326,0.5153551536918307,0.5819339712312274,0.7421602787456446,0.841897233201581,0.788888888888889,0.2386759581881533,0.2707509881422925,0.2537037037037037,0.4547038327526132,0.5158102766798419,0.4833333333333333,0.156794425087108,0.1778656126482213,0.1666666666666666
Kong,6,2,random,disklavier,RANDOM_P06_D2,0.7408587653715734,0.5088817174126561,0.6033404311951025,0.7724288840262582,0.7189409368635438,0.7447257383966244,0.3041575492341357,0.2830957230142566,0.2932489451476793,0.5557986870897156,0.5173116089613035,0.5358649789029536,0.2275711159737418,0.2118126272912423,0.2194092827004219
Kong,7,0,random,disklavier,RANDOM_P07_D0,0.577969893274922,0.5966131864431241,0.5871435842200575,0.7814871016691958,0.8597662771285476,0.8187599364069954,0.2109256449165402,0.2320534223706176,0.2209856915739269,0.1532625189681335,0.1686143572621035,0.1605723370429252,0.0440060698027314,0.0484140233722871,0.0461049284578696
Kong,7,1,random,disklavier,RANDOM_P07_D1,0.6343723287336671,0.4998075766686711,0.5591072365500263,0.7569230769230769,0.8145695364238411,0.784688995215311,0.2169230769230769,0.2334437086092715,0.2248803827751196,0.4476923076923076,0.4817880794701987,0.4641148325358851,0.1307692307692307,0.140728476821192,0.1355661881977671
Kong,7,2,random,disklavier,RANDOM_P07_D2,0.7261802738578148,0.4584706023806661,0.5620766662490142,0.7971602434077079,0.6787564766839378,0.7332089552238806,0.2839756592292089,0.2417962003454231,0.2611940298507462,0.59026369168357,0.5025906735751295,0.5429104477611941,0.2251521298174442,0.1917098445595854,0.2070895522388059
Kong,8,0,random,disklavier,RANDOM_P08_D0,0.5773835523964579,0.6121308438756394,0.5942496909259959,0.7477820025348543,0.8575581395348837,0.7989167230873393,0.1901140684410646,0.2180232558139535,0.2031144211238997,0.1520912547528517,0.1744186046511628,0.1624915368991198,0.0430925221799746,0.0494186046511627,0.0460392687880839
Kong,8,1,random,disklavier,RANDOM_P08_D1,0.6263688073157834,0.5109958331579612,0.5628306686678217,0.7716643741403026,0.8014285714285714,0.7862648913805186,0.2200825309491059,0.2285714285714285,0.2242466713384723,0.4649243466299862,0.4828571428571429,0.4737210932025228,0.1361760660247593,0.1414285714285714,0.1387526278906797
Kong,8,2,random,disklavier,RANDOM_P08_D2,0.7100842481490937,0.4390482604760802,0.5426027922825317,0.8188539741219963,0.664167916041979,0.7334437086092715,0.2643253234750462,0.2143928035982009,0.2367549668874172,0.5748613678373382,0.4662668665667166,0.5149006622516555,0.2014787430683918,0.1634182908545727,0.1804635761589403
Kong,9,0,random,disklavier,RANDOM_P09_D0,0.5154476816897494,0.624367618317327,0.5647034942973979,0.7604651162790698,0.8449612403100775,0.8004895960832313,0.1848837209302325,0.2054263565891473,0.1946144430844553,0.1651162790697674,0.1834625322997416,0.1738066095471236,0.0360465116279069,0.0400516795865633,0.0379436964504283
Kong,9,1,random,disklavier,RANDOM_P09_D1,0.6153792167688205,0.4920133173724375,0.5468246544018294,0.7643391521197007,0.780891719745223,0.7725267800882167,0.1920199501246882,0.1961783439490446,0.1940768746061751,0.4339152119700748,0.443312101910828,0.4385633270321361,0.1221945137157107,0.1248407643312101,0.1235034656584751
Kong,9,2,random,disklavier,RANDOM_P09_D2,0.650650289017341,0.4210619833165002,0.5112642790634296,0.7843137254901961,0.6349206349206349,0.7017543859649124,0.2140522875816993,0.1732804232804232,0.1915204678362573,0.553921568627451,0.4484126984126984,0.4956140350877193,0.15359477124183,0.1243386243386243,0.1374269005847953
Kong,10,0,random,disklavier,RANDOM_P10_D0,0.4310337217514124,0.657515338714157,0.5207138453335111,0.7562240663900415,0.845707656612529,0.7984665936473165,0.1576763485477178,0.1763341067285382,0.1664841182913472,0.1421161825726141,0.1589327146171693,0.1500547645125958,0.0269709543568464,0.0301624129930394,0.0284775465498357
Kong,10,1,random,disklavier,RANDOM_P10_D1,0.550140056022409,0.5207181274145898,0.535024906600249,0.7615298087739033,0.7693181818181818,0.7654041831543245,0.1597300337457818,0.1613636363636363,0.1605426794799322,0.4116985376827896,0.4159090909090909,0.4137931034482758,0.0911136107986501,0.0920454545454545,0.0915771622385528
Kong,10,2,random,disklavier,RANDOM_P10_D2,0.6595405318464508,0.4141724462999124,0.5088203664639946,0.7766116941529235,0.6188769414575866,0.6888297872340425,0.2218890554722638,0.1768219832735962,0.1968085106382978,0.5592203898050975,0.4456391875746714,0.4960106382978723,0.1634182908545727,0.1302270011947431,0.1449468085106383
Kong,11,0,random,disklavier,RANDOM_P11_D0,0.4053844330965137,0.6676155494337312,0.5044565805032192,0.7704761904761904,0.8462343096234309,0.8065802592223329,0.1352380952380952,0.1485355648535564,0.1415752741774676,0.1447619047619047,0.1589958158995816,0.1515453639082752,0.0219047619047619,0.0240585774058577,0.0229312063808574
Kong,11,1,random,disklavier,RANDOM_P11_D1,0.581924334828361,0.5132052086361758,0.5454087170751736,0.77491961414791,0.746900826446281,0.7606522882693321,0.1704180064308681,0.1642561983471074,0.1672803787480273,0.390139335476956,0.3760330578512397,0.3829563387690688,0.082529474812433,0.0795454545454545,0.0810099947396107
Kong,11,2,random,disklavier,RANDOM_P11_D2,0.6836956660009413,0.4113455636427647,0.5136522196205859,0.7856154910096819,0.6127292340884574,0.6884848484848485,0.2213001383125864,0.1725997842502697,0.1939393939393939,0.5491009681881052,0.4282632146709816,0.4812121212121212,0.1604426002766251,0.1251348435814455,0.1406060606060606
Kong,12,0,random,disklavier,RANDOM_P12_D0,0.3590132215414382,0.7027472488935959,0.4752400579601536,0.7569686411149826,0.8299904489016237,0.7917995444191344,0.1080139372822299,0.1184336198662846,0.1129840546697038,0.151567944250871,0.166189111747851,0.1585421412300683,0.024390243902439,0.0267430754536771,0.0255125284738041
Kong,12,1,random,disklavier,RANDOM_P12_D1,0.5257601994874281,0.5323981202216455,0.5290583397225901,0.7863590772316951,0.7424242424242424,0.7637603507062835,0.1664994984954864,0.1571969696969697,0.1617145640526059,0.4032096288866599,0.3806818181818182,0.39162201656113,0.0772316950852557,0.0729166666666666,0.0750121773015099
Kong,12,2,random,disklavier,RANDOM_P12_D2,0.648364563698858,0.410130524130482,0.5024380394296492,0.7708333333333334,0.5832512315270936,0.6640493550196298,0.2161458333333333,0.1635467980295566,0.1862030286034773,0.5286458333333334,0.4,0.4554122265844083,0.15625,0.1182266009852216,0.1346045989904655
Kong,13,0,random,disklavier,RANDOM_P13_D0,0.3271132251348125,0.7293758862492958,0.4516629578396584,0.7184841453982985,0.8156277436347673,0.7639802631578947,0.0989945862335653,0.112379280070237,0.1052631578947368,0.1361175560711523,0.1545215100965759,0.1447368421052631,0.0216550657385924,0.0245829675153643,0.0230263157894736
Kong,13,1,random,disklavier,RANDOM_P13_D1,0.4743862889184333,0.5521928035380123,0.5103409893358547,0.7555555555555555,0.7139107611548556,0.7341430499325237,0.1472222222222222,0.1391076115485564,0.1430499325236167,0.3685185185185185,0.3482064741907261,0.3580746738641475,0.0685185185185185,0.0647419072615923,0.0665766981556455
Kong,13,2,random,disklavier,RANDOM_P13_D2,0.6289197895852873,0.3994121341214707,0.4885546963163584,0.7527010804321729,0.5689655172413793,0.648062015503876,0.1908763505402161,0.1442831215970962,0.1643410852713178,0.5342136854741897,0.4038112522686025,0.4599483204134366,0.1404561824729892,0.1061705989110707,0.1209302325581395
Kong,14,0,random,disklavier,RANDOM_P14_D0,0.3012560221862547,0.7653077172776128,0.4323296398045361,0.7247639796659404,0.8146938775510204,0.7671022290545734,0.0871459694989106,0.0979591836734693,0.0922367409684857,0.1416122004357298,0.1591836734693877,0.1498847040737894,0.0152505446623093,0.0171428571428571,0.016141429669485
Kong,14,1,random,disklavier,RANDOM_P14_D1,0.4362749466475927,0.5594610850475159,0.4902481124741412,0.7723132969034608,0.6811244979919678,0.7238583013230899,0.1293260473588342,0.1140562248995984,0.1212121212121212,0.3688524590163934,0.3253012048192771,0.3457106274007682,0.0519125683060109,0.0457831325301204,0.0486555697823303
Kong,14,2,random,disklavier,RANDOM_P14_D2,0.5982798931195725,0.3876558498551212,0.470470214861562,0.7405714285714285,0.5409015025041736,0.6251808972503617,0.1725714285714285,0.1260434056761268,0.1456825856246985,0.5154285714285715,0.3764607679465776,0.4351181862035697,0.1268571428571428,0.0926544240400667,0.1070911722141823
Kong,15,0,random,disklavier,RANDOM_P15_D0,0.3164649052013521,0.7591353923505118,0.4467081508288852,0.7039947609692206,0.8113207547169812,0.7538569424964936,0.0818598559266535,0.0943396226415094,0.0876577840112202,0.1414538310412573,0.1630188679245283,0.1514726507713885,0.0137524557956778,0.0158490566037735,0.0147265077138849
Kong,15,1,random,disklavier,RANDOM_P15_D1,0.485293966834511,0.531224741805119,0.5072216773585007,0.7320099255583127,0.6624251497005988,0.6954813359528487,0.129859387923904,0.1175149700598802,0.1233791748526522,0.369727047146402,0.3345808383233533,0.3512770137524558,0.0620347394540942,0.0561377245508982,0.0589390962671905
Kong,15,2,random,disklavier,RANDOM_P15_D2,0.5726922755042263,0.3839390913069336,0.4596942134325751,0.7250530785562632,0.5323460639127046,0.6139325842696629,0.1507430997876857,0.1106780982073265,0.1276404494382022,0.5010615711252654,0.367887763055339,0.4242696629213482,0.1061571125265392,0.0779423226812159,0.0898876404494382
Kong,16,0,random,disklavier,RANDOM_P16_D0,0.3005118440718219,0.7722202931489841,0.4326547816962022,0.70130678282514,0.799290780141844,0.7470997679814385,0.0815183571873055,0.0929078014184397,0.0868412330129267,0.1393901680149346,0.1588652482269503,0.148491879350348,0.013690105787181,0.0156028368794326,0.0145840238647663
Kong,16,1,random,disklavier,RANDOM_P16_D1,0.2365229434863416,0.8013319585893444,0.3652406385057574,0.7347795661301609,0.7347795661301609,0.7347795661301609,0.0643806857942617,0.0643806857942617,0.0643806857942617,0.198740377886634,0.198740377886634,0.198740377886634,0.0216934919524142,0.0216934919524142,0.0216934919524142
Kong,16,2,random,disklavier,RANDOM_P16_D2,0.5975077932597508,0.3842850828264118,0.4677429168921753,0.732994923857868,0.52356780275562,0.6108291032148899,0.1512690355329949,0.1080493110949963,0.126057529610829,0.5106598984771573,0.3647570703408266,0.4255499153976311,0.1065989847715736,0.0761421319796954,0.0888324873096446
Kong,17,0,random,disklavier,RANDOM_P17_D0,0.2997368147987435,0.7865945132366556,0.4340689214258587,0.7145421903052065,0.7965310206804537,0.7533123028391168,0.0736086175942549,0.0820547031354236,0.0776025236593059,0.1358467983243566,0.1514342895263509,0.1432176656151419,0.0137642130460801,0.0153435623749166,0.0145110410094637
Kong,17,1,random,disklavier,RANDOM_P17_D1,0.4323637137512741,0.5734809092259694,0.4930231370019605,0.7621951219512195,0.6557377049180327,0.7049700387733522,0.1265243902439024,0.1088524590163934,0.1170250264363764,0.3711890243902439,0.3193442622950819,0.3433204088826225,0.0586890243902439,0.0504918032786885,0.0542826929855481
Kong,17,2,random,disklavier,RANDOM_P17_D2,0.5997704631335686,0.3803848363009764,0.4655253908617138,0.7270142180094786,0.5242652084757348,0.6092136616362192,0.1781990521327014,0.1285030758714969,0.1493248610007942,0.5052132701421801,0.3643198906356801,0.4233518665607624,0.128909952606635,0.0929596719070403,0.108022239872915
Kong,18,0,random,disklavier,RANDOM_P18_D0,0.2654374880455104,0.8048840951187113,0.3992191052421562,0.6956521739130435,0.7804878048780488,0.7356321839080461,0.0641025641025641,0.0719199499687304,0.0677866195107574,0.1421404682274247,0.1594746716697936,0.1503094606542882,0.0111482720178372,0.0125078173858661,0.0117889773062186
Kong,18,1,random,disklavier,RANDOM_P18_D1,0.479487361871807,0.535860579081251,0.5061090194433097,0.7466960352422908,0.6316770186335404,0.6843876177658144,0.1365638766519823,0.115527950310559,0.1251682368775235,0.3737151248164464,0.3161490683229813,0.3425302826379542,0.0719530102790014,0.0608695652173913,0.0659488559892328
Kong,18,2,random,disklavier,RANDOM_P18_D2,0.5817906322560732,0.387866770177621,0.4654370768199024,0.7415215398716773,0.5172634271099744,0.6094161958568738,0.1594867094408799,0.1112531969309462,0.1310734463276836,0.5050412465627865,0.3523017902813299,0.4150659133709981,0.1081576535288725,0.0754475703324808,0.0888888888888888
Kong,19,0,random,disklavier,RANDOM_P19_D0,0.3085203488012825,0.7742425719324052,0.4412223281298329,0.6819620253164557,0.7641843971631206,0.7207357859531772,0.0701476793248945,0.0786052009456264,0.0741360089186176,0.1366033755274261,0.1530732860520094,0.1443701226309922,0.0147679324894514,0.0165484633569739,0.0156075808249721
Kong,19,1,random,disklavier,RANDOM_P19_D1,0.3976408895902777,0.5671213940443858,0.4674947589864208,0.7553113553113553,0.6054022313564298,0.6720990873533247,0.1032967032967032,0.0827950675278919,0.0919165580182529,0.3772893772893773,0.3024075161479742,0.3357235984354628,0.0446886446886446,0.0358191426893717,0.0397653194263363
Kong,19,2,random,disklavier,RANDOM_P19_D2,0.5819217508619398,0.3783106165642677,0.4585289640898439,0.7259062776304156,0.4948764315852923,0.5885304659498207,0.1503094606542882,0.1024713682941531,0.1218637992831541,0.4951370468611848,0.3375527426160337,0.4014336917562724,0.1052166224580017,0.0717299578059071,0.0853046594982078
Kong,20,0,random,disklavier,RANDOM_P20_D0,0.3230489887121286,0.7533852752627613,0.4521973323025345,0.6924257932446264,0.7592592592592593,0.724304068522484,0.067553735926305,0.074074074074074,0.0706638115631691,0.1407369498464687,0.1543209876543209,0.1472162740899357,0.0148413510747185,0.0162738496071829,0.0155246252676659
Kong,20,1,random,disklavier,RANDOM_P20_D1,0.444811921395877,0.5439818516990884,0.4894238196937339,0.7431960921144453,0.5906821963394343,0.6582200247218789,0.1235170969993021,0.0981697171381031,0.1093943139678615,0.3810188415910677,0.302828618968386,0.3374536464771322,0.0565247732030704,0.0449251247920133,0.0500618046971569
Kong,20,2,random,disklavier,RANDOM_P20_D2,0.5803539612780615,0.3290277234140161,0.4199612678988237,0.7267343485617598,0.4872376630743051,0.5833616298811545,0.1395939086294416,0.0935904707884288,0.1120543293718166,0.5203045685279187,0.3488372093023256,0.4176570458404074,0.1065989847715736,0.071469086783891,0.0855687606112054
Kong,21,0,random,disklavier,RANDOM_P21_D0,0.3098537553418201,0.7710746783180342,0.4420651308373521,0.6869181773640373,0.7457446808510638,0.7151236929354756,0.06859382655561,0.0744680851063829,0.0714103545014027,0.1411073003429691,0.1531914893617021,0.1469013006885998,0.0161685448309652,0.0175531914893617,0.016832440703902
Kong,21,1,random,disklavier,RANDOM_P21_D1,0.4504090375251126,0.5365435186966839,0.4897176633730747,0.7409638554216867,0.5835529783869268,0.6529047478619876,0.1171352074966532,0.092250922509225,0.1032143910350929,0.3654618473895582,0.2878228782287823,0.3220289000294898,0.0622489959839357,0.0490247759620453,0.0548510763786493
Kong,21,2,random,disklavier,RANDOM_P21_D2,0.594558135529979,0.3321428141948362,0.4261962014736327,0.7284263959390863,0.4641509433962264,0.5670069147184722,0.1582064297800338,0.1008086253369272,0.1231478432663812,0.5152284263959391,0.3283018867924528,0.4010536713862364,0.1091370558375634,0.0695417789757412,0.0849522555153111
Kong,22,0,random,disklavier,RANDOM_P22_D0,0.3607450742441068,0.7234890956194966,0.4814368238309445,0.6850209986000934,0.742914979757085,0.712794367564943,0.0755949603359776,0.0819838056680161,0.0786598689002184,0.1385907606159589,0.1503036437246963,0.1442097596504006,0.0144657022865142,0.0156882591093117,0.0150521971352269
Kong,22,1,random,disklavier,RANDOM_P22_D1,0.4642911643522051,0.5122524259956531,0.4870940276676102,0.7335504885993486,0.5661136249371543,0.6390465380249717,0.1309446254071661,0.1010558069381598,0.1140749148694665,0.3726384364820846,0.2875816993464052,0.3246311010215664,0.0677524429967426,0.0522875816993464,0.0590238365493757
Kong,22,2,random,disklavier,RANDOM_P22_D2,0.62717006573403,0.3275076918367035,0.4303085915404437,0.7147385103011094,0.4602040816326531,0.5599006828057108,0.161648177496038,0.1040816326530612,0.1266294227188082,0.4928684627575277,0.3173469387755102,0.3860955927995034,0.1085578446909667,0.0698979591836734,0.08504034761018
Kong,23,0,random,disklavier,RANDOM_P23_D0,0.354954616873825,0.7407576833276,0.4799350333724555,0.6753597122302158,0.724903474903475,0.6992551210428306,0.0692446043165467,0.0743243243243243,0.0716945996275605,0.1357913669064748,0.1457528957528957,0.1405959031657355,0.0157374100719424,0.0168918918918918,0.0162942271880819
Kong,23,1,random,disklavier,RANDOM_P23_D1,0.4609892980991741,0.4972313007579612,0.4784249234523644,0.7285986049461002,0.5532017332691381,0.6288998357963874,0.1236525047558655,0.0938854116514203,0.1067323481116584,0.3715916296766011,0.2821376986037554,0.320744389709907,0.0558021559923906,0.0423688011555127,0.0481663929939792
Kong,23,2,random,disklavier,RANDOM_P23_D2,0.6139016756906562,0.3324462730657022,0.4313198425174414,0.713963963963964,0.4625486381322957,0.5613931523022433,0.1493993993993994,0.0967898832684825,0.1174734356552538,0.4827327327327327,0.3127431906614786,0.3795749704840613,0.1006006006006006,0.0651750972762646,0.0791027154663518
Kong,24,0,random,disklavier,RANDOM_P24_D0,0.3407907526761888,0.7721854165278416,0.4728828102263854,0.6846965699208444,0.7208333333333333,0.7023004059539919,0.0712401055408971,0.075,0.0730717185385656,0.1345646437994723,0.1416666666666666,0.1380243572395128,0.0149516270888302,0.0157407407407407,0.0153360396932792
Kong,24,1,random,disklavier,RANDOM_P24_D1,0.46647949552922,0.5139585452249851,0.4890694014994635,0.7011222681630243,0.5500463392029658,0.6164632562970657,0.1080921441228588,0.0848007414272474,0.0950402492858997,0.331955109273479,0.2604263206672845,0.2918722409763698,0.0537507383343177,0.0421686746987951,0.0472604518306933
Kong,24,2,random,disklavier,RANDOM_P24_D2,0.619864133138155,0.3059770598758287,0.4097121761512015,0.7105643994211288,0.4578088578088578,0.5568471789055855,0.1562952243125904,0.1006993006993007,0.1224836971930819,0.4884225759768451,0.3146853146853147,0.3827615537283811,0.1114327062228654,0.0717948717948717,0.087326339665438
T5,1,0,random,disklavier,RANDOM_P01_D0,0.1189712656842534,0.7870853679070551,0.2066990935219986,0.7941176470588235,0.9642857142857144,0.8709677419354839,0.4901960784313725,0.5952380952380952,0.5376344086021505,0.1764705882352941,0.2142857142857142,0.1935483870967742,0.1568627450980392,0.1904761904761904,0.1720430107526881
T5,1,1,random,disklavier,RANDOM_P01_D1,0.1898480585256049,0.709395239296829,0.2995347515715453,0.8297872340425532,0.9176470588235294,0.871508379888268,0.4893617021276595,0.5411764705882353,0.5139664804469274,0.4148936170212766,0.4588235294117647,0.435754189944134,0.2659574468085106,0.2941176470588235,0.2793296089385474
T5,1,2,random,disklavier,RANDOM_P01_D2,0.1270333697678904,0.6646203010680346,0.2132977072453207,0.7222222222222222,0.8227848101265823,0.7692307692307693,0.4111111111111111,0.4683544303797468,0.4378698224852071,0.5111111111111111,0.5822784810126582,0.5443786982248521,0.2888888888888888,0.3291139240506329,0.3076923076923076
T5,2,0,random,disklavier,RANDOM_P02_D0,0.2207461886156439,0.6064062631534641,0.3236691641485908,0.7008928571428571,0.9573170731707316,0.8092783505154639,0.3214285714285714,0.4390243902439024,0.3711340206185567,0.1383928571428571,0.1890243902439024,0.1597938144329897,0.0580357142857142,0.0792682926829268,0.0670103092783505
T5,2,1,random,disklavier,RANDOM_P02_D1,0.1185356173814441,0.6157179519542261,0.1987991904043902,0.7869822485207101,0.7869822485207101,0.7869822485207101,0.3431952662721893,0.3431952662721893,0.3431952662721893,0.5029585798816568,0.5029585798816568,0.5029585798816568,0.2485207100591716,0.2485207100591716,0.2485207100591716
T5,2,2,random,disklavier,RANDOM_P02_D2,0.2037856321000858,0.5292285678212196,0.2942621799971919,0.7664670658682635,0.8,0.7828746177370032,0.3293413173652694,0.34375,0.3363914373088685,0.5868263473053892,0.6125,0.599388379204893,0.2754491017964072,0.2875,0.2813455657492354
T5,3,0,random,disklavier,RANDOM_P03_D0,0.1737637060196397,0.5539489569587557,0.2645445891044636,0.76,0.9047619047619048,0.8260869565217391,0.3066666666666666,0.365079365079365,0.3333333333333332,0.1333333333333333,0.1587301587301587,0.144927536231884,0.0733333333333333,0.0873015873015873,0.0797101449275362
T5,3,1,random,disklavier,RANDOM_P03_D1,0.2083194560885693,0.5090791726305745,0.2956545833876646,0.6740506329113924,0.8255813953488372,0.7421602787456445,0.2183544303797468,0.2674418604651162,0.2404181184668989,0.4272151898734177,0.5232558139534884,0.470383275261324,0.1392405063291139,0.1705426356589147,0.1533101045296167
T5,3,2,random,disklavier,RANDOM_P03_D2,0.2420262664165103,0.4415205498667415,0.3126620377268528,0.7894736842105263,0.6903765690376569,0.7366071428571429,0.3062200956937799,0.2677824267782426,0.2857142857142857,0.6028708133971292,0.5271966527196653,0.5625,0.2440191387559808,0.2133891213389121,0.2276785714285714
T5,4,0,random,disklavier,RANDOM_P04_D0,0.1601506906655504,0.5232054195068585,0.2452358530103492,0.6688888888888889,0.8905325443786982,0.7639593908629442,0.1733333333333333,0.2307692307692307,0.1979695431472081,0.14,0.1863905325443787,0.1598984771573604,0.0488888888888888,0.0650887573964497,0.0558375634517766
T5,4,1,random,disklavier,RANDOM_P04_D1,0.175522886360767,0.5266203703703703,0.2632907929761065,0.5991735537190083,0.8454810495626822,0.7013301088270859,0.1942148760330578,0.2740524781341107,0.2273276904474002,0.3388429752066115,0.478134110787172,0.3966142684401451,0.1219008264462809,0.1720116618075801,0.1426844014510278
T5,4,2,random,disklavier,RANDOM_P04_D2,0.1904316084127704,0.4239100688377576,0.2628044920944618,0.6608695652173913,0.7058823529411765,0.6826347305389222,0.2202898550724637,0.2352941176470588,0.2275449101796407,0.4753623188405797,0.5077399380804953,0.4910179640718563,0.1768115942028985,0.1888544891640866,0.1826347305389221
T5,5,0,random,disklavier,RANDOM_P05_D0,0.2422682488661172,0.5063988145354124,0.3277407542625479,0.5856697819314641,0.8931116389548693,0.7074317968015053,0.1355140186915887,0.2066508313539192,0.1636876763875823,0.1152647975077881,0.175771971496437,0.1392285983066792,0.0295950155763239,0.0451306413301662,0.0357478833490122
T5,5,1,random,disklavier,RANDOM_P05_D1,0.1950876742427485,0.4605034941483539,0.2740688404163096,0.5254491017964071,0.823943661971831,0.6416819012797075,0.1197604790419161,0.1877934272300469,0.1462522851919561,0.312874251497006,0.4906103286384976,0.3820840950639854,0.0703592814371257,0.1103286384976525,0.0859232175502742
T5,5,2,random,disklavier,RANDOM_P05_D2,0.2722865999542305,0.4407253380027949,0.3366103634738663,0.5958333333333333,0.7044334975369458,0.6455981941309256,0.1833333333333333,0.2167487684729064,0.1986455981941309,0.4333333333333333,0.5123152709359606,0.4695259593679458,0.1479166666666666,0.1748768472906404,0.1602708803611738
T5,6,0,random,disklavier,RANDOM_P06_D0,0.2801295712215497,0.461039872050282,0.3485057373745944,0.5914948453608248,0.9017681728880156,0.7143968871595331,0.1030927835051546,0.1571709233791748,0.1245136186770428,0.1134020618556701,0.1728880157170923,0.1369649805447471,0.0244845360824742,0.037328094302554,0.0295719844357976
T5,6,1,random,disklavier,RANDOM_P06_D1,0.2672881579525966,0.4263808414820634,0.3285905808069887,0.5250320924261874,0.808300395256917,0.6365758754863813,0.1065468549422336,0.1640316205533596,0.1291828793774319,0.2875481386392811,0.4426877470355731,0.3486381322957198,0.0629011553273427,0.0968379446640316,0.0762645914396887
T5,6,2,random,disklavier,RANDOM_P06_D2,0.2575304108716246,0.4310228707731163,0.3224194843429387,0.5739130434782609,0.6720977596741344,0.6191369606003753,0.1530434782608695,0.1792260692464358,0.1651031894934333,0.4034782608695652,0.4725050916496945,0.4352720450281426,0.1165217391304347,0.1364562118126273,0.125703564727955
T5,7,0,random,disklavier,RANDOM_P07_D0,0.2872519565298023,0.4657229451807663,0.355336750003441,0.5850713501646543,0.8898163606010017,0.7059602649006623,0.102085620197585,0.1552587646076794,0.1231788079470198,0.1163556531284303,0.1769616026711185,0.1403973509933774,0.0131723380900109,0.020033388981636,0.0158940397350993
T5,7,1,random,disklavier,RANDOM_P07_D1,0.2878864106434121,0.4335538184004811,0.3460141189117591,0.5294117647058824,0.7897350993377483,0.6338870431893687,0.1054384017758046,0.1572847682119205,0.1262458471760797,0.3052164261931188,0.4552980132450331,0.3654485049833887,0.0566037735849056,0.0844370860927152,0.0677740863787375
T5,7,2,random,disklavier,RANDOM_P07_D2,0.3230564012091352,0.3610797162438379,0.3410114177676589,0.5740458015267176,0.6493955094991365,0.6094003241491086,0.1129770992366412,0.1278065630397236,0.119935170178282,0.416793893129771,0.4715025906735751,0.4424635332252836,0.0778625954198473,0.0880829015544041,0.0826580226904376
T5,8,0,random,disklavier,RANDOM_P08_D0,0.3094232782301407,0.4635422148314985,0.371118123638631,0.5853899308983218,0.8619186046511628,0.6972369194591417,0.085883514313919,0.126453488372093,0.1022927689594356,0.1145113524185587,0.1686046511627907,0.1363903586125808,0.016781836130306,0.0247093023255813,0.0199882422104644
T5,8,1,random,disklavier,RANDOM_P08_D1,0.3968505992126498,0.3839808072730333,0.3903096422268571,0.5162241887905604,0.75,0.6115317414094351,0.0865290068829891,0.1257142857142857,0.1025043680838672,0.2940019665683382,0.4271428571428571,0.3482818870122306,0.0550639134709931,0.08,0.0652300524170064
T5,8,2,random,disklavier,RANDOM_P08_D2,0.3403599242264786,0.3403384336918317,0.3403491786199131,0.5722222222222222,0.6176911544227887,0.5940879596250901,0.1097222222222222,0.1184407796101949,0.1139149242970439,0.4138888888888888,0.4467766116941529,0.4297043979812545,0.0805555555555555,0.0869565217391304,0.083633741888969
T5,9,0,random,disklavier,RANDOM_P09_D0,0.3894345718901454,0.450844889981952,0.4178956994326874,0.5476793248945148,0.838501291989664,0.6625829504849413,0.0894514767932489,0.1369509043927648,0.1082184788157223,0.1113924050632911,0.1705426356589147,0.1347626339969372,0.010126582278481,0.0155038759689922,0.0122511485451761
T5,9,1,random,disklavier,RANDOM_P09_D1,0.3490437837658678,0.3939473290438426,0.3701386570128113,0.5187165775401069,0.7414012738853503,0.6103828002097534,0.0811051693404634,0.1159235668789809,0.0954378605138961,0.2691622103386809,0.3847133757961783,0.3167278447823807,0.0516934046345811,0.0738853503184713,0.0608285264813843
T5,9,2,random,disklavier,RANDOM_P09_D2,0.3065427847443311,0.3088504844200052,0.3076923076923077,0.5198135198135199,0.58994708994709,0.5526641883519208,0.0827505827505827,0.0939153439153439,0.0879801734820322,0.3741258741258741,0.4246031746031746,0.3977695167286245,0.0547785547785547,0.0621693121693121,0.0582403965303593
T5,10,0,random,disklavier,RANDOM_P10_D0,0.3476519839825264,0.4259912302111651,0.3828552842576624,0.5316927665920954,0.8271461716937355,0.6472991375397186,0.0723340790454884,0.1125290023201856,0.0880617339990921,0.1043997017151379,0.1624129930394431,0.1270994098955969,0.0126771066368381,0.019721577726218,0.0154334997730367
T5,10,1,random,disklavier,RANDOM_P10_D1,0.3181145543175487,0.3691134510011867,0.3417216994915551,0.5154471544715448,0.7204545454545455,0.6009478672985783,0.0617886178861788,0.0863636363636363,0.0720379146919431,0.275609756097561,0.3852272727272727,0.3213270142180094,0.0333333333333333,0.046590909090909,0.0388625592417061
T5,10,2,random,disklavier,RANDOM_P10_D2,0.3270730405742714,0.319843781563531,0.3234180177879909,0.5263724434876211,0.5842293906810035,0.5537938844847111,0.0871905274488697,0.0967741935483871,0.0917327293318233,0.3681377825618945,0.4086021505376344,0.3873159682899207,0.0688912809472551,0.076463560334528,0.072480181200453
T5,11,0,random,disklavier,RANDOM_P11_D0,0.331749207937302,0.487174778083869,0.3947126949879721,0.552874378992193,0.8148535564853556,0.6587737843551797,0.0830376153300213,0.1223849372384937,0.0989429175475687,0.1114265436479772,0.1642259414225941,0.1327695560253699,0.0170333569907735,0.0251046025104602,0.0202959830866807
T5,11,1,random,disklavier,RANDOM_P11_D1,0.3330281704905201,0.3645892307927715,0.3480947702511697,0.5095785440613027,0.6869834710743802,0.5851297844258689,0.0796934865900383,0.1074380165289256,0.0915090189177298,0.2628352490421456,0.3543388429752066,0.3018037835459745,0.0452107279693486,0.0609504132231404,0.0519137703475582
T5,11,2,random,disklavier,RANDOM_P11_D2,0.3280524267868114,0.3065001262829196,0.31691026929499,0.5271238485158649,0.5555555555555556,0.5409663865546218,0.097236438075742,0.1024811218985976,0.0997899159663865,0.3623336745138178,0.3818770226537217,0.3718487394957984,0.0757420675537359,0.0798274002157497,0.0777310924369747
T5,12,0,random,disklavier,RANDOM_P12_D0,0.433366973355629,0.4126133582084318,0.4227356016239715,0.5306122448979592,0.7946513849092646,0.6363288718929254,0.0714285714285714,0.1069723018147087,0.0856596558317399,0.1045918367346938,0.1566380133715377,0.1254302103250478,0.0140306122448979,0.0210124164278892,0.0168260038240917
T5,12,1,random,disklavier,RANDOM_P12_D1,0.357302870500494,0.3602300624254752,0.3587604956899562,0.5155910079767948,0.6732954545454546,0.5839835728952771,0.0739666424945612,0.096590909090909,0.0837782340862423,0.271211022480058,0.3541666666666667,0.3071868583162218,0.037708484408992,0.0492424242424242,0.0427104722792607
T5,12,2,random,disklavier,RANDOM_P12_D2,0.392397345168126,0.2753350773956894,0.3236049344044051,0.4938704028021016,0.5556650246305419,0.5229485396383866,0.074430823117338,0.083743842364532,0.0788131664348632,0.3415061295971979,0.3842364532019704,0.3616133518776078,0.0507880910683012,0.0571428571428571,0.0537783959202596
T5,13,0,random,disklavier,RANDOM_P13_D0,0.4055823872545945,0.418678735844292,0.4120265202804956,0.5110336817653891,0.7726075504828798,0.6151695211464523,0.0662020905923344,0.1000877963125548,0.0796924152394267,0.0993031358885017,0.1501316944688323,0.1195386228591401,0.0087108013937282,0.0131694468832309,0.0104858441104508
T5,13,1,random,disklavier,RANDOM_P13_D1,0.3493411968452339,0.3866171966562417,0.3670351894711282,0.5056179775280899,0.6299212598425197,0.5609661082976237,0.0695224719101123,0.0866141732283464,0.0771328398909232,0.259129213483146,0.3228346456692913,0.287495130502532,0.0344101123595505,0.0428696412948381,0.0381768601480327
T5,13,2,random,disklavier,RANDOM_P13_D2,0.358048665434962,0.2948522889865788,0.323391987275077,0.4699093157460841,0.5172413793103449,0.4924406047516199,0.0700741962077493,0.0771324863883847,0.0734341252699784,0.3231657048639736,0.3557168784029038,0.3386609071274298,0.0494641384995878,0.0544464609800363,0.0518358531317494
T5,14,0,random,disklavier,RANDOM_P14_D0,0.3912947735610151,0.4699917044375248,0.4270479155571941,0.5201819215463331,0.746938775510204,0.6132707774798928,0.061398521887436,0.0881632653061224,0.0723860589812332,0.1011938601478112,0.1453061224489795,0.1193029490616622,0.0102330869812393,0.0146938775510204,0.0120643431635388
T5,14,1,random,disklavier,RANDOM_P14_D1,0.4318596074774278,0.3676651028509563,0.3971852400538001,0.5029860650298607,0.6088353413654618,0.5508720930232558,0.0789648307896483,0.095582329317269,0.0864825581395348,0.2495023224950232,0.302008032128514,0.2732558139534884,0.0378234903782349,0.0457831325301204,0.0414244186046511
T5,14,2,random,disklavier,RANDOM_P14_D2,0.3916431849287497,0.2924386519663833,0.3348476713611145,0.4646781789638932,0.4941569282136895,0.4789644012944984,0.0588697017268445,0.0626043405676126,0.0606796116504854,0.3281004709576138,0.348914858096828,0.3381877022653721,0.0368916797488226,0.0392320534223706,0.0380258899676375
T5,15,0,random,disklavier,RANDOM_P15_D0,0.4359091113790912,0.4888444963189082,0.4608617219096591,0.5078206465067779,0.7350943396226415,0.6006783842121494,0.0641293013555787,0.0928301886792452,0.0758556891766882,0.0980187695516162,0.1418867924528302,0.1159420289855072,0.0072992700729927,0.010566037735849,0.0086339808818994
T5,15,1,random,disklavier,RANDOM_P15_D1,0.3798376978293296,0.3959193982936686,0.3877118585841374,0.4828850855745721,0.5913173652694611,0.531628532974428,0.0678484107579462,0.0830838323353293,0.0746971736204576,0.2475550122249388,0.3031437125748503,0.2725437415881561,0.0372860635696821,0.0456586826347305,0.0410497981157469
T5,15,2,random,disklavier,RANDOM_P15_D2,0.3879072511840783,0.2729501666348732,0.3204302350089577,0.4418439716312057,0.485580670303975,0.4626810248793167,0.0602836879432624,0.0662509742790335,0.0631266245822502,0.3042553191489361,0.3343725643024162,0.3186037875974749,0.0432624113475177,0.0475448168355417,0.045302636464909
T5,16,0,random,disklavier,RANDOM_P16_D0,0.4014950534581429,0.4761356103412355,0.4356413243349925,0.4987739087788131,0.7212765957446808,0.5897361554073645,0.0642471799901912,0.0929078014184397,0.0759640475500144,0.0887690044139283,0.1283687943262411,0.1049579588286459,0.0102991662579695,0.0148936170212765,0.0121774427370252
T5,16,1,random,disklavier,RANDOM_P16_D1,0.3749333916781062,0.5589070785287433,0.4487981261708792,0.6447105788423154,0.6780965710286914,0.6609822646657573,0.0951430472388556,0.1000699790062981,0.097544338335607,0.1736526946107784,0.1826452064380685,0.1780354706684856,0.0219560878243512,0.0230930720783764,0.0225102319236016
T5,16,2,random,disklavier,RANDOM_P16_D2,0.3923521627080866,0.2667757688017007,0.3176016213050002,0.4556533513879485,0.4880348078317622,0.4712885154061624,0.0541638456330399,0.0580130529369108,0.0560224089635854,0.3046716316858497,0.3263234227701233,0.315126050420168,0.0365605958023019,0.0391588107324147,0.0378151260504201
T5,17,0,random,disklavier,RANDOM_P17_D0,0.4526729874814119,0.4250186902469093,0.4384101732568977,0.5341796875,0.7298198799199467,0.6168593177332958,0.0625,0.0853902601734489,0.0721736678883563,0.09814453125,0.134089392928619,0.1133352128559345,0.01025390625,0.0140093395597064,0.0118409923879334
T5,17,1,random,disklavier,RANDOM_P17_D1,0.3916866466446256,0.384286633982073,0.3879513554725093,0.4865458539264141,0.580983606557377,0.5295875672444711,0.0560131795716639,0.0668852459016393,0.0609683203825463,0.2399780340472267,0.2865573770491803,0.2612074118350269,0.0241625480505216,0.0288524590163934,0.0263000597728631
T5,17,2,random,disklavier,RANDOM_P17_D2,0.4127248633164314,0.257541246608172,0.317168581943246,0.4702738810955243,0.4812030075187969,0.4756756756756756,0.064128256513026,0.0656185919343814,0.0648648648648648,0.3186372745490982,0.3260423786739576,0.3222972972972973,0.0454241816967267,0.0464798359535201,0.0459459459459459
T5,18,0,random,disklavier,RANDOM_P18_D0,0.4089258401969525,0.4677028569290352,0.436343880503227,0.5236346948141349,0.7135709818636647,0.6040232927474855,0.0601193207893529,0.0819262038774233,0.0693488618316569,0.1037173015144561,0.1413383364602876,0.1196400211752249,0.0110142267094997,0.0150093808630394,0.0127051349920592
T5,18,1,random,disklavier,RANDOM_P18_D1,0.4143808882187503,0.3623933862038007,0.3866474423895311,0.4714056654195617,0.5478260869565217,0.5067509336397586,0.0662747194013896,0.0770186335403726,0.071243895432347,0.2357028327097808,0.2739130434782608,0.2533754668198793,0.0326028861571352,0.0378881987577639,0.0350474001723642
T5,18,2,random,disklavier,RANDOM_P18_D2,0.4486750866765726,0.2372443014413588,0.310373520144391,0.4702114029468289,0.469309462915601,0.46976,0.0538116591928251,0.0537084398976982,0.05376,0.3151825752722613,0.3145780051150895,0.31488,0.0345932094811018,0.0345268542199488,0.03456
T5,19,0,random,disklavier,RANDOM_P19_D0,0.4517264558126371,0.4525870853973008,0.4521563610770518,0.5267141585040072,0.6991725768321513,0.600812595226003,0.0654496883348174,0.0868794326241134,0.0746571863890299,0.101513802315227,0.1347517730496454,0.1157948197054342,0.0169189670525378,0.0224586288416075,0.0192991366175723
T5,19,1,random,disklavier,RANDOM_P19_D1,0.4136075544352258,0.3293221623106472,0.3666837686106973,0.4751203852327448,0.5214327657075749,0.4972004479283315,0.0508293204922418,0.0557839107457428,0.0531914893617021,0.2461209202782236,0.2701115678214915,0.257558790593505,0.0246120920278223,0.0270111567821491,0.0257558790593505
T5,19,2,random,disklavier,RANDOM_P19_D2,0.4243460209621694,0.2589711673480959,0.3216467733816016,0.4780185758513932,0.4653405666063894,0.4715943799633476,0.053250773993808,0.051838456901748,0.0525351252290775,0.3176470588235294,0.3092224231464738,0.3133781307269395,0.0340557275541795,0.0331525015069318,0.0335980452046426
T5,20,0,random,disklavier,RANDOM_P20_D0,0.4841526636139413,0.3974273170772773,0.436524191497723,0.515977844056242,0.6795735129068462,0.5865827076774037,0.0664678312739667,0.0875420875420875,0.0755630903366432,0.0984235193864507,0.1296296296296296,0.1118914991523371,0.0110779718789944,0.0145903479236812,0.0125938483894405
T5,20,1,random,disklavier,RANDOM_P20_D1,0.4420817043782877,0.3250574499785352,0.3746437675387641,0.4973985431841831,0.5302273987798114,0.5132885906040269,0.0509885535900104,0.0543538546866333,0.0526174496644295,0.2544224765868886,0.2712146422628951,0.2625503355704697,0.028095733610822,0.0299500831946755,0.028993288590604
T5,20,2,random,disklavier,RANDOM_P20_D2,0.4445091562596201,0.2248597414950525,0.2986461256386463,0.4895191122071516,0.450368689733409,0.4691285081240768,0.0530209617755857,0.048780487804878,0.0508124076809453,0.3366214549938348,0.3096993760635281,0.3225997045790251,0.033292231812577,0.0306296086216676,0.0319054652880354
T5,21,0,random,disklavier,RANDOM_P21_D0,0.5009452101274822,0.3728384174449833,0.4275008445499525,0.5377398720682303,0.6707446808510639,0.5969230769230769,0.0584221748400852,0.0728723404255319,0.0648520710059171,0.1027718550106609,0.1281914893617021,0.1140828402366864,0.0136460554371002,0.0170212765957446,0.0151479289940828
T5,21,1,random,disklavier,RANDOM_P21_D1,0.4413758168279216,0.3492880507985376,0.3899692525276034,0.494188984335523,0.5155508697944122,0.5046439628482973,0.0631632137443153,0.0658935160780179,0.0644994840041279,0.2344618494188984,0.2445967316816025,0.239422084623323,0.0303183425972713,0.0316288877174486,0.0309597523219814
T5,21,2,random,disklavier,RANDOM_P21_D2,0.4377848091683951,0.2318265449691547,0.3031314780503018,0.4819494584837545,0.4318059299191374,0.4555018481660506,0.0595667870036101,0.0533692722371967,0.0562979812340062,0.3249097472924188,0.2911051212938005,0.3070798976400342,0.0403128760529482,0.0361185983827493,0.0381006539664486
T5,22,0,random,disklavier,RANDOM_P22_D0,0.4817771946231906,0.396242877424737,0.4348437762472703,0.5362556329373208,0.6624493927125507,0.5927099841521396,0.0618598934862761,0.076417004048583,0.0683721983246547,0.1011880376894715,0.125,0.1118406158025809,0.0094223678820155,0.0116396761133603,0.0104143083540864
T5,22,1,random,disklavier,RANDOM_P22_D1,0.5061669340476576,0.2631899164294242,0.3463101238098595,0.5076687116564417,0.4992458521870286,0.5034220532319391,0.053680981595092,0.0527903469079939,0.0532319391634981,0.2566462167689161,0.2523881347410759,0.2544993662864385,0.0296523517382413,0.0291603821015585,0.0294043092522179
T5,22,2,random,disklavier,RANDOM_P22_D2,0.4811966238825351,0.2212264078739916,0.3031033886130437,0.5028935185185185,0.4433673469387755,0.4712581344902386,0.0538194444444444,0.0474489795918367,0.0504338394793926,0.3269675925925926,0.288265306122449,0.3063991323210412,0.0358796296296296,0.0316326530612244,0.0336225596529284
T5,23,0,random,disklavier,RANDOM_P23_D0,0.4857672731580842,0.3901351855782532,0.4327306159975483,0.5489721886336155,0.6573359073359073,0.5982868438392268,0.0564288593309149,0.0675675675675675,0.0614979134636503,0.0987505038291011,0.1182432432432432,0.107621348561388,0.0088673921805723,0.0106177606177606,0.0096639578300021
T5,23,1,random,disklavier,RANDOM_P23_D1,0.4725149513233323,0.2929221580116604,0.3616498273898819,0.4854554124940391,0.4901299951853635,0.4877815045519885,0.0548402479732951,0.0553683196918632,0.0551030186871106,0.2360515021459227,0.2383245064997592,0.2371825586966938,0.0267048164043872,0.0269619643716899,0.0268327743172017
T5,23,2,random,disklavier,RANDOM_P23_D2,0.4644073874843105,0.2085750786091578,0.2878642824485136,0.4888161483906165,0.4357976653696498,0.4607868346618668,0.0523731587561374,0.046692607003891,0.0493700179994857,0.3191489361702128,0.2845330739299611,0.3008485471843661,0.0321876704855428,0.0286964980544747,0.0303419902288505
T5,24,0,random,disklavier,RANDOM_P24_D0,0.4832572119342048,0.36032560472204,0.4128342675747895,0.5421448357736446,0.6342592592592593,0.5845956902069553,0.0625247328848436,0.0731481481481481,0.0674205248559846,0.1032845271072417,0.1208333333333333,0.1113718796671644,0.0138504155124653,0.0162037037037037,0.0149349263921484
T5,24,1,random,disklavier,RANDOM_P24_D1,0.4679623132864429,0.2886437765229895,0.357053455415498,0.4775916704391127,0.4888785912882298,0.4831692237233798,0.0547759167043911,0.0560704355885078,0.0554156171284634,0.2231779085559076,0.2284522706209453,0.2257842912754751,0.0276143051154368,0.0282669138090824,0.0279367987176551
T5,24,2,random,disklavier,RANDOM_P24_D2,0.4831642632943638,0.1862815251324143,0.2688927988253313,0.497545008183306,0.4251748251748252,0.4585218702865761,0.0343698854337152,0.0293706293706293,0.0316742081447963,0.3142389525368249,0.2685314685314685,0.2895927601809955,0.0240043644298963,0.0205128205128205,0.0221216691804927
Toyama,1,0,random,disklavier,RANDOM_P01_D0,0.930191630817364,0.8009765953864287,0.8607617841310052,0.9523809523809524,0.9523809523809524,0.9523809523809524,0.7261904761904762,0.7261904761904762,0.7261904761904762,0.2142857142857142,0.2142857142857142,0.2142857142857142,0.1785714285714285,0.1785714285714285,0.1785714285714285
Toyama,1,1,random,disklavier,RANDOM_P01_D1,0.9371388015816688,0.7774413323239969,0.8498528870908422,0.9523809523809524,0.9411764705882352,0.9467455621301776,0.7261904761904762,0.7176470588235294,0.7218934911242604,0.5357142857142857,0.5294117647058824,0.5325443786982248,0.4523809523809524,0.4470588235294118,0.4497041420118343
Toyama,1,2,random,disklavier,RANDOM_P01_D2,0.9318157642803956,0.7366916155075267,0.8228442607552132,1.0,0.8987341772151899,0.9466666666666668,0.7605633802816901,0.6835443037974683,0.72,0.5915492957746479,0.5316455696202531,0.56,0.4507042253521127,0.4050632911392405,0.4266666666666667
Toyama,2,0,random,disklavier,RANDOM_P02_D0,0.9003072559678563,0.8016668069702837,0.8481286041903235,0.9444444444444444,0.9329268292682928,0.9386503067484664,0.7345679012345679,0.725609756097561,0.7300613496932514,0.2037037037037037,0.2012195121951219,0.2024539877300613,0.1481481481481481,0.1463414634146341,0.1472392638036809
Toyama,2,1,random,disklavier,RANDOM_P02_D1,0.93384074941452,0.6710421136774791,0.7809248696418517,0.9727891156462584,0.8461538461538461,0.9050632911392404,0.7074829931972789,0.6153846153846154,0.6582278481012659,0.6870748299319728,0.5976331360946746,0.639240506329114,0.5102040816326531,0.4437869822485207,0.4746835443037975
Toyama,2,2,random,disklavier,RANDOM_P02_D2,0.9075722092115536,0.7339337569967594,0.8115692479523455,0.9583333333333334,0.8625,0.9078947368421054,0.7013888888888888,0.63125,0.6644736842105262,0.7430555555555556,0.66875,0.7039473684210527,0.5347222222222222,0.48125,0.506578947368421
Toyama,3,0,random,disklavier,RANDOM_P03_D0,0.9414700707386262,0.7361372378358649,0.8262376705637664,0.9662447257383966,0.9087301587301588,0.9366053169734152,0.6835443037974683,0.6428571428571429,0.6625766871165644,0.1645569620253164,0.1547619047619047,0.1595092024539877,0.1434599156118143,0.1349206349206349,0.1390593047034765
Toyama,3,1,random,disklavier,RANDOM_P03_D1,0.9001497753369945,0.7084280542224467,0.7928635371350494,0.933609958506224,0.872093023255814,0.9018036072144288,0.6431535269709544,0.6007751937984496,0.6212424849699398,0.6224066390041494,0.5813953488372093,0.6012024048096192,0.4730290456431535,0.4418604651162791,0.4569138276553106
Toyama,3,2,random,disklavier,RANDOM_P03_D2,0.923598379876359,0.6077430214616356,0.7330964467005077,0.94,0.7866108786610879,0.856492027334852,0.625,0.5230125523012552,0.5694760820045558,0.725,0.606694560669456,0.6605922551252847,0.485,0.405857740585774,0.4419134396355353
Toyama,4,0,random,disklavier,RANDOM_P04_D0,0.924014215603317,0.6892198939661701,0.789530764225291,0.9446153846153846,0.908284023668639,0.9260935143288084,0.6123076923076923,0.5887573964497042,0.6003016591251886,0.1723076923076923,0.165680473372781,0.1689291101055807,0.1261538461538461,0.1213017751479289,0.1236802413273001
Toyama,4,1,random,disklavier,RANDOM_P04_D1,0.919535118147588,0.6526725589225589,0.7634555502221566,0.959375,0.8950437317784257,0.9260935143288084,0.615625,0.5743440233236151,0.5942684766214178,0.5875,0.5481049562682215,0.5671191553544495,0.434375,0.4052478134110787,0.4193061840120664
Toyama,4,2,random,disklavier,RANDOM_P04_D2,0.9269866350648496,0.5928046649685283,0.7231545563102683,0.9588014981273408,0.7925696594427245,0.8677966101694916,0.5917602996254682,0.4891640866873065,0.535593220338983,0.7415730337078652,0.6130030959752322,0.6711864406779661,0.4681647940074906,0.3869969040247678,0.423728813559322
Toyama,5,0,random,disklavier,RANDOM_P05_D0,0.9149603698811096,0.6531337352237901,0.7621882921653009,0.9278846153846154,0.9168646080760094,0.9223416965352448,0.5528846153846154,0.5463182897862233,0.5495818399044206,0.1586538461538461,0.1567695961995249,0.1577060931899641,0.1057692307692307,0.1045130641330166,0.1051373954599761
Toyama,5,1,random,disklavier,RANDOM_P05_D1,0.9110710078452012,0.6120905952681653,0.7322374649986906,0.9351620947630924,0.8802816901408451,0.9068923821039904,0.5261845386533666,0.4953051643192488,0.5102781136638452,0.5187032418952618,0.488262910798122,0.5030229746070133,0.3216957605985037,0.3028169014084507,0.3119709794437726
Toyama,5,2,random,disklavier,RANDOM_P05_D2,0.8958812287067557,0.5445759601299817,0.6773896288849796,0.9226190476190476,0.7635467980295566,0.8355795148247978,0.5416666666666666,0.4482758620689655,0.490566037735849,0.6696428571428571,0.5541871921182266,0.6064690026954178,0.4017857142857143,0.3325123152709359,0.3638814016172507
Toyama,6,0,random,disklavier,RANDOM_P06_D0,0.9237890386115856,0.6145935632312916,0.738119107995855,0.9285714285714286,0.9194499017681728,0.9239881539980256,0.5099206349206349,0.5049115913555993,0.5074037512339585,0.1845238095238095,0.1827111984282907,0.1836130306021718,0.0972222222222222,0.0962671905697446,0.0967423494570582
Toyama,6,1,random,disklavier,RANDOM_P06_D1,0.9009707857013246,0.5572749337111912,0.6886197959555158,0.919661733615222,0.8596837944664032,0.8886618998978548,0.452431289640592,0.4229249011857707,0.4371807967313585,0.5433403805496829,0.5079051383399209,0.5250255362614913,0.2917547568710359,0.2727272727272727,0.2819203268641471
Toyama,6,2,random,disklavier,RANDOM_P06_D2,0.9220063492063492,0.5093868387820962,0.6562248633015499,0.9447368421052632,0.7311608961303462,0.8243398392652123,0.5368421052631579,0.4154786150712831,0.4684270952927669,0.6763157894736842,0.5234215885947047,0.5901262916188289,0.4184210526315789,0.3238289205702647,0.3650975889781859
Toyama,7,0,random,disklavier,RANDOM_P07_D0,0.924410435575134,0.5855362855699613,0.7169469560863546,0.9282051282051282,0.9065108514190318,0.9172297297297296,0.4683760683760684,0.4574290484140234,0.4628378378378378,0.1777777777777777,0.1736227045075125,0.1756756756756756,0.0735042735042735,0.0717863105175292,0.0726351351351351
Toyama,7,1,random,disklavier,RANDOM_P07_D1,0.8974432223968004,0.5289356584485869,0.6655871425652822,0.9297297297297298,0.8543046357615894,0.8904227782571184,0.4378378378378378,0.402317880794702,0.4193270060396893,0.4900900900900901,0.4503311258278146,0.4693701466781709,0.263063063063063,0.2417218543046357,0.2519413287316652
Toyama,7,2,random,disklavier,RANDOM_P07_D2,0.918394730422054,0.4526271492124564,0.6063949742268042,0.9533799533799534,0.7063903281519862,0.8115079365079366,0.4708624708624708,0.3488773747841105,0.4007936507936507,0.6573426573426573,0.4870466321243523,0.5595238095238095,0.3566433566433566,0.2642487046632124,0.3035714285714285
Toyama,8,0,random,disklavier,RANDOM_P08_D0,0.90694439674417,0.555865451407161,0.6892749008143663,0.927710843373494,0.8953488372093024,0.9112426035502958,0.4171686746987952,0.4026162790697674,0.4097633136094674,0.1777108433734939,0.1715116279069767,0.1745562130177514,0.0677710843373494,0.065406976744186,0.0665680473372781
Toyama,8,1,random,disklavier,RANDOM_P08_D1,0.8923890296288137,0.5115114272486215,0.6502842619222795,0.917573872472784,0.8428571428571429,0.8786299329858526,0.4043545878693623,0.3714285714285714,0.387192851824274,0.4883359253499222,0.4485714285714285,0.4676098287416232,0.2628304821150855,0.2414285714285714,0.2516753536857781
Toyama,8,2,random,disklavier,RANDOM_P08_D2,0.912035372019717,0.4536758360869656,0.6059383674760181,0.9282786885245902,0.679160419790105,0.7844155844155843,0.4795081967213114,0.3508245877061469,0.4051948051948052,0.6516393442622951,0.4767616191904048,0.5506493506493506,0.360655737704918,0.2638680659670165,0.3047619047619048
Toyama,9,0,random,disklavier,RANDOM_P09_D0,0.8806810442678774,0.5441615156587524,0.6726816636996277,0.920844327176781,0.9018087855297158,0.9112271540469974,0.3759894459102902,0.3682170542635659,0.3720626631853786,0.1767810026385224,0.1731266149870801,0.1749347258485639,0.0712401055408971,0.0697674418604651,0.0704960835509138
Toyama,9,1,random,disklavier,RANDOM_P09_D1,0.8925060350558024,0.4771528505162352,0.6218508903433397,0.9164265129682996,0.8101910828025478,0.8600405679513186,0.3919308357348703,0.3464968152866242,0.367816091954023,0.4783861671469741,0.4229299363057325,0.4489519945909398,0.2377521613832853,0.2101910828025477,0.2231237322515213
Toyama,9,2,random,disklavier,RANDOM_P09_D2,0.8824737788136765,0.4178075786481128,0.5671145412194797,0.9028776978417268,0.6640211640211641,0.7652439024390244,0.4136690647482014,0.3042328042328042,0.3506097560975609,0.6223021582733813,0.4576719576719577,0.5274390243902438,0.3201438848920863,0.2354497354497354,0.2713414634146341
Toyama,10,0,random,disklavier,RANDOM_P10_D0,0.8933259517184108,0.5160625163065892,0.65420151928986,0.9153754469606674,0.8909512761020881,0.9029982363315696,0.3396901072705602,0.3306264501160093,0.3350970017636684,0.1740166865315852,0.1693735498839907,0.1716637272192827,0.0703218116805721,0.068445475638051,0.0693709582598471
Toyama,10,1,random,disklavier,RANDOM_P10_D1,0.8871396474795101,0.4719255275273759,0.6161056199900006,0.922976501305483,0.803409090909091,0.8590522478736332,0.370757180156658,0.3227272727272727,0.3450789793438639,0.5274151436031331,0.4590909090909091,0.4908869987849331,0.2297650130548303,0.2,0.2138517618469016
Toyama,10,2,random,disklavier,RANDOM_P10_D2,0.9097758962209188,0.3943168810181132,0.5501755704571878,0.9263698630136986,0.6463560334528077,0.7614356087262492,0.4075342465753425,0.2843488649940263,0.3349753694581281,0.6523972602739726,0.4551971326164875,0.5362420830401127,0.3082191780821918,0.2150537634408602,0.2533427163969036
Toyama,11,0,random,disklavier,RANDOM_P11_D0,0.8675476129415417,0.4918426691153963,0.6277769367134353,0.9177489177489178,0.8870292887029289,0.9021276595744682,0.3181818181818182,0.3075313807531381,0.3127659574468085,0.1796536796536796,0.1736401673640167,0.176595744680851,0.053030303030303,0.051255230125523,0.052127659574468
Toyama,11,1,random,disklavier,RANDOM_P11_D1,0.8849102862407671,0.4335455143604731,0.5819670026650509,0.9211165048543688,0.7840909090909091,0.8470982142857143,0.3337378640776699,0.2840909090909091,0.3069196428571429,0.5060679611650486,0.4307851239669421,0.4654017857142857,0.2099514563106796,0.1787190082644628,0.1930803571428571
Toyama,11,2,random,disklavier,RANDOM_P11_D2,0.8932956625264318,0.3847572689213908,0.5378525270680874,0.9286846275752774,0.6321467098166127,0.7522464698331194,0.4152139461172742,0.2826321467098166,0.3363286264441592,0.6640253565768621,0.4519956850053937,0.5378690629011553,0.3248811410459588,0.221143473570658,0.2631578947368421
Toyama,12,0,random,disklavier,RANDOM_P12_D0,0.8699307024194299,0.4587211300401883,0.6006924991504486,0.9184890656063618,0.8825214899713467,0.9001461276181199,0.2823061630218688,0.271251193887297,0.2766682903068679,0.1769383697813121,0.1700095510983763,0.1734047735021919,0.0497017892644135,0.0477554918815663,0.0487092060399415
Toyama,12,1,random,disklavier,RANDOM_P12_D1,0.8728094215243315,0.4132636599565126,0.5609330001190052,0.9177142857142856,0.7604166666666666,0.831693423096841,0.3382857142857143,0.2803030303030303,0.306576903158985,0.5074285714285715,0.4204545454545454,0.4598653547384774,0.2,0.1657196969696969,0.1812532366649404
Toyama,12,2,random,disklavier,RANDOM_P12_D2,0.900847158489234,0.3579910084935369,0.5123695661993887,0.9260935143288084,0.6049261083743842,0.7318235995232419,0.3755656108597285,0.2453201970443349,0.2967818831942789,0.6576168929110106,0.4295566502463054,0.5196662693682955,0.2835595776772247,0.1852216748768473,0.2240762812872467
Toyama,13,0,random,disklavier,RANDOM_P13_D0,0.8613196270619173,0.4665669535038816,0.605267468280534,0.9075091575091576,0.8700614574187884,0.8883908561183327,0.2719780219780219,0.2607550482879719,0.2662483191393994,0.173076923076923,0.1659350307287093,0.1694307485432541,0.0485347985347985,0.0465320456540825,0.0475123263110712
Toyama,13,1,random,disklavier,RANDOM_P13_D1,0.885172270294316,0.399418533123539,0.55045421284646,0.920965971459934,0.7340332458442694,0.8169425511197662,0.3018660812294182,0.2405949256342957,0.2677702044790652,0.4895718990120746,0.3902012248468941,0.4342745861733204,0.1888035126234906,0.1504811898512686,0.1674780915287244
Toyama,13,2,random,disklavier,RANDOM_P13_D2,0.8894431454057331,0.3324679360598743,0.484014477454381,0.9183098591549296,0.5916515426497277,0.7196467991169978,0.3422535211267605,0.220508166969147,0.2682119205298013,0.6394366197183099,0.4119782214156079,0.5011037527593818,0.2507042253521127,0.161524500907441,0.1964679911699779
Toyama,14,0,random,disklavier,RANDOM_P14_D0,0.852208745966396,0.4603916948194813,0.5978206569251904,0.918189730200174,0.8612244897959184,0.8887952822240942,0.2776327241079199,0.2604081632653061,0.2687447346251053,0.1766753698868581,0.1657142857142857,0.1710193765796124,0.0496083550913838,0.0465306122448979,0.0480202190395956
Toyama,14,1,random,disklavier,RANDOM_P14_D1,0.8839261434709306,0.391020089017202,0.5421920870029356,0.9264248704663212,0.7180722891566265,0.8090497737556561,0.3036269430051813,0.2353413654618474,0.265158371040724,0.4953367875647668,0.3839357429718875,0.4325791855203619,0.1844559585492228,0.1429718875502008,0.1610859728506787
Toyama,14,2,random,disklavier,RANDOM_P14_D2,0.8780279094260137,0.3207531290202349,0.4698609508881002,0.908,0.5684474123539232,0.6991786447638604,0.328,0.2053422370617696,0.2525667351129363,0.6386666666666667,0.3998330550918197,0.4917864476386037,0.2346666666666666,0.1469115191986644,0.1806981519507187
Toyama,15,0,random,disklavier,RANDOM_P15_D0,0.8403736366734833,0.4427466780391452,0.5799497236269552,0.9201954397394136,0.8528301886792453,0.8852330591461026,0.252442996742671,0.2339622641509434,0.2428515471993733,0.1791530944625407,0.1660377358490566,0.172346259302781,0.0480456026058631,0.0445283018867924,0.0462201331766549
Toyama,15,1,random,disklavier,RANDOM_P15_D1,0.8811159806998382,0.357723394701392,0.5088566056265496,0.9236180904522612,0.687874251497006,0.7885027885027884,0.2783919597989949,0.2073353293413173,0.2376662376662376,0.5015075376884423,0.373502994011976,0.4281424281424282,0.1798994974874372,0.1339820359281437,0.1535821535821535
Toyama,15,2,random,disklavier,RANDOM_P15_D2,0.8820969084042758,0.3092788132455087,0.4579812733148891,0.9130982367758188,0.5650818394388153,0.6981222917669716,0.3123425692695214,0.1932969602494154,0.2388059701492537,0.6297229219143576,0.3897116134060795,0.4814636494944631,0.2267002518891687,0.1402961808261886,0.1733269138180067
Toyama,16,0,random,disklavier,RANDOM_P16_D0,0.8396854395027509,0.4207571787830003,0.5606025557448181,0.9124709527498064,0.8354609929078014,0.8722695298037765,0.2339271882261812,0.2141843971631205,0.2236208811551277,0.1618900077459333,0.1482269503546099,0.1547574972232506,0.0371804802478698,0.0340425531914893,0.0355423917067752
Toyama,16,1,random,disklavier,RANDOM_P16_D1,0.7675463588558032,0.4960125410318997,0.6026036773587438,0.8977272727272727,0.7739678096571029,0.8312664411875236,0.2686688311688311,0.2316305108467459,0.2487786546411123,0.2394480519480519,0.2064380685794261,0.2217211574596016,0.073051948051948,0.0629811056682995,0.0676437429537767
Toyama,16,2,random,disklavier,RANDOM_P16_D2,0.8870407069295995,0.2873560799006504,0.434089301186814,0.9120095124851368,0.5562001450326324,0.6909909909909911,0.2889417360285374,0.1762146482958665,0.2189189189189189,0.5921521997621879,0.3611312545322697,0.4486486486486486,0.2033293697978596,0.1240029006526468,0.154054054054054
Toyama,17,0,random,disklavier,RANDOM_P17_D0,0.8473002663763101,0.4315095283126297,0.571810037429594,0.9200293470286134,0.8365577051367579,0.8763102725366877,0.2391782831988261,0.2174783188792528,0.2278127183787561,0.169479090242113,0.1541027351567711,0.1614255765199161,0.0388848129126925,0.0353569046030687,0.037037037037037
Toyama,17,1,random,disklavier,RANDOM_P17_D1,0.8786823781467595,0.3412123012925271,0.4915461005050937,0.9179304192685104,0.6747540983606557,0.7777777777777778,0.2667261373773416,0.1960655737704918,0.2260015117157974,0.4834968777876895,0.3554098360655737,0.4096749811035525,0.1471900089206066,0.1081967213114754,0.1247165532879818
Toyama,17,2,random,disklavier,RANDOM_P17_D2,0.8848776574408344,0.2730792845966448,0.417358796129877,0.901123595505618,0.5481886534518113,0.6816829579260518,0.2595505617977528,0.1578947368421052,0.1963450913727157,0.6370786516853932,0.3875598086124402,0.4819379515512111,0.2,0.1216678058783321,0.1512962175945601
Toyama,18,0,random,disklavier,RANDOM_P18_D0,0.8263642676998428,0.4229920110759789,0.5595609345609346,0.9180555555555556,0.8267667292057536,0.8700230338927278,0.2270833333333333,0.2045028142589118,0.2152023692003948,0.175,0.1575984990619137,0.1658440276406712,0.0430555555555555,0.0387742338961851,0.0408028956893715
Toyama,18,1,random,disklavier,RANDOM_P18_D1,0.8867164889443423,0.3223477480173575,0.4728136927767243,0.91421143847487,0.65527950310559,0.7633863965267728,0.2599653379549393,0.186335403726708,0.2170767004341534,0.4818024263431542,0.3453416149068323,0.402315484804631,0.1542461005199306,0.1105590062111801,0.1287988422575977
Toyama,18,2,random,disklavier,RANDOM_P18_D2,0.8777920655331714,0.2585887590844892,0.399491360718453,0.8896982310093653,0.5466751918158568,0.6772277227722772,0.2351716961498439,0.1445012787723785,0.1790099009900989,0.6295525494276795,0.3868286445012788,0.4792079207920792,0.1800208116545265,0.1106138107416879,0.137029702970297
Toyama,19,0,random,disklavier,RANDOM_P19_D0,0.8489052330612091,0.3999104998715097,0.5436928878206865,0.906455862977602,0.8132387706855791,0.8573208722741433,0.2154150197628458,0.1932624113475177,0.2037383177570093,0.1772068511198946,0.158983451536643,0.167601246105919,0.0474308300395256,0.0425531914893617,0.0448598130841121
Toyama,19,1,random,disklavier,RANDOM_P19_D1,0.8781416973990093,0.3196634515270067,0.4687069615154743,0.9197952218430034,0.6330005871990605,0.7499130434782609,0.2551194539249147,0.1755725190839694,0.208,0.4598976109215017,0.3165002935995302,0.3749565217391304,0.1476109215017065,0.1015854374633,0.1203478260869565
Toyama,19,2,random,disklavier,RANDOM_P19_D2,0.8852153887407922,0.2485924757808381,0.3881749138849309,0.9039256198347108,0.5274261603375527,0.6661591168633422,0.2427685950413223,0.1416515973477999,0.178911305671869,0.6167355371900827,0.3598553345388788,0.4545108488770461,0.1735537190082644,0.1012658227848101,0.1279025504377617
Toyama,20,0,random,disklavier,RANDOM_P20_D0,0.8409207734796302,0.3787299061762069,0.5222509214383144,0.9004410838059231,0.8019079685746352,0.8483229444939151,0.1940768746061751,0.1728395061728395,0.1828435737607598,0.1808443604284814,0.1610549943883277,0.1703769664588898,0.0409577819785759,0.0364758698092031,0.0385871178391213
Toyama,20,1,random,disklavier,RANDOM_P20_D1,0.8668770163434608,0.3087399725586915,0.4553176566248421,0.912280701754386,0.634498058790904,0.7484461890742558,0.233652312599681,0.1625069328896284,0.1916912005233889,0.4760765550239234,0.3311148086522462,0.3905789990186458,0.1403508771929824,0.0976150859678313,0.1151455675498855
Toyama,20,2,random,disklavier,RANDOM_P20_D2,0.8671310753463047,0.2278985004019411,0.3609361356076816,0.8938938938938938,0.5065229722064662,0.6466328747284575,0.2202202202202202,0.1247872943845717,0.1593048515568429,0.6386386386386387,0.3618831537152581,0.4619840695148444,0.1581581581581581,0.0896199659671015,0.114409847936278
Toyama,21,0,random,disklavier,RANDOM_P21_D0,0.8516782773907536,0.3503908285565398,0.4965109839394499,0.9016887816646562,0.7952127659574468,0.8451102317693613,0.1670687575392038,0.1473404255319149,0.1565856416054268,0.1773220747889023,0.1563829787234042,0.1661955907292255,0.0379975874547647,0.0335106382978723,0.0356133408705483
Toyama,21,1,random,disklavier,RANDOM_P21_D1,0.8745202521097171,0.2986899493297415,0.4452917464747488,0.897125567322239,0.6251976805482341,0.7368748058403232,0.2216338880484115,0.154454401686874,0.1820441130785958,0.4553706505295007,0.3173431734317343,0.3740292016154085,0.124054462934947,0.0864522930943595,0.1018949984467225
Toyama,21,2,random,disklavier,RANDOM_P21_D2,0.8702012106876643,0.2241543105210625,0.356482602985988,0.8927536231884058,0.4981132075471698,0.639446366782007,0.2193236714975845,0.1223719676549865,0.1570934256055363,0.633816425120773,0.3536388140161725,0.4539792387543252,0.1555555555555555,0.0867924528301886,0.1114186851211072
Toyama,22,0,random,disklavier,RANDOM_P22_D0,0.8384618089745394,0.3649590344294477,0.5085572746833182,0.9027373325567852,0.7844129554655871,0.8394259409694017,0.1741409435061153,0.1513157894736842,0.1619279718386136,0.1758881770529994,0.152834008097166,0.1635526672082318,0.0337798485730926,0.0293522267206477,0.0314107771459518
Toyama,22,1,random,disklavier,RANDOM_P22_D1,0.8765257051032104,0.283860623871185,0.4288418904583936,0.8948148148148148,0.6073403720462544,0.7235699311171009,0.2044444444444444,0.138763197586727,0.1653189577717879,0.4562962962962963,0.3097033685268979,0.3689727463312369,0.1207407407407407,0.0819507290095525,0.097634022162324
Toyama,22,2,random,disklavier,RANDOM_P22_D2,0.8803063904748423,0.2141812977391357,0.3445359269917973,0.9066037735849056,0.4903061224489796,0.6364238410596026,0.2179245283018868,0.1178571428571428,0.1529801324503311,0.6311320754716981,0.3413265306122449,0.443046357615894,0.1518867924528301,0.0821428571428571,0.1066225165562913
Toyama,23,0,random,disklavier,RANDOM_P23_D0,0.8493516466255956,0.3562033858607742,0.5019131008735291,0.9054726368159204,0.7905405405405406,0.8441123421798506,0.1647318960751796,0.1438223938223938,0.1535686678691059,0.1697070204532891,0.1481660231660231,0.158206647771193,0.0298507462686567,0.026061776061776,0.0278278794125225
Toyama,23,1,random,disklavier,RANDOM_P23_D1,0.8614529245797472,0.2659525020769819,0.4064297639455573,0.900939985538684,0.5999037072701011,0.7202312138728324,0.1858279103398409,0.123736157920077,0.1485549132947976,0.4685466377440347,0.3119884448724121,0.3745664739884393,0.1048445408532176,0.0698122291766971,0.0838150289017341
Toyama,23,2,random,disklavier,RANDOM_P23_D2,0.8862710075505399,0.1997935480092391,0.3260786445700357,0.8892825509300266,0.4883268482490272,0.6304552590266875,0.2001771479185119,0.1099221789883268,0.1419152276295133,0.6147032772364924,0.3375486381322957,0.4357927786499215,0.1364038972542072,0.0749027237354085,0.0967032967032966
Toyama,24,0,random,disklavier,RANDOM_P24_D0,0.85318574465604,0.333580003577303,0.4796324871662985,0.908698001080497,0.7787037037037037,0.8386935926202942,0.1545110750945434,0.1324074074074074,0.1426078284717028,0.1782820097244732,0.1527777777777778,0.1645474943904263,0.0324149108589951,0.0277777777777777,0.0299177262528047
Toyama,24,1,random,disklavier,RANDOM_P24_D1,0.882726900570713,0.2571248202574264,0.3982465289094583,0.8923611111111112,0.5954587581093606,0.7142857142857143,0.1763888888888889,0.1177015755329008,0.141189549749861,0.4597222222222222,0.3067655236329935,0.367982212340189,0.1090277777777777,0.0727525486561631,0.0872707059477487
Toyama,24,2,random,disklavier,RANDOM_P24_D2,0.8868034337261749,0.1924129222350836,0.316215445010333,0.8937823834196891,0.4825174825174825,0.6267029972752043,0.1882556131260794,0.1016317016317016,0.1320012110202846,0.6079447322970639,0.3282051282051282,0.426279140175598,0.1338514680483592,0.0722610722610722,0.0938540720557069
Edwards,1,0,random,disklavier,RANDOM_P01_D0,0.7998418858703464,0.9369422461693888,0.8629807692307693,0.9518072289156626,0.9404761904761904,0.9461077844311376,0.7108433734939759,0.7023809523809523,0.7065868263473053,0.2289156626506024,0.2261904761904762,0.2275449101796407,0.180722891566265,0.1785714285714285,0.1796407185628742
Edwards,1,1,random,disklavier,RANDOM_P01_D1,0.8344437558103501,0.9059634956682648,0.8687341210630318,0.9090909090909092,0.9411764705882352,0.92485549132948,0.6818181818181818,0.7058823529411765,0.6936416184971098,0.5340909090909091,0.5529411764705883,0.5433526011560694,0.4545454545454545,0.4705882352941176,0.4624277456647399
Edwards,1,2,random,disklavier,RANDOM_P01_D2,0.7645481785207381,0.8154066100412076,0.7891588328653399,0.945945945945946,0.8860759493670886,0.915032679738562,0.6216216216216216,0.5822784810126582,0.6013071895424836,0.7297297297297297,0.6835443037974683,0.7058823529411764,0.5,0.4683544303797468,0.4836601307189542
Edwards,2,0,random,disklavier,RANDOM_P02_D0,0.7922392886014551,0.7837360047142016,0.7879647066291445,0.9622641509433962,0.9329268292682928,0.9473684210526316,0.5911949685534591,0.573170731707317,0.5820433436532507,0.220125786163522,0.2134146341463414,0.2167182662538699,0.1257861635220125,0.1219512195121951,0.1238390092879257
Edwards,2,1,random,disklavier,RANDOM_P02_D1,0.7839017367047602,0.7330135891286971,0.7576040874008045,0.8982035928143712,0.8875739644970414,0.8928571428571429,0.5449101796407185,0.5384615384615384,0.5416666666666667,0.562874251497006,0.5562130177514792,0.5595238095238095,0.3532934131736527,0.3491124260355029,0.3511904761904762
Edwards,2,2,random,disklavier,RANDOM_P02_D2,0.7886353263350069,0.7272000336686166,0.7566727244859978,0.9261744966442952,0.8625,0.8932038834951456,0.5704697986577181,0.53125,0.5501618122977346,0.7785234899328859,0.725,0.7508090614886731,0.4832214765100671,0.45,0.4660194174757281
Edwards,3,0,random,disklavier,RANDOM_P03_D0,0.7908730278896526,0.7332734368419574,0.7609848484848485,0.9508196721311476,0.9206349206349206,0.9354838709677418,0.4549180327868852,0.4404761904761904,0.4475806451612903,0.2049180327868852,0.1984126984126984,0.2016129032258064,0.081967213114754,0.0793650793650793,0.0806451612903225
Edwards,3,1,random,disklavier,RANDOM_P03_D1,0.7834972577136379,0.7176615868204653,0.7491357590672058,0.9031007751937984,0.9031007751937984,0.9031007751937984,0.4534883720930232,0.4534883720930232,0.4534883720930232,0.5968992248062015,0.5968992248062015,0.5968992248062015,0.3255813953488372,0.3255813953488372,0.3255813953488372
Edwards,3,2,random,disklavier,RANDOM_P03_D2,0.8311032474473811,0.6325431336793379,0.7183547328511805,0.9502487562189056,0.799163179916318,0.8681818181818183,0.5074626865671642,0.4267782426778242,0.4636363636363637,0.7860696517412935,0.6610878661087866,0.7181818181818181,0.4228855721393035,0.3556485355648535,0.3863636363636363
Edwards,4,0,random,disklavier,RANDOM_P04_D0,0.7701096257921273,0.7005385845325255,0.7336785281480667,0.945619335347432,0.9260355029585798,0.9357249626307922,0.4259818731117825,0.4171597633136095,0.42152466367713,0.1903323262839879,0.1863905325443787,0.1883408071748878,0.0845921450151057,0.0828402366863905,0.0837070254110613
Edwards,4,1,random,disklavier,RANDOM_P04_D1,0.7529905128557679,0.6914772727272728,0.7209241097874022,0.9043478260869564,0.9096209912536444,0.9069767441860466,0.3826086956521739,0.3848396501457726,0.3837209302325581,0.6115942028985507,0.6151603498542274,0.6133720930232558,0.2869565217391304,0.2886297376093295,0.2877906976744185
Edwards,4,2,random,disklavier,RANDOM_P04_D2,0.7914186929660488,0.5878786602951392,0.6746306876517412,0.9365671641791044,0.7770897832817337,0.8494077834179358,0.4701492537313433,0.3900928792569659,0.4263959390862945,0.7425373134328358,0.6160990712074303,0.673434856175973,0.3843283582089552,0.3188854489164087,0.3485617597292724
Edwards,5,0,random,disklavier,RANDOM_P05_D0,0.7396701606267664,0.6963257333378238,0.7173437879471256,0.9322033898305084,0.9144893111638956,0.9232613908872902,0.3365617433414044,0.3301662707838479,0.3333333333333333,0.162227602905569,0.1591448931116389,0.1606714628297362,0.0702179176755447,0.0688836104513064,0.0695443645083932
Edwards,5,1,random,disklavier,RANDOM_P05_D1,0.7486833705713374,0.6319777721646881,0.6853980805931715,0.9049881235154394,0.8943661971830986,0.8996458087367178,0.3491686460807601,0.3450704225352112,0.3471074380165289,0.6128266033254157,0.6056338028169014,0.6092089728453366,0.2422802850356294,0.2394366197183098,0.2408500590318772
Edwards,5,2,random,disklavier,RANDOM_P05_D2,0.7658265660611157,0.5827286043809876,0.661847666035607,0.913946587537092,0.7586206896551724,0.82907133243607,0.4035608308605341,0.334975369458128,0.3660834454912516,0.7359050445103857,0.6108374384236454,0.6675639300134589,0.3412462908011869,0.2832512315270936,0.3095558546433378
Edwards,6,0,random,disklavier,RANDOM_P06_D0,0.7162309368191722,0.6641600493841017,0.6892133882685224,0.9411764705882352,0.911591355599214,0.9261477045908184,0.2758620689655172,0.2671905697445972,0.2714570858283433,0.178498985801217,0.1728880157170923,0.1756487025948103,0.0547667342799188,0.0530451866404715,0.0538922155688622
Edwards,6,1,random,disklavier,RANDOM_P06_D1,0.7454908066688827,0.5978338641114493,0.6635471815633759,0.8947368421052632,0.8735177865612648,0.884,0.2874493927125506,0.2806324110671936,0.284,0.5991902834008097,0.5849802371541502,0.592,0.2105263157894736,0.2055335968379446,0.208
Edwards,6,2,random,disklavier,RANDOM_P06_D2,0.7618662936181112,0.5425424442261821,0.6337657654704442,0.8832116788321168,0.7393075356415478,0.8048780487804877,0.3357664233576642,0.2810590631364562,0.3059866962305986,0.708029197080292,0.5926680244399185,0.6452328159645232,0.2773722627737226,0.2321792260692464,0.2527716186252771
Edwards,7,0,random,disklavier,RANDOM_P07_D0,0.6804148125989355,0.6565439107112789,0.6682662586074981,0.9196581196581196,0.8981636060100167,0.9087837837837838,0.2615384615384615,0.2554257095158597,0.2584459459459459,0.2051282051282051,0.2003338898163606,0.2027027027027027,0.0615384615384615,0.0601001669449081,0.0608108108108108
Edwards,7,1,random,disklavier,RANDOM_P07_D1,0.7050869191426115,0.5819362597714973,0.637619665693748,0.8871527777777778,0.8460264900662252,0.8661016949152542,0.2725694444444444,0.2599337748344371,0.2661016949152542,0.5711805555555556,0.5447019867549668,0.5576271186440679,0.1892361111111111,0.1804635761589404,0.1847457627118644
Edwards,7,2,random,disklavier,RANDOM_P07_D2,0.742826761187417,0.5039557532764218,0.6005086142053799,0.9002217294900222,0.7012089810017271,0.7883495145631068,0.3170731707317073,0.2469775474956822,0.2776699029126214,0.7427937915742794,0.5785837651122625,0.6504854368932039,0.2660753880266075,0.2072538860103626,0.233009708737864
Edwards,8,0,random,disklavier,RANDOM_P08_D0,0.6770842721946823,0.6325173132380492,0.654042465201824,0.908148148148148,0.8909883720930233,0.8994864269992663,0.2325925925925926,0.2281976744186046,0.2303741746148202,0.1896296296296296,0.1860465116279069,0.1878209831254585,0.0459259259259259,0.0450581395348837,0.0454878943506969
Edwards,8,1,random,disklavier,RANDOM_P08_D1,0.7149972689676698,0.5785070920493287,0.6395509800500203,0.8921417565485362,0.8271428571428572,0.8584136397331358,0.2557781201848998,0.2371428571428571,0.246108228317272,0.6024653312788906,0.5585714285714286,0.5796886582653816,0.1802773497688752,0.1671428571428571,0.173461823573017
Edwards,8,2,random,disklavier,RANDOM_P08_D2,0.7022047172800941,0.4896870330225412,0.576999621806278,0.918200408997955,0.6731634182908546,0.7768166089965398,0.3190184049079754,0.2338830584707646,0.2698961937716262,0.7198364008179959,0.527736131934033,0.6089965397923875,0.261758691206544,0.191904047976012,0.2214532871972318
Edwards,9,0,random,disklavier,RANDOM_P09_D0,0.6743691819569577,0.6320543871625349,0.6525265007433725,0.910904255319149,0.8850129198966409,0.8977719528178245,0.2207446808510638,0.2144702842377261,0.2175622542595019,0.1875,0.1821705426356589,0.1847968545216251,0.0545212765957446,0.0529715762273901,0.0537352555701179
Edwards,9,1,random,disklavier,RANDOM_P09_D1,0.636661557164755,0.5632294628161005,0.597698525726592,0.8596491228070176,0.8114649681528663,0.8348623853211009,0.2064777327935222,0.1949044585987261,0.200524246395806,0.5560053981106613,0.5248407643312102,0.5399737876802098,0.136302294197031,0.1286624203821656,0.1323722149410222
Edwards,9,2,random,disklavier,RANDOM_P09_D2,0.6612269177054777,0.4781917480267834,0.5550080319541527,0.8961748633879781,0.6507936507936508,0.7540229885057472,0.24408014571949,0.1772486772486772,0.2053639846743295,0.7194899817850637,0.5224867724867724,0.6053639846743294,0.2040072859744991,0.1481481481481481,0.171647509578544
Edwards,10,0,random,disklavier,RANDOM_P10_D0,0.634533610014968,0.6279488625365057,0.631224064196006,0.8744239631336406,0.8805104408352669,0.877456647398844,0.1912442396313364,0.1925754060324826,0.1919075144508671,0.1820276497695852,0.1832946635730858,0.1826589595375722,0.0460829493087557,0.0464037122969837,0.0462427745664739
Edwards,10,1,random,disklavier,RANDOM_P10_D1,0.6159203886948951,0.5537627620803138,0.5831900296062545,0.885678391959799,0.8011363636363636,0.8412887828162292,0.207286432160804,0.1875,0.1968973747016706,0.5527638190954773,0.5,0.5250596658711217,0.1331658291457286,0.1204545454545454,0.1264916467780429
Edwards,10,2,random,disklavier,RANDOM_P10_D2,0.6602330134635372,0.4598091037640563,0.5420888117092533,0.8873949579831932,0.6308243727598566,0.7374301675977653,0.2504201680672269,0.1780167264038231,0.2081005586592179,0.7260504201680672,0.5161290322580645,0.6033519553072625,0.2067226890756302,0.1469534050179211,0.1717877094972067
Edwards,11,0,random,disklavier,RANDOM_P11_D0,0.6318405276703293,0.6274793388429752,0.6296523815739966,0.8736951983298539,0.8755230125523012,0.8746081504702194,0.1920668058455114,0.1924686192468619,0.1922675026123302,0.1774530271398747,0.1778242677824267,0.1776384535005224,0.0323590814196242,0.0324267782426778,0.0323928944618599
Edwards,11,1,random,disklavier,RANDOM_P11_D1,0.6381076450853023,0.5471363212094319,0.5891308108642463,0.8724137931034482,0.7840909090909091,0.8258977149075082,0.2103448275862069,0.1890495867768595,0.1991294885745375,0.5448275862068965,0.4896694214876033,0.5157780195865072,0.1379310344827586,0.1239669421487603,0.1305767138193689
Edwards,11,2,random,disklavier,RANDOM_P11_D2,0.6614760782386255,0.4532102648879909,0.5378871832137343,0.8883720930232558,0.6181229773462783,0.7290076335877863,0.2558139534883721,0.1779935275080906,0.2099236641221374,0.710077519379845,0.4940668824163969,0.5826972010178118,0.213953488372093,0.1488673139158576,0.1755725190839694
Edwards,12,0,random,disklavier,RANDOM_P12_D0,0.6393056166866845,0.6010492428758794,0.6195874574335023,0.8776493256262042,0.8701050620821394,0.8738609112709832,0.2052023121387283,0.2034383954154728,0.2043165467625899,0.1801541425818882,0.1786055396370582,0.1793764988009592,0.0404624277456647,0.0401146131805157,0.0402877697841726
Edwards,12,1,random,disklavier,RANDOM_P12_D1,0.6256129887342611,0.5297327628533351,0.5736944054084849,0.8566844919786096,0.7585227272727273,0.8046207935710697,0.1871657754010695,0.1657196969696969,0.1757910597689603,0.5272727272727272,0.4668560606060606,0.4952285283776996,0.1176470588235294,0.1041666666666666,0.1104972375690607
Edwards,12,2,random,disklavier,RANDOM_P12_D2,0.6396164615686639,0.4341733354841877,0.5172416674325917,0.8587570621468926,0.5990147783251232,0.7057457922228673,0.2387005649717514,0.1665024630541872,0.1961694718514219,0.690677966101695,0.4817733990147783,0.567614625652931,0.1977401129943503,0.1379310344827586,0.1625072547881602
Edwards,13,0,random,disklavier,RANDOM_P13_D0,0.575944616899531,0.6210899814170924,0.5976659854451202,0.8367875647668394,0.8507462686567164,0.8437091858946452,0.1744386873920552,0.1773485513608428,0.1758815846756639,0.1770293609671848,0.179982440737489,0.1784936874183718,0.0336787564766839,0.0342405618964003,0.0339573356552024
Edwards,13,1,random,disklavier,RANDOM_P13_D1,0.660463216848492,0.513134805778408,0.5775515261055884,0.8546747967479674,0.7357830271216098,0.7907851433944523,0.2113821138211382,0.1819772528433945,0.1955806299952985,0.508130081300813,0.4374453193350831,0.4701457451810061,0.1341463414634146,0.1154855643044619,0.1241184767277856
Edwards,13,2,random,disklavier,RANDOM_P13_D2,0.6580764348301735,0.4128203966152391,0.5073642331410384,0.8300653594771242,0.5762250453720508,0.6802356722013927,0.2261437908496732,0.1569872958257713,0.1853240492769148,0.657516339869281,0.4564428312159709,0.5388323513658275,0.1843137254901961,0.1279491833030853,0.1510444563470808
Edwards,14,0,random,disklavier,RANDOM_P14_D0,0.5572569560146617,0.6433809827235895,0.5972300498300867,0.8360258481421647,0.8448979591836735,0.8404384896467723,0.1744749596122778,0.1763265306122449,0.1753958587088916,0.165589660743134,0.1673469387755102,0.1664636622005684,0.0290791599353796,0.0293877551020408,0.0292326431181485
Edwards,14,1,random,disklavier,RANDOM_P14_D1,0.6063819251881614,0.5155960543726693,0.5573159790396193,0.8500477554918816,0.714859437751004,0.7766143106457243,0.1709646609360076,0.1437751004016064,0.156195462478185,0.498567335243553,0.4192771084337349,0.4554973821989529,0.1031518624641833,0.0867469879518072,0.094240837696335
Edwards,14,2,random,disklavier,RANDOM_P14_D2,0.6299117882919005,0.4060993351207723,0.4938301387487755,0.8284671532846716,0.5684474123539232,0.6742574257425742,0.1934306569343065,0.1327212020033389,0.1574257425742574,0.6374695863746959,0.4373956594323873,0.5188118811881188,0.1508515815085158,0.1035058430717863,0.1227722772277227
Edwards,15,0,random,disklavier,RANDOM_P15_D0,0.5598980797710286,0.630089558268989,0.5929236951396278,0.8247576435495898,0.8347169811320755,0.8297074268567141,0.1767337807606264,0.1788679245283018,0.177794448612153,0.1558538404175988,0.1577358490566037,0.1567891972993248,0.035048471290082,0.0354716981132075,0.0352588147036759
Edwards,15,1,random,disklavier,RANDOM_P15_D1,0.6185916044684765,0.4963628199371351,0.5507774424898091,0.8374205267938238,0.6901197604790419,0.756668034468609,0.2061762034514078,0.1699101796407185,0.1862946245383668,0.4931880108991825,0.406437125748503,0.4456298727944194,0.1335149863760218,0.1100299401197604,0.1206401313089864
Edwards,15,2,random,disklavier,RANDOM_P15_D2,0.6735459483194761,0.3958840625245464,0.4986695783994658,0.8368544600938967,0.5557287607170693,0.6679156908665105,0.1971830985915492,0.1309431021044427,0.1573770491803278,0.6467136150234741,0.4294621979734996,0.5161592505854801,0.1514084507042253,0.1005455962587685,0.1208430913348946
Edwards,16,0,random,disklavier,RANDOM_P16_D0,0.5251140594242255,0.6582173258836033,0.5841798439043068,0.8138888888888889,0.8312056737588652,0.8224561403508772,0.1534722222222222,0.1567375886524822,0.1550877192982456,0.1611111111111111,0.1645390070921985,0.1628070175438596,0.0291666666666666,0.0297872340425531,0.0294736842105263
Edwards,16,1,random,disklavier,RANDOM_P16_D1,0.5180582975264197,0.6336114384311085,0.5700378378250468,0.822962962962963,0.7774667599720084,0.7995681899964014,0.157037037037037,0.1483554933519944,0.1525728679381072,0.2259259259259259,0.2134359692092372,0.2195034184958618,0.0407407407407407,0.0384884534639608,0.0395825836631881
Edwards,16,2,random,disklavier,RANDOM_P16_D2,0.6489450305385897,0.3936096318592266,0.490009826400262,0.8324145534729879,0.5474981870920957,0.6605424321959755,0.2006615214994487,0.1319796954314721,0.1592300962379702,0.6317530319735392,0.4155184916606236,0.5013123359580053,0.1521499448732083,0.1000725163161711,0.1207349081364829
Edwards,17,0,random,disklavier,RANDOM_P17_D0,0.5505367091875147,0.6335572862256593,0.5891365800208098,0.8221925133689839,0.8205470313542361,0.8213689482470785,0.1544117647058823,0.1541027351567711,0.1542570951585976,0.1564171122994652,0.1561040693795864,0.1562604340567612,0.0381016042780748,0.0380253502334889,0.0380634390651085
Edwards,17,1,random,disklavier,RANDOM_P17_D1,0.6244980170112993,0.4959490912692517,0.5528493433509801,0.8168674698795181,0.6668852459016393,0.7342960288808664,0.1895582329317269,0.1547540983606557,0.1703971119133574,0.491566265060241,0.4013114754098361,0.4418772563176895,0.1156626506024096,0.0944262295081967,0.103971119133574
Edwards,17,2,random,disklavier,RANDOM_P17_D2,0.6407648962560168,0.3862623541761572,0.4819801172698009,0.8301486199575372,0.5345181134654818,0.6503118503118503,0.1889596602972399,0.1216678058783321,0.148024948024948,0.6443736730360934,0.4149008885850991,0.5047817047817048,0.1486199575371549,0.0956937799043062,0.1164241164241164
Edwards,18,0,random,disklavier,RANDOM_P18_D0,0.5466357931747337,0.6282951972908755,0.5846277718538507,0.805625,0.8061288305190745,0.8058768365114097,0.150625,0.1507191994996873,0.1506720850265708,0.1625,0.1626016260162601,0.1625507971241013,0.028125,0.0281425891181988,0.0281337918099406
Edwards,18,1,random,disklavier,RANDOM_P18_D1,0.5942450250253694,0.4846719287745025,0.5338944418832848,0.8267716535433071,0.6521739130434783,0.7291666666666666,0.1889763779527559,0.1490683229813664,0.1666666666666666,0.4795275590551181,0.3782608695652174,0.4229166666666666,0.1149606299212598,0.0906832298136646,0.1013888888888888
Edwards,18,2,random,disklavier,RANDOM_P18_D2,0.6381254591307377,0.3940587206420173,0.4872364970552434,0.8273453093812375,0.5300511508951407,0.6461418550272798,0.1716566866267465,0.1099744245524296,0.1340607950116913,0.6237524950099801,0.399616368286445,0.4871395167575994,0.1307385229540918,0.0837595907928388,0.1021044427123928
Edwards,19,0,random,disklavier,RANDOM_P19_D0,0.5684929550453137,0.6172850446171433,0.5918851576257468,0.797423887587822,0.8049645390070922,0.8011764705882353,0.1545667447306791,0.1560283687943262,0.1552941176470588,0.1639344262295081,0.1654846335697399,0.1647058823529411,0.0333723653395784,0.0336879432624113,0.0335294117647058
Edwards,19,1,random,disklavier,RANDOM_P19_D1,0.5957562950272123,0.4883896093538854,0.5367565067075695,0.8285714285714286,0.630064591896653,0.71581054036024,0.1652509652509652,0.1256605989430416,0.142761841227485,0.4849420849420849,0.368761009982384,0.418945963975984,0.0996138996138996,0.0757486788021139,0.086057371581054
Edwards,19,2,random,disklavier,RANDOM_P19_D2,0.6564279419090316,0.3794180313708466,0.4808834592798033,0.821969696969697,0.5232067510548524,0.6394106813996316,0.1808712121212121,0.1151295961422543,0.1406998158379374,0.6202651515151515,0.3948161543098252,0.4825046040515653,0.1363636363636363,0.0867992766726944,0.1060773480662983
Edwards,20,0,random,disklavier,RANDOM_P20_D0,0.5606074446220598,0.6199946963670114,0.5888074065634913,0.7945823927765236,0.7901234567901234,0.7923466516601012,0.1247178329571106,0.1240179573512906,0.1243669105233539,0.1501128668171557,0.1492704826038159,0.1496904895891952,0.0191873589164785,0.0190796857463524,0.0191333708497467
Edwards,20,1,random,disklavier,RANDOM_P20_D1,0.5842830371503475,0.4999621208932735,0.5388437924550983,0.8411985018726592,0.6228508042151969,0.715742511153601,0.1745318352059925,0.1292290626733222,0.1485022307202039,0.5026217228464419,0.3721575152523572,0.4276609305289993,0.1011235955056179,0.0748752079866888,0.0860420650095602
Edwards,20,2,random,disklavier,RANDOM_P20_D2,0.6494681184887662,0.3484429517207709,0.4535526160807957,0.8160073597056118,0.5031196823596142,0.6224561403508773,0.1738730450781968,0.1072036301758366,0.1326315789473684,0.6228150873965042,0.3840045377197958,0.4750877192982456,0.1370745170193192,0.0845150311968235,0.1045614035087719
Edwards,21,0,random,disklavier,RANDOM_P21_D0,0.5693018867924529,0.6047420531526837,0.5864870643574942,0.7744,0.7723404255319148,0.773368841544607,0.1450666666666666,0.1446808510638297,0.1448735019973368,0.1530666666666666,0.1526595744680851,0.1528628495339547,0.0282666666666666,0.0281914893617021,0.0282290279627163
Edwards,21,1,random,disklavier,RANDOM_P21_D1,0.6032000810147092,0.4775551600282214,0.5330740953706334,0.8216062544420754,0.6093832366895098,0.6997578692493946,0.1826581378820184,0.1354770690564048,0.1555690072639225,0.4747690120824449,0.3521349499209277,0.4043583535108958,0.1087420042643923,0.0806536636794939,0.0926150121065375
Edwards,21,2,random,disklavier,RANDOM_P21_D2,0.6291323675249831,0.3636454738226086,0.4608909029944014,0.814748201438849,0.4884097035040431,0.6107178968655207,0.1681654676258993,0.1008086253369272,0.1260532524435456,0.625,0.3746630727762803,0.4684866868891135,0.1232014388489208,0.0738544474393531,0.0923491742500842
Edwards,22,0,random,disklavier,RANDOM_P22_D0,0.552392035354004,0.5921773172047743,0.5715932071917333,0.7812987012987013,0.7611336032388664,0.7710843373493975,0.1303896103896104,0.1270242914979757,0.1286849525762625,0.1532467532467532,0.1492914979757085,0.151243270956165,0.0264935064935064,0.0258097165991902,0.0261471417585234
Edwards,22,1,random,disklavier,RANDOM_P22_D1,0.6020139694449244,0.4666750849481128,0.5257748625304739,0.811217510259918,0.596279537456008,0.687337003767024,0.1785225718194254,0.1312217194570135,0.1512605042016807,0.4822161422708618,0.3544494720965309,0.4085772239930455,0.1121751025991792,0.0824534942182001,0.0950449145175311
Edwards,22,2,random,disklavier,RANDOM_P22_D2,0.6538772014797032,0.3564726231841907,0.4614032002813433,0.8085836909871245,0.4806122448979592,0.6028800000000001,0.2,0.1188775510204081,0.14912,0.6042918454935622,0.3591836734693877,0.4505599999999999,0.1545064377682403,0.0918367346938775,0.1152
Edwards,23,0,random,disklavier,RANDOM_P23_D0,0.5907248044780414,0.5785386490225212,0.5845682242161254,0.7975062344139651,0.7717181467181468,0.7844002943340691,0.142643391521197,0.138030888030888,0.140299239636988,0.1665835411471321,0.1611969111969112,0.1638459651704684,0.0344139650872818,0.0333011583011583,0.0338484179543782
Edwards,23,1,random,disklavier,RANDOM_P23_D1,0.5974517508378597,0.4540959547346038,0.5160021210010293,0.82365003417635,0.5801636976408281,0.6807909604519774,0.1606288448393711,0.1131439576311988,0.1327683615819208,0.4805194805194805,0.3384689455946076,0.3971751412429378,0.0943267259056732,0.0664419836302359,0.0779661016949152
Edwards,23,2,random,disklavier,RANDOM_P23_D2,0.6495827350403048,0.3345034719807311,0.4416029381561621,0.805921052631579,0.4766536964980545,0.5990220048899756,0.1743421052631578,0.103112840466926,0.1295843520782396,0.6011513157894737,0.3555447470817121,0.4468215158924205,0.1241776315789473,0.0734435797665369,0.0922982885085574
Edwards,24,0,random,disklavier,RANDOM_P24_D0,0.5735908338029131,0.5890485425997173,0.5812169303014468,0.783745247148289,0.763425925925926,0.7734521575984991,0.1373574144486692,0.1337962962962963,0.1355534709193245,0.157319391634981,0.1532407407407407,0.1552532833020637,0.0289923954372623,0.0282407407407407,0.0286116322701688
Edwards,24,1,random,disklavier,RANDOM_P24_D1,0.5962447618827125,0.451611545610774,0.5139464572586037,0.7955696202531646,0.582483781278962,0.6725521669341894,0.1620253164556962,0.118628359592215,0.1369716425896201,0.4563291139240506,0.3341056533827618,0.3857677902621723,0.0949367088607595,0.0695088044485634,0.0802568218298555
Edwards,24,2,random,disklavier,RANDOM_P24_D2,0.650868672157838,0.3323336490231155,0.4400021362708605,0.8068091844813935,0.4750582750582751,0.5980046948356808,0.173396674584323,0.1020979020979021,0.1285211267605634,0.5954077593032462,0.3505827505827505,0.4413145539906103,0.1346001583531274,0.0792540792540792,0.0997652582159624
